craftsman,category,equipmentLevel,craftLevel,equipmentName,materialName,quantity
武器職人,片手剣,Lv1,Lv1,どうのつるぎ,どうのこうせき,1
武器職人,両手剣,Lv2,Lv1,どうの大剣,どうのこうせき,1
武器職人,短剣,Lv1,Lv1,ブロンズナイフ,どうのこうせき,1
武器職人,斧,Lv2,Lv1,どうのオノ,どうのこうせき,1
武器職人,爪,Lv2,Lv1,どうのツメ,どうのこうせき,1
武器職人,片手剣,Lv3,Lv7,せいどうのつるぎ,どうのこうせき,1
武器職人,片手剣,Lv3,Lv7,せいどうのつるぎ,てっこうせき,1
武器職人,片手剣,Lv5,Lv7,レイピア,てっこうせき,1
武器職人,片手剣,Lv5,Lv7,レイピア,かぜきりのはね,1
武器職人,片手剣,Lv7,Lv14,てつのつるぎ,てっこうせき,3
武器職人,片手剣,Lv7,Lv14,てつのつるぎ,どうのこうせき,2
武器職人,片手剣,Lv9,Lv14,さんぞくのサーベル,てっこうせき,1
武器職人,片手剣,Lv9,Lv14,さんぞくのサーベル,けものの皮,1
武器職人,片手剣,Lv10,Lv21,ぎんのレイピア,ぎんのこうせき,1
武器職人,片手剣,Lv10,Lv21,ぎんのレイピア,てっこうせき,1
武器職人,片手剣,Lv14,Lv28,はがねのつるぎ,ぎんのこうせき,1
武器職人,片手剣,Lv14,Lv28,はがねのつるぎ,どうのこうせき,1
武器職人,片手剣,Lv14,Lv28,はがねのつるぎ,ブルーアイ,1
武器職人,両手剣,Lv4,Lv7,せいどうの大剣,どうのこうせき,1
武器職人,両手剣,Lv4,Lv7,せいどうの大剣,てっこうせき,1
武器職人,両手剣,Lv6,Lv7,ビッグブレード,どうのこうせき,1
武器職人,両手剣,Lv6,Lv7,ビッグブレード,大きなこうら,1
武器職人,両手剣,Lv8,Lv14,てつの大剣,てっこうせき,3
武器職人,両手剣,Lv8,Lv14,てつの大剣,どうのこうせき,2
武器職人,両手剣,Lv9,Lv14,ビッグブレードⅡ,てっこうせき,1
武器職人,両手剣,Lv9,Lv14,ビッグブレードⅡ,ブラックパール,1
武器職人,両手剣,Lv11,Lv21,シャドウエッジ,てっこうせき,1
武器職人,両手剣,Lv11,Lv21,シャドウエッジ,みがきずな,2
武器職人,両手剣,Lv15,Lv28,はがねの大剣,ぎんのこうせき,1
武器職人,両手剣,Lv15,Lv28,はがねの大剣,どうのこうせき,1
武器職人,両手剣,Lv15,Lv28,はがねの大剣,ブルーアイ,1
武器職人,短剣,Lv3,Lv7,聖なるナイフ,どうのこうせき,1
武器職人,短剣,Lv3,Lv7,聖なるナイフ,きよめの水,1
武器職人,短剣,Lv5,Lv7,どくがのナイフ,どうのこうせき,1
武器職人,短剣,Lv5,Lv7,どくがのナイフ,どくがのこな,1
武器職人,短剣,Lv7,Lv14,シーブスナイフ,てっこうせき,3
武器職人,短剣,Lv7,Lv14,シーブスナイフ,どうのこうせき,2
武器職人,短剣,Lv9,Lv14,アサシンダガー,てっこうせき,1
武器職人,短剣,Lv9,Lv14,アサシンダガー,するどいキバ,1
武器職人,短剣,Lv10,Lv21,ぎんの短剣,ぎんのこうせき,1
武器職人,短剣,Lv10,Lv21,ぎんの短剣,てっこうせき,1
武器職人,短剣,Lv14,Lv28,こあくまのナイフ,ぎんのこうせき,1
武器職人,短剣,Lv14,Lv28,こあくまのナイフ,こうもりのはね,1
武器職人,短剣,Lv14,Lv28,こあくまのナイフ,あやかしそう,1
武器職人,槍,Lv3,Lv7,せいどうのやり,どうのこうせき,1
武器職人,槍,Lv3,Lv7,せいどうのやり,てっこうせき,1
武器職人,槍,Lv5,Lv7,ロングスピア,てっこうせき,1
武器職人,槍,Lv5,Lv7,ロングスピア,するどいキバ,1
武器職人,槍,Lv7,Lv14,てつのやり,てっこうせき,3
武器職人,槍,Lv7,Lv14,てつのやり,どうのこうせき,2
武器職人,槍,Lv9,Lv14,近衛兵のやり,てっこうせき,1
武器職人,槍,Lv9,Lv14,近衛兵のやり,じょうぶな枝,1
武器職人,槍,Lv10,Lv21,ホーリーランス,てっこうせき,3
武器職人,槍,Lv10,Lv21,ホーリーランス,きよめの水,2
武器職人,槍,Lv14,Lv28,はがねのやり,ぎんのこうせき,1
武器職人,槍,Lv14,Lv28,はがねのやり,どうのこうせき,1
武器職人,槍,Lv14,Lv28,はがねのやり,ブルーアイ,1
武器職人,斧,Lv4,Lv7,せいどうのオノ,どうのこうせき,1
武器職人,斧,Lv4,Lv7,せいどうのオノ,てっこうせき,1
武器職人,斧,Lv6,Lv7,さんぞくのオノ,てっこうせき,1
武器職人,斧,Lv6,Lv7,さんぞくのオノ,けものの皮,1
武器職人,斧,Lv7,Lv14,てつのオノ,てっこうせき,3
武器職人,斧,Lv7,Lv14,てつのオノ,どうのこうせき,2
武器職人,斧,Lv9,Lv14,ライトアックス,てっこうせき,1
武器職人,斧,Lv9,Lv14,ライトアックス,しなやかな枝,1
武器職人,斧,Lv11,Lv21,シルバーアックス,ぎんのこうせき,1
武器職人,斧,Lv11,Lv21,シルバーアックス,てっこうせき,2
武器職人,斧,Lv15,Lv28,はがねのオノ,ぎんのこうせき,1
武器職人,斧,Lv15,Lv28,はがねのオノ,どうのこうせき,1
武器職人,斧,Lv15,Lv28,はがねのオノ,レッドアイ,1
武器職人,爪,Lv3,Lv7,せいどうのツメ,どうのこうせき,1
武器職人,爪,Lv3,Lv7,せいどうのツメ,てっこうせき,1
武器職人,爪,Lv5,Lv7,キャットクロー,てっこうせき,1
武器職人,爪,Lv5,Lv7,キャットクロー,ネコずな,1
武器職人,爪,Lv7,Lv14,てつのツメ,てっこうせき,3
武器職人,爪,Lv7,Lv14,てつのツメ,どうのこうせき,2
武器職人,爪,Lv9,Lv14,まよけのツメ,てっこうせき,1
武器職人,爪,Lv9,Lv14,まよけのツメ,ひかりの石,1
武器職人,爪,Lv10,Lv21,シルバークロー,ぎんのこうせき,1
武器職人,爪,Lv10,Lv21,シルバークロー,てっこうせき,2
武器職人,爪,Lv14,Lv28,はがねのツメ,ぎんのこうせき,1
武器職人,爪,Lv14,Lv28,はがねのツメ,どうのこうせき,1
武器職人,爪,Lv14,Lv28,はがねのツメ,けものの皮,1
武器職人,鞭,Lv5,Lv7,バトルリボン,てっこうせき,1
武器職人,鞭,Lv5,Lv7,バトルリボン,シルク草,1
武器職人,鞭,Lv7,Lv14,てつのムチ,てっこうせき,3
武器職人,鞭,Lv7,Lv14,てつのムチ,どうのこうせき,2
武器職人,鞭,Lv9,Lv14,へびかわのムチ,てっこうせき,1
武器職人,鞭,Lv9,Lv14,へびかわのムチ,ヘビのぬけがら,1
武器職人,鞭,Lv10,Lv21,ローズウィップ,ぎんのこうせき,1
武器職人,鞭,Lv10,Lv21,ローズウィップ,あやかしそう,1
武器職人,鞭,Lv14,Lv28,はがねのムチ,ぎんのこうせき,1
武器職人,鞭,Lv14,Lv28,はがねのムチ,どうのこうせき,1
武器職人,鞭,Lv14,Lv28,はがねのムチ,けものの皮,1
武器職人,ハンマー,Lv6,Lv7,せいどうのかなづち,てっこうせき,1
武器職人,ハンマー,Lv6,Lv7,せいどうのかなづち,どうのこうせき,1
武器職人,ハンマー,Lv8,Lv14,てつのかなぼう,てっこうせき,1
武器職人,ハンマー,Lv8,Lv14,てつのかなぼう,するどいキバ,1
武器職人,ハンマー,Lv9,Lv14,おおかなづち,てっこうせき,1
武器職人,ハンマー,Lv9,Lv14,おおかなづち,つけもの石,1
武器職人,ハンマー,Lv11,Lv21,ぎんのかなづち,ぎんのこうせき,1
武器職人,ハンマー,Lv11,Lv21,ぎんのかなづち,てっこうせき,1
武器職人,ハンマー,Lv15,Lv28,はがねのかなづち,ぎんのこうせき,1
武器職人,ハンマー,Lv15,Lv28,はがねのかなづち,どうのこうせき,1
武器職人,ハンマー,Lv15,Lv28,はがねのかなづち,つけもの石,1
武器職人,ブーメラン,Lv3,Lv7,ブロンズブーメラン,どうのこうせき,1
武器職人,ブーメラン,Lv3,Lv7,ブロンズブーメラン,てっこうせき,1
武器職人,ブーメラン,Lv5,Lv7,やいばのブーメラン,てっこうせき,1
武器職人,ブーメラン,Lv5,Lv7,やいばのブーメラン,みがきずな,1
武器職人,ブーメラン,Lv7,Lv14,アイアンウィング,てっこうせき,1
武器職人,ブーメラン,Lv7,Lv14,アイアンウィング,するどい爪,1
武器職人,ブーメラン,Lv9,Lv14,クロスブーメラン,てっこうせき,1
武器職人,ブーメラン,Lv9,Lv14,クロスブーメラン,レッドベリー,1
武器職人,ブーメラン,Lv10,Lv21,シルバーサークル,ぎんのこうせき,1
武器職人,ブーメラン,Lv10,Lv21,シルバーサークル,かがみ石,1
武器職人,ブーメラン,Lv14,Lv28,はがねのブーメラン,ぎんのこうせき,1
武器職人,ブーメラン,Lv14,Lv28,はがねのブーメラン,どうのこうせき,1
武器職人,ブーメラン,Lv14,Lv28,はがねのブーメラン,小さなホネ,1
武器職人,片手剣,Lv12,Lv21,バスタードソード,ぎんのこうせき,1
武器職人,片手剣,Lv12,Lv21,バスタードソード,レッドアイ,1
武器職人,片手剣,Lv16,Lv28,ウェスタンレイピア,ぎんのこうせき,1
武器職人,片手剣,Lv16,Lv28,ウェスタンレイピア,てっこうせき,1
武器職人,片手剣,Lv16,Lv28,ウェスタンレイピア,みがきずな,1
武器職人,片手剣,Lv17,Lv35,戦士の剣,ぎんのこうせき,2
武器職人,片手剣,Lv17,Lv35,戦士の剣,てっこうせき,1
武器職人,片手剣,Lv17,Lv35,戦士の剣,するどいキバ,1
武器職人,片手剣,Lv20,Lv35,はじゃのつるぎ,ぎんのこうせき,1
武器職人,片手剣,Lv20,Lv35,はじゃのつるぎ,ホカホカストーン,1
武器職人,片手剣,Lv20,Lv35,はじゃのつるぎ,レッドアイ,1
武器職人,片手剣,Lv23,Lv35,はやぶさの剣,ぎんのこうせき,1
武器職人,片手剣,Lv23,Lv35,はやぶさの剣,ひかりの石,1
武器職人,片手剣,Lv23,Lv35,はやぶさの剣,てっこうせき,1
武器職人,片手剣,Lv25,Lv42,プラチナソード,プラチナこうせき,4
武器職人,片手剣,Lv25,Lv42,プラチナソード,まじゅうのホネ,1
武器職人,片手剣,Lv25,Lv42,プラチナソード,レッドベリー,3
武器職人,片手剣,Lv25,Lv42,プラチナソード,ようせいのひだね,4
武器職人,片手剣,Lv27,Lv42,まけんしのレイピア,プラチナこうせき,5
武器職人,片手剣,Lv27,Lv42,まけんしのレイピア,あやかしそう,2
武器職人,片手剣,Lv27,Lv42,まけんしのレイピア,暗黒の樹木,2
武器職人,片手剣,Lv27,Lv42,まけんしのレイピア,ようせいのひだね,5
武器職人,片手剣,Lv29,Lv42,ゾンビキラー,プラチナこうせき,6
武器職人,片手剣,Lv29,Lv42,ゾンビキラー,せいじゃのはい,1
武器職人,片手剣,Lv29,Lv42,ゾンビキラー,イエローアイ,1
武器職人,片手剣,Lv29,Lv42,ゾンビキラー,ようせいのひだね,6
武器職人,片手剣,Lv30,Lv42,ドラゴンキラー,プラチナこうせき,6
武器職人,片手剣,Lv30,Lv42,ドラゴンキラー,ドラゴンのツノ,1
武器職人,片手剣,Lv30,Lv42,ドラゴンキラー,レッドアイ,1
武器職人,片手剣,Lv30,Lv42,ドラゴンキラー,ようせいのひだね,8
武器職人,片手剣,Lv30,Lv50,ほのおのつるぎ,プラチナこうせき,10
武器職人,片手剣,Lv30,Lv50,ほのおのつるぎ,レッドオーブ,1
武器職人,片手剣,Lv30,Lv50,ほのおのつるぎ,ようがんのカケラ,30
武器職人,片手剣,Lv30,Lv50,ほのおのつるぎ,ようせいのひだね,10
武器職人,片手剣,Lv30,Lv50,きせきのつるぎ,プラチナこうせき,12
武器職人,片手剣,Lv30,Lv50,きせきのつるぎ,きよめの水,30
武器職人,片手剣,Lv30,Lv50,きせきのつるぎ,ブルーオーブ,1
武器職人,片手剣,Lv30,Lv50,きせきのつるぎ,ようせいのひだね,10
武器職人,片手剣,Lv33,Lv60,メタスラの剣,ひかりの石,15
武器職人,片手剣,Lv33,Lv60,メタスラの剣,ドラゴンのツノ,3
武器職人,片手剣,Lv33,Lv60,メタスラの剣,メタルのカケラ,1
武器職人,片手剣,Lv33,Lv60,メタスラの剣,ようせいのひだね,12
武器職人,片手剣,Lv34,Lv60,オニキスの魔剣,げんませき,1
武器職人,片手剣,Lv34,Lv60,オニキスの魔剣,よごれたほうたい,10
武器職人,片手剣,Lv34,Lv60,オニキスの魔剣,パープルオーブ,1
武器職人,片手剣,Lv34,Lv60,オニキスの魔剣,ようせいのひだね,12
武器職人,片手剣,Lv35,Lv65,ほしくずのつるぎ,ほしのカケラ,30
武器職人,片手剣,Lv35,Lv65,ほしくずのつるぎ,氷のけっしょう,30
武器職人,片手剣,Lv35,Lv65,ほしくずのつるぎ,かがみ石,5
武器職人,片手剣,Lv35,Lv65,ほしくずのつるぎ,グリーンオーブ,1
武器職人,片手剣,Lv35,Lv65,ほしくずのつるぎ,ようせいのひだね,10
武器職人,片手剣,Lv36,Lv70,聖王のつるぎ,幻獣のホネ,1
武器職人,片手剣,Lv36,Lv70,聖王のつるぎ,黄金の飾り片手剣,1
武器職人,片手剣,Lv36,Lv70,聖王のつるぎ,ドラゴンのツノ,1
武器職人,片手剣,Lv36,Lv70,聖王のつるぎ,虹色のオーブ,1
武器職人,片手剣,Lv36,Lv70,聖王のつるぎ,ようせいのひだね,5
武器職人,片手剣,Lv37,Lv75,ライトニングソード,マデュライト,10
武器職人,片手剣,Lv37,Lv75,ライトニングソード,メタルのカケラ,1
武器職人,片手剣,Lv37,Lv75,ライトニングソード,いかずちのたま,1
武器職人,片手剣,Lv37,Lv75,ライトニングソード,虹色のオーブ,1
武器職人,片手剣,Lv37,Lv75,ライトニングソード,ようせいのひだね,10
武器職人,片手剣,Lv38,Lv80,名刀 斬鉄丸,かがみ石,30
武器職人,片手剣,Lv38,Lv80,名刀 斬鉄丸,ヘビーメタル,5
武器職人,片手剣,Lv38,Lv80,名刀 斬鉄丸,シャークスキン,10
武器職人,片手剣,Lv38,Lv80,名刀 斬鉄丸,虹色のオーブ,1
武器職人,片手剣,Lv38,Lv80,名刀 斬鉄丸,ようせいのひだね,10
武器職人,片手剣,Lv39,Lv80,天命のつるぎ,マデュライト,15
武器職人,片手剣,Lv39,Lv80,天命のつるぎ,せいじゃのはい,5
武器職人,片手剣,Lv39,Lv80,天命のつるぎ,天使のソーマ,3
武器職人,片手剣,Lv39,Lv80,天命のつるぎ,虹色のオーブ,1
武器職人,片手剣,Lv39,Lv80,天命のつるぎ,ようせいのひだね,10
武器職人,片手剣,Lv40,Lv85,戦姫のレイピア,ナドラダイト鉱石,3
武器職人,片手剣,Lv40,Lv85,戦姫のレイピア,ちょうのはね,20
武器職人,片手剣,Lv40,Lv85,戦姫のレイピア,大きな化石,20
武器職人,片手剣,Lv40,Lv85,戦姫のレイピア,虹色のオーブ,1
武器職人,片手剣,Lv40,Lv85,戦姫のレイピア,ようせいのひだね,5
武器職人,片手剣,Lv41,Lv90,はやぶさの剣改,ナドラダイト鉱石,5
武器職人,片手剣,Lv41,Lv90,はやぶさの剣改,メタルのカケラ,1
武器職人,片手剣,Lv41,Lv90,はやぶさの剣改,かぜきりのはね,1
武器職人,片手剣,Lv41,Lv90,はやぶさの剣改,黄金の飾り片手剣,1
武器職人,片手剣,Lv41,Lv90,はやぶさの剣改,ようせいのひだね,5
武器職人,片手剣,Lv42,Lv93,セイクリッドソード,ナドラダイト鉱石,5
武器職人,片手剣,Lv42,Lv93,セイクリッドソード,人魚の涙,1
武器職人,片手剣,Lv42,Lv93,セイクリッドソード,せいれいせき,1
武器職人,片手剣,Lv42,Lv93,セイクリッドソード,きよめの水,30
武器職人,片手剣,Lv42,Lv93,セイクリッドソード,ようせいのひだね,5
武器職人,片手剣,Lv43,Lv96,天恵石のつるぎ,アステライト鉱石,5
武器職人,片手剣,Lv43,Lv96,天恵石のつるぎ,せいれいせき,1
武器職人,片手剣,Lv43,Lv96,天恵石のつるぎ,かがみ石,20
武器職人,片手剣,Lv43,Lv96,天恵石のつるぎ,緑の宝石,10
武器職人,片手剣,Lv43,Lv96,天恵石のつるぎ,ようせいのひだね,5
武器職人,片手剣,Lv44,Lv99,アカシックソード,アステライト鉱石,5
武器職人,片手剣,Lv44,Lv99,アカシックソード,炎魔の焼け石,1
武器職人,片手剣,Lv44,Lv99,アカシックソード,ぎんのこうせき,30
武器職人,片手剣,Lv44,Lv99,アカシックソード,赤いサンゴ,30
武器職人,片手剣,Lv44,Lv99,アカシックソード,ようせいのひだね,5
武器職人,片手剣,Lv45,Lv100,邪紋のつるぎ,アステライト鉱石,10
武器職人,片手剣,Lv45,Lv100,邪紋のつるぎ,幻獣のホネ,1
武器職人,片手剣,Lv45,Lv100,邪紋のつるぎ,ナドラダイト鉱石,5
武器職人,片手剣,Lv45,Lv100,邪紋のつるぎ,緑の宝石,30
武器職人,片手剣,Lv45,Lv100,邪紋のつるぎ,ようせいのひだね,5
武器職人,片手剣,Lv60,Lv105,呪印のつるぎ,デモニウム鉱石,5
武器職人,片手剣,Lv60,Lv105,呪印のつるぎ,暗夜の魔石,1
武器職人,片手剣,Lv60,Lv105,呪印のつるぎ,幻獣のホネ,5
武器職人,片手剣,Lv60,Lv105,呪印のつるぎ,ひかりの石,20
武器職人,片手剣,Lv60,Lv105,呪印のつるぎ,ようせいのひだね,5
武器職人,片手剣,Lv65,Lv108,デッドリーソード,デモニウム鉱石,5
武器職人,片手剣,Lv65,Lv108,デッドリーソード,おぼろ水晶,1
武器職人,片手剣,Lv65,Lv108,デッドリーソード,ドラゴンのツノ,3
武器職人,片手剣,Lv65,Lv108,デッドリーソード,小さな化石,5
武器職人,片手剣,Lv65,Lv108,デッドリーソード,ようせいのひだね,5
武器職人,片手剣,Lv65,Lv110,鳴神のつるぎ,デモニウム鉱石,5
武器職人,片手剣,Lv65,Lv110,鳴神のつるぎ,たそがれゴケ,1
武器職人,片手剣,Lv65,Lv110,鳴神のつるぎ,いかずちのたま,1
武器職人,片手剣,Lv65,Lv110,鳴神のつるぎ,おうごんのかけら,5
武器職人,片手剣,Lv65,Lv110,鳴神のつるぎ,ようせいのひだね,5
武器職人,片手剣,Lv65,Lv115,輝天のつるぎ,フォレース鉱石,30
武器職人,片手剣,Lv65,Lv115,輝天のつるぎ,おぼろ水晶,3
武器職人,片手剣,Lv65,Lv115,輝天のつるぎ,青い宝石,20
武器職人,片手剣,Lv65,Lv115,輝天のつるぎ,ホワイトパール,30
武器職人,片手剣,Lv65,Lv115,輝天のつるぎ,超ようせいのひだね,6
武器職人,片手剣,Lv70,Lv118,妖精の剣,フォレース鉱石,30
武器職人,片手剣,Lv70,Lv118,妖精の剣,彼岸の砂,3
武器職人,片手剣,Lv70,Lv118,妖精の剣,黄色の宝石,20
武器職人,片手剣,Lv70,Lv118,妖精の剣,アステライト鉱石,5
武器職人,片手剣,Lv70,Lv118,妖精の剣,超ようせいのひだね,7
武器職人,片手剣,Lv70,Lv120,セーラスソード,フォレース鉱石,30
武器職人,片手剣,Lv70,Lv120,セーラスソード,純白の結晶,5
武器職人,片手剣,Lv70,Lv120,セーラスソード,ブルーアイ,30
武器職人,片手剣,Lv70,Lv120,セーラスソード,黄金の飾り片手剣,1
武器職人,片手剣,Lv70,Lv120,セーラスソード,超ようせいのひだね,8
武器職人,片手剣,Lv75,Lv125,コメットソード,ゼーラズマ鉱石,30
武器職人,片手剣,Lv75,Lv125,コメットソード,烈風石,3
武器職人,片手剣,Lv75,Lv125,コメットソード,純白の結晶,20
武器職人,片手剣,Lv75,Lv125,コメットソード,黄金の飾り片手剣,1
武器職人,片手剣,Lv75,Lv125,コメットソード,超ようせいのひだね,8
武器職人,片手剣,Lv75,Lv130,レオンソード,ゼーラズマ鉱石,30
武器職人,片手剣,Lv75,Lv130,レオンソード,純白の結晶,3
武器職人,片手剣,Lv75,Lv130,レオンソード,こんじきの雲,3
武器職人,片手剣,Lv75,Lv130,レオンソード,せいじゃのはい,10
武器職人,片手剣,Lv75,Lv130,レオンソード,超ようせいのひだね,8
武器職人,片手剣,Lv75,Lv132,守護竜のつるぎ,ゼーラズマ鉱石,30
武器職人,片手剣,Lv75,Lv132,守護竜のつるぎ,おぼろ水晶,6
武器職人,片手剣,Lv75,Lv132,守護竜のつるぎ,水竜のうろこ,6
武器職人,片手剣,Lv75,Lv132,守護竜のつるぎ,ドラゴンのホネ,8
武器職人,片手剣,Lv75,Lv132,守護竜のつるぎ,超ようせいのひだね,9
武器職人,両手剣,Lv13,Lv21,おおばさみ,てっこうせき,1
武器職人,両手剣,Lv13,Lv21,おおばさみ,するどい爪,1
武器職人,両手剣,Lv16,Lv28,退魔の太刀,ぎんのこうせき,1
武器職人,両手剣,Lv16,Lv28,退魔の太刀,小さなホネ,1
武器職人,両手剣,Lv16,Lv28,退魔の太刀,さくらの花びら,1
武器職人,両手剣,Lv19,Lv35,ブラッドエッジ,ぎんのこうせき,1
武器職人,両手剣,Lv19,Lv35,ブラッドエッジ,まりょくの土,1
武器職人,両手剣,Lv19,Lv35,ブラッドエッジ,レッドベリー,1
武器職人,両手剣,Lv22,Lv35,クレセントエッジ,ぎんのこうせき,1
武器職人,両手剣,Lv22,Lv35,クレセントエッジ,どうのこうせき,1
武器職人,両手剣,Lv22,Lv35,クレセントエッジ,イエローアイ,1
武器職人,両手剣,Lv24,Lv35,斬夜の太刀,ぎんのこうせき,1
武器職人,両手剣,Lv24,Lv35,斬夜の太刀,こうもりのはね,1
武器職人,両手剣,Lv24,Lv35,斬夜の太刀,さくらの花びら,1
武器職人,両手剣,Lv26,Lv42,プラチナブレード,プラチナこうせき,4
武器職人,両手剣,Lv26,Lv42,プラチナブレード,てっこうせき,5
武器職人,両手剣,Lv26,Lv42,プラチナブレード,かがみの石,2
武器職人,両手剣,Lv26,Lv42,プラチナブレード,ようせいのひだね,4
武器職人,両手剣,Lv28,Lv42,デーモンバスター,プラチナこうせき,6
武器職人,両手剣,Lv28,Lv42,デーモンバスター,せいじゃのはい,1
武器職人,両手剣,Lv28,Lv42,デーモンバスター,レッドアイ,1
武器職人,両手剣,Lv28,Lv42,デーモンバスター,ようせいのひだね,6
武器職人,両手剣,Lv30,Lv42,ドラゴンバスター,プラチナこうせき,6
武器職人,両手剣,Lv30,Lv42,ドラゴンバスター,ドラゴンのツノ,1
武器職人,両手剣,Lv30,Lv42,ドラゴンバスター,グリーンアイ,1
武器職人,両手剣,Lv30,Lv42,ドラゴンバスター,ようせいのひだね,8
武器職人,両手剣,Lv30,Lv50,キングブレード,プラチナこうせき,10
武器職人,両手剣,Lv30,Lv50,キングブレード,ヘビーメタル,3
武器職人,両手剣,Lv30,Lv50,キングブレード,イエローオーブ,1
武器職人,両手剣,Lv30,Lv50,キングブレード,ようせいのひだね,10
武器職人,両手剣,Lv33,Lv50,大獄剣,プラチナこうせき,12
武器職人,両手剣,Lv33,Lv50,大獄剣,ようがんのカケラ,30
武器職人,両手剣,Lv33,Lv50,大獄剣,グリーンオーブ,1
武器職人,両手剣,Lv33,Lv50,大獄剣,ようせいのひだね,10
武器職人,両手剣,Lv33,Lv60,メタスラの大剣,ひかりの石,15
武器職人,両手剣,Lv33,Lv60,メタスラの大剣,大きな貝がら,5
武器職人,両手剣,Lv33,Lv60,メタスラの大剣,メタルのカケラ,1
武器職人,両手剣,Lv33,Lv60,メタスラの大剣,ようせいのひだね,12
武器職人,両手剣,Lv34,Lv60,天馬の大剣,天使のソーマ,2
武器職人,両手剣,Lv34,Lv60,天馬の大剣,ひかりの石,15
武器職人,両手剣,Lv34,Lv60,天馬の大剣,グリーンオーブ,1
武器職人,両手剣,Lv34,Lv60,天馬の大剣,ようせいのひだね,12
武器職人,両手剣,Lv35,Lv65,フォースブレード,ぶどうエキス,4
武器職人,両手剣,Lv35,Lv65,フォースブレード,ひかりの石,40
武器職人,両手剣,Lv35,Lv65,フォースブレード,いかずちのたま,1
武器職人,両手剣,Lv35,Lv65,フォースブレード,イエローオーブ,1
武器職人,両手剣,Lv35,Lv65,フォースブレード,ようせいのひだね,10
武器職人,両手剣,Lv36,Lv70,聖王の大剣,マデュライト,5
武器職人,両手剣,Lv36,Lv70,聖王の大剣,黄金の飾り両手剣,1
武器職人,両手剣,Lv36,Lv70,聖王の大剣,ドラゴンのホネ,1
武器職人,両手剣,Lv36,Lv70,聖王の大剣,虹色のオーブ,1
武器職人,両手剣,Lv36,Lv70,聖王の大剣,ようせいのひだね,5
武器職人,両手剣,Lv37,Lv75,エンパイアブレード,マデュライト,10
武器職人,両手剣,Lv37,Lv75,エンパイアブレード,幻獣のホネ,1
武器職人,両手剣,Lv37,Lv75,エンパイアブレード,メタルのカケラ,1
武器職人,両手剣,Lv37,Lv75,エンパイアブレード,虹色のオーブ,1
武器職人,両手剣,Lv37,Lv75,エンパイアブレード,ようせいのひだね,10
武器職人,両手剣,Lv38,Lv80,ケイオスブレード,ようがんのカケラ,30
武器職人,両手剣,Lv38,Lv80,ケイオスブレード,マデュライト,15
武器職人,両手剣,Lv38,Lv80,ケイオスブレード,赤いサンゴ,20
武器職人,両手剣,Lv38,Lv80,ケイオスブレード,虹色のオーブ,1
武器職人,両手剣,Lv38,Lv80,ケイオスブレード,ようせいのひだね,10
武器職人,両手剣,Lv39,Lv80,翠石の大剣,マデュライト,15
武器職人,両手剣,Lv39,Lv80,翠石の大剣,せいれいせき,1
武器職人,両手剣,Lv39,Lv80,翠石の大剣,緑の宝石,5
武器職人,両手剣,Lv39,Lv80,翠石の大剣,虹色のオーブ,1
武器職人,両手剣,Lv39,Lv80,翠石の大剣,ようせいのひだね,10
武器職人,両手剣,Lv40,Lv85,スレイプニール,ナドラダイト鉱石,3
武器職人,両手剣,Lv40,Lv85,スレイプニール,幻獣の皮,1
武器職人,両手剣,Lv40,Lv85,スレイプニール,大きなホネ,5
武器職人,両手剣,Lv40,Lv85,スレイプニール,虹色のオーブ,1
武器職人,両手剣,Lv40,Lv85,スレイプニール,ようせいのひだね,5
武器職人,両手剣,Lv41,Lv90,フューリーブレード,ナドラダイト鉱石,5
武器職人,両手剣,Lv41,Lv90,フューリーブレード,ホカホカストーン,30
武器職人,両手剣,Lv41,Lv90,フューリーブレード,ようがんのカケラ,30
武器職人,両手剣,Lv41,Lv90,フューリーブレード,プラチナこうせき,30
武器職人,両手剣,Lv41,Lv90,フューリーブレード,ようせいのひだね,5
武器職人,両手剣,Lv42,Lv93,聖大剣アスカロン,ナドラダイト鉱石,5
武器職人,両手剣,Lv42,Lv93,聖大剣アスカロン,せいじゃのはい,5
武器職人,両手剣,Lv42,Lv93,聖大剣アスカロン,ドラゴンのホネ,5
武器職人,両手剣,Lv42,Lv93,聖大剣アスカロン,ゴールドストーン,5
武器職人,両手剣,Lv42,Lv93,聖大剣アスカロン,ようせいのひだね,5
武器職人,両手剣,Lv43,Lv96,オートクレール,アステライト鉱石,5
武器職人,両手剣,Lv43,Lv96,オートクレール,幻獣のホネ,1
武器職人,両手剣,Lv43,Lv96,オートクレール,プラチナこうせき,30
武器職人,両手剣,Lv43,Lv96,オートクレール,てっこうせき,30
武器職人,両手剣,Lv43,Lv96,オートクレール,ようせいのひだね,5
武器職人,両手剣,Lv44,Lv99,神域の大剣,アステライト鉱石,5
武器職人,両手剣,Lv44,Lv99,神域の大剣,激震のキバ,1
武器職人,両手剣,Lv44,Lv99,神域の大剣,プラチナこうせき,20
武器職人,両手剣,Lv44,Lv99,神域の大剣,青い宝石,15
武器職人,両手剣,Lv44,Lv99,神域の大剣,ようせいのひだね,5
武器職人,両手剣,Lv45,Lv100,覇王の大剣,アステライト鉱石,10
武器職人,両手剣,Lv45,Lv100,覇王の大剣,げんませき,1
武器職人,両手剣,Lv45,Lv100,覇王の大剣,黄金の飾り両手剣,1
武器職人,両手剣,Lv45,Lv100,覇王の大剣,マデュライト,10
武器職人,両手剣,Lv45,Lv100,覇王の大剣,ようせいのひだね,5
武器職人,両手剣,Lv60,Lv105,業炎の大剣,デモニウム鉱石,5
武器職人,両手剣,Lv60,Lv105,業炎の大剣,炎魔の焼け石,2
武器職人,両手剣,Lv60,Lv105,業炎の大剣,まじゅうのホネ,20
武器職人,両手剣,Lv60,Lv105,業炎の大剣,ホカホカストーン,20
武器職人,両手剣,Lv60,Lv105,業炎の大剣,ようせいのひだね,5
武器職人,両手剣,Lv65,Lv108,ベルセルクブレード,デモニウム鉱石,5
武器職人,両手剣,Lv65,Lv108,ベルセルクブレード,激震のキバ,1
武器職人,両手剣,Lv65,Lv108,ベルセルクブレード,幻獣のホネ,2
武器職人,両手剣,Lv65,Lv108,ベルセルクブレード,プラチナこうせき,10
武器職人,両手剣,Lv65,Lv108,ベルセルクブレード,ようせいのひだね,5
武器職人,両手剣,Lv65,Lv110,ダインスレイフ,デモニウム鉱石,5
武器職人,両手剣,Lv65,Lv110,ダインスレイフ,ナドラダイト鉱石,1
武器職人,両手剣,Lv65,Lv110,ダインスレイフ,よごれたほうたい,1
武器職人,両手剣,Lv65,Lv110,ダインスレイフ,小さなホネ,5
武器職人,両手剣,Lv65,Lv110,ダインスレイフ,ようせいのひだね,5
武器職人,両手剣,Lv65,Lv115,輝天の両手剣,フォレース鉱石,30
武器職人,両手剣,Lv65,Lv115,輝天の両手剣,激震のキバ,3
武器職人,両手剣,Lv65,Lv115,輝天の両手剣,ときのすいしょう,5
武器職人,両手剣,Lv65,Lv115,輝天の両手剣,黄金の飾り両手剣,1
武器職人,両手剣,Lv65,Lv115,輝天の両手剣,超ようせいのひだね,6
武器職人,両手剣,Lv70,Lv118,斬魔の緋大剣,フォレース鉱石,30
武器職人,両手剣,Lv70,Lv118,斬魔の緋大剣,火竜のキバ,3
武器職人,両手剣,Lv70,Lv118,斬魔の緋大剣,赤い宝石,20
武器職人,両手剣,Lv70,Lv118,斬魔の緋大剣,幻獣のホネ,10
武器職人,両手剣,Lv70,Lv118,斬魔の緋大剣,超ようせいのひだね,7
武器職人,両手剣,Lv70,Lv120,セーラスブレード,フォレース鉱石,30
武器職人,両手剣,Lv70,Lv120,セーラスブレード,幻獣のホネ,5
武器職人,両手剣,Lv70,Lv120,セーラスブレード,デモニウム鉱石,5
武器職人,両手剣,Lv70,Lv120,セーラスブレード,黄金の飾り両手剣,1
武器職人,両手剣,Lv70,Lv120,セーラスブレード,超ようせいのひだね,8
武器職人,両手剣,Lv75,Lv125,紫電の轟剣,ゼーラズマ鉱石,30
武器職人,両手剣,Lv75,Lv125,紫電の轟剣,人魚の涙,3
武器職人,両手剣,Lv75,Lv125,紫電の轟剣,ウェナールシェル,30
武器職人,両手剣,Lv75,Lv125,紫電の轟剣,大きな化石,5
武器職人,両手剣,Lv75,Lv125,紫電の轟剣,超ようせいのひだね,8
武器職人,両手剣,Lv75,Lv130,獅子の大剣,ゼーラズマ鉱石,30
武器職人,両手剣,Lv75,Lv130,獅子の大剣,激震のキバ,3
武器職人,両手剣,Lv75,Lv130,獅子の大剣,まじゅうのツノ,6
武器職人,両手剣,Lv75,Lv130,獅子の大剣,げんませき,6
武器職人,両手剣,Lv75,Lv130,獅子の大剣,超ようせいのひだね,8
武器職人,両手剣,Lv75,Lv132,ネビュラスブレード,ゼーラズマ鉱石,30
武器職人,両手剣,Lv75,Lv132,ネビュラスブレード,フォレース鉱石,4
武器職人,両手剣,Lv75,Lv132,ネビュラスブレード,ドラゴンのツノ,7
武器職人,両手剣,Lv75,Lv132,ネビュラスブレード,ほしのカケラ,20
武器職人,両手剣,Lv75,Lv132,ネビュラスブレード,超ようせいのひだね,9
武器職人,斧,Lv13,Lv21,バトルアックス,ぎんのこうせき,1
武器職人,斧,Lv13,Lv21,バトルアックス,どうのこうせき,1
武器職人,斧,Lv16,Lv28,カルサドラアックス,ぎんのこうせき,1
武器職人,斧,Lv16,Lv28,カルサドラアックス,ようがんのカケラ,1
武器職人,斧,Lv16,Lv28,カルサドラアックス,グリーンアイ,1
武器職人,斧,Lv18,Lv35,ムーンアックス,ぎんのこうせき,1
武器職人,斧,Lv18,Lv35,ムーンアックス,どうのこうせき,1
武器職人,斧,Lv18,Lv35,ムーンアックス,イエローアイ,1
武器職人,斧,Lv21,Lv35,たつじんのオノ,ぎんのこうせき,1
武器職人,斧,Lv21,Lv35,たつじんのオノ,どうのこうせき,1
武器職人,斧,Lv21,Lv35,たつじんのオノ,するどい爪,1
武器職人,斧,Lv24,Lv35,キングアックス,ぎんのこうせき,1
武器職人,斧,Lv24,Lv35,キングアックス,けものの皮,1
武器職人,斧,Lv24,Lv35,キングアックス,どうのこうせき,1
武器職人,斧,Lv26,Lv42,エクリプスアックス,プラチナこうせき,4
武器職人,斧,Lv26,Lv42,エクリプスアックス,ブラックパール,1
武器職人,斧,Lv26,Lv42,エクリプスアックス,よるのとばり,1
武器職人,斧,Lv26,Lv42,エクリプスアックス,ようせいのひだね,4
武器職人,斧,Lv28,Lv42,シャーマンアックス,プラチナこうせき,6
武器職人,斧,Lv28,Lv42,シャーマンアックス,せいれいせき,1
武器職人,斧,Lv28,Lv42,シャーマンアックス,パープルアイ,1
武器職人,斧,Lv28,Lv42,シャーマンアックス,ようせいのひだね,6
武器職人,斧,Lv30,Lv42,ふぶきのオノ,プラチナこうせき,8
武器職人,斧,Lv30,Lv42,ふぶきのオノ,氷の樹木,3
武器職人,斧,Lv30,Lv42,ふぶきのオノ,ブルーアイ,1
武器職人,斧,Lv30,Lv42,ふぶきのオノ,ようせいのひだね,8
武器職人,斧,Lv30,Lv50,カイザーアックス,プラチナこうせき,10
武器職人,斧,Lv30,Lv50,カイザーアックス,げんませき,1
武器職人,斧,Lv30,Lv50,カイザーアックス,グリーンオーブ,1
武器職人,斧,Lv30,Lv50,カイザーアックス,ようせいのひだね,10
武器職人,斧,Lv33,Lv50,デストロイヤー,プラチナこうせき,12
武器職人,斧,Lv33,Lv50,デストロイヤー,レッドベリー,30
武器職人,斧,Lv33,Lv50,デストロイヤー,イエローオーブ,1
武器職人,斧,Lv33,Lv50,デストロイヤー,ようせいのひだね,10
武器職人,斧,Lv33,Lv60,はしゃのオノ,げんませき,1
武器職人,斧,Lv33,Lv60,はしゃのオノ,大きなホネ,5
武器職人,斧,Lv33,Lv60,はしゃのオノ,パープルオーブ,1
武器職人,斧,Lv33,Lv60,はしゃのオノ,ようせいのひだね,12
武器職人,斧,Lv34,Lv60,グレートアックス,ほしのカケラ,15
武器職人,斧,Lv34,Lv60,グレートアックス,小さなうろこ,30
武器職人,斧,Lv34,Lv60,グレートアックス,ブルーオーブ,1
武器職人,斧,Lv34,Lv60,グレートアックス,ようせいのひだね,12
武器職人,斧,Lv35,Lv65,ふんさいのおおなた,ぶどうエキス,4
武器職人,斧,Lv35,Lv65,ふんさいのおおなた,大きなこうら,10
武器職人,斧,Lv35,Lv65,ふんさいのおおなた,大きな化石,10
武器職人,斧,Lv35,Lv65,ふんさいのおおなた,グリーンオーブ,1
武器職人,斧,Lv35,Lv65,ふんさいのおおなた,ようせいのひだね,10
武器職人,斧,Lv36,Lv70,聖王のオノ,マデュライト,5
武器職人,斧,Lv36,Lv70,聖王のオノ,黄金の飾りオノ,1
武器職人,斧,Lv36,Lv70,聖王のオノ,大きな化石,5
武器職人,斧,Lv36,Lv70,聖王のオノ,虹色のオーブ,1
武器職人,斧,Lv36,Lv70,聖王のオノ,ようせいのひだね,5
武器職人,斧,Lv37,Lv75,アポロンのオノ,マデュライト,10
武器職人,斧,Lv37,Lv75,アポロンのオノ,ようがんのカケラ,20
武器職人,斧,Lv37,Lv75,アポロンのオノ,ひかりの石,20
武器職人,斧,Lv37,Lv75,アポロンのオノ,虹色のオーブ,1
武器職人,斧,Lv37,Lv75,アポロンのオノ,ようせいのひだね,10
武器職人,斧,Lv38,Lv80,デュークアックス,マデュライト,15
武器職人,斧,Lv38,Lv80,デュークアックス,ヘビーメタル,5
武器職人,斧,Lv38,Lv80,デュークアックス,大きな化石,20
武器職人,斧,Lv38,Lv80,デュークアックス,虹色のオーブ,1
武器職人,斧,Lv38,Lv80,デュークアックス,ようせいのひだね,10
武器職人,斧,Lv39,Lv80,ヴァランガアックス,マデュライト,15
武器職人,斧,Lv39,Lv80,ヴァランガアックス,サバンナの水,30
武器職人,斧,Lv39,Lv80,ヴァランガアックス,氷のけっしょう,30
武器職人,斧,Lv39,Lv80,ヴァランガアックス,虹色のオーブ,1
武器職人,斧,Lv39,Lv80,ヴァランガアックス,ようせいのひだね,10
武器職人,斧,Lv40,Lv85,グローリーアックス,ナドラダイト鉱石,3
武器職人,斧,Lv40,Lv85,グローリーアックス,ひかりの石,10
武器職人,斧,Lv40,Lv85,グローリーアックス,黄金の飾りオノ,1
武器職人,斧,Lv40,Lv85,グローリーアックス,虹色のオーブ,1
武器職人,斧,Lv40,Lv85,グローリーアックス,ようせいのひだね,5
武器職人,斧,Lv41,Lv90,イビルアックス,ナドラダイト鉱石,5
武器職人,斧,Lv41,Lv90,イビルアックス,どくどくヘドロ,30
武器職人,斧,Lv41,Lv90,イビルアックス,暗黒の樹木,30
武器職人,斧,Lv41,Lv90,イビルアックス,レッドアイ,10
武器職人,斧,Lv41,Lv90,イビルアックス,ようせいのひだね,5
武器職人,斧,Lv42,Lv93,ヘカトンケイル,ナドラダイト鉱石,5
武器職人,斧,Lv42,Lv93,ヘカトンケイル,幻獣のホネ,1
武器職人,斧,Lv42,Lv93,ヘカトンケイル,青い宝石,10
武器職人,斧,Lv42,Lv93,ヘカトンケイル,ゴールドストーン,5
武器職人,斧,Lv42,Lv93,ヘカトンケイル,ようせいのひだね,5
武器職人,斧,Lv43,Lv96,ガイアのオノ,アステライト鉱石,5
武器職人,斧,Lv43,Lv96,ガイアのオノ,大地の羽毛,1
武器職人,斧,Lv43,Lv96,ガイアのオノ,ヘビーメタル,10
武器職人,斧,Lv43,Lv96,ガイアのオノ,まりょくの土,30
武器職人,斧,Lv43,Lv96,ガイアのオノ,ようせいのひだね,5
武器職人,斧,Lv44,Lv99,神域のオノ,アステライト鉱石,5
武器職人,斧,Lv44,Lv99,神域のオノ,ひかりの石,30
武器職人,斧,Lv44,Lv99,神域のオノ,ゴールドストーン,10
武器職人,斧,Lv44,Lv99,神域のオノ,ブルーアイ,20
武器職人,斧,Lv44,Lv99,神域のオノ,ようせいのひだね,5
武器職人,斧,Lv45,Lv100,ボルテージアックス,アステライト鉱石,10
武器職人,斧,Lv45,Lv100,ボルテージアックス,炎魔の焼け石,1
武器職人,斧,Lv45,Lv100,ボルテージアックス,幻獣のホネ,5
武器職人,斧,Lv45,Lv100,ボルテージアックス,ぎんのこうせき,10
武器職人,斧,Lv45,Lv100,ボルテージアックス,ようせいのひだね,5
武器職人,斧,Lv60,Lv105,戦乱のオノ,デモニウム鉱石,5
武器職人,斧,Lv60,Lv105,戦乱のオノ,烈風石,1
武器職人,斧,Lv60,Lv105,戦乱のオノ,黄金の飾りオノ,1
武器職人,斧,Lv60,Lv105,戦乱のオノ,ひかりの石,10
武器職人,斧,Lv60,Lv105,戦乱のオノ,ようせいのひだね,5
武器職人,斧,Lv65,Lv108,破天の麗斧,デモニウム鉱石,5
武器職人,斧,Lv65,Lv108,破天の麗斧,炎魔の焼け石,2
武器職人,斧,Lv65,Lv108,破天の麗斧,幻獣の骨,2
武器職人,斧,Lv65,Lv108,破天の麗斧,ぎんのこうせき,10
武器職人,斧,Lv65,Lv108,破天の麗斧,ようせいのひだね,5
武器職人,斧,Lv65,Lv110,エキサイトアクス,デモニウム鉱石,5
武器職人,斧,Lv65,Lv110,エキサイトアクス,幻獣の骨,1
武器職人,斧,Lv65,Lv110,エキサイトアクス,大きな化石,1
武器職人,斧,Lv65,Lv110,エキサイトアクス,つけもの石,5
武器職人,斧,Lv65,Lv110,エキサイトアクス,ようせいのひだね,5
武器職人,斧,Lv65,Lv115,輝天のオノ,フォレース鉱石,30
武器職人,斧,Lv65,Lv115,輝天のオノ,激震のキバ,3
武器職人,斧,Lv65,Lv115,輝天のオノ,黄金の飾りオノ,1
武器職人,斧,Lv65,Lv115,輝天のオノ,いやしそう,30
武器職人,斧,Lv65,Lv115,輝天のオノ,超ようせいのひだね,6
武器職人,斧,Lv70,Lv118,翼神のオノ,フォレース鉱石,30
武器職人,斧,Lv70,Lv118,翼神のオノ,大地の羽毛,5
武器職人,斧,Lv70,Lv118,翼神のオノ,かぜきりのはね,5
武器職人,斧,Lv70,Lv118,翼神のオノ,黄金の飾りオノ,1
武器職人,斧,Lv70,Lv118,翼神のオノ,超ようせいのひだね,7
武器職人,斧,Lv70,Lv120,セーラスアックス,フォレース鉱石,30
武器職人,斧,Lv70,Lv120,セーラスアックス,げんませき,5
武器職人,斧,Lv70,Lv120,セーラスアックス,メタルのカケラ,5
武器職人,斧,Lv70,Lv120,セーラスアックス,黄金の飾りオノ,1
武器職人,斧,Lv70,Lv120,セーラスアックス,超ようせいのひだね,8
武器職人,斧,Lv75,Lv125,残月の玉斧,ゼーラズマ鉱石,30
武器職人,斧,Lv75,Lv125,残月の玉斧,烈風石,3
武器職人,斧,Lv75,Lv125,残月の玉斧,つきのめぐみ,30
武器職人,斧,Lv75,Lv125,残月の玉斧,こんじきの雲,5
武器職人,斧,Lv75,Lv125,残月の玉斧,超ようせいのひだね,8
武器職人,斧,Lv75,Lv130,一刀星断,ゼーラズマ鉱石,30
武器職人,斧,Lv75,Lv130,一刀星断,せいれいせき,6
武器職人,斧,Lv75,Lv130,一刀星断,こんじきの雲,5
武器職人,斧,Lv75,Lv130,一刀星断,ドラゴンのホネ,20
武器職人,斧,Lv75,Lv130,一刀星断,超ようせいのひだね,8
武器職人,斧,Lv75,Lv132,セレーネアックス,ゼーラズマ鉱石,30
武器職人,斧,Lv75,Lv132,セレーネアックス,おぼろ水晶,4
武器職人,斧,Lv75,Lv132,セレーネアックス,竜の涙,4
武器職人,斧,Lv75,Lv132,セレーネアックス,黄金の飾りオノ,2
武器職人,斧,Lv75,Lv132,セレーネアックス,超ようせいのひだね,9
武器職人,短剣,Lv12,Lv21,どくばり,ぎんのこうせき,1
武器職人,短剣,Lv12,Lv21,どくばり,どくどくヘドロ,1
武器職人,短剣,Lv16,Lv28,イーグルダガー,ぎんのこうせき,1
武器職人,短剣,Lv16,Lv28,イーグルダガー,てっこうせき,1
武器職人,短剣,Lv16,Lv28,イーグルダガー,するどい爪,1
武器職人,短剣,Lv17,Lv35,よるのパピヨン,ぎんのこうせき,1
武器職人,短剣,Lv17,Lv35,よるのパピヨン,ちょうのはね,1
武器職人,短剣,Lv17,Lv35,よるのパピヨン,こうもりのはね,1
武器職人,短剣,Lv20,Lv35,ソードブレイカー,ぎんのこうせき,1
武器職人,短剣,Lv20,Lv35,ソードブレイカー,てっこうせき,1
武器職人,短剣,Lv20,Lv35,ソードブレイカー,するどい爪,1
武器職人,短剣,Lv23,Lv35,キラーピアス,ぎんのこうせき,1
武器職人,短剣,Lv23,Lv35,キラーピアス,ひかりの石,1
武器職人,短剣,Lv23,Lv35,キラーピアス,てっこうせき,1
武器職人,短剣,Lv25,Lv42,こおりのやいば,プラチナこうせき,4
武器職人,短剣,Lv25,Lv42,こおりのやいば,氷のけっしょう,3
武器職人,短剣,Lv25,Lv42,こおりのやいば,青い宝石,1
武器職人,短剣,Lv25,Lv42,こおりのやいば,ようせいのひだね,4
武器職人,短剣,Lv27,Lv42,グラディウス,プラチナこうせき,6
武器職人,短剣,Lv27,Lv42,グラディウス,赤いサンゴ,3
武器職人,短剣,Lv27,Lv42,グラディウス,イエローアイ,1
武器職人,短剣,Lv27,Lv42,グラディウス,ようせいのひだね,6
武器職人,短剣,Lv29,Lv42,ブラッドピック,プラチナこうせき,6
武器職人,短剣,Lv29,Lv42,ブラッドピック,ドラゴンのツノ,1
武器職人,短剣,Lv29,Lv42,ブラッドピック,レッドアイ,1
武器職人,短剣,Lv29,Lv42,ブラッドピック,ようせいのひだね,8
武器職人,短剣,Lv30,Lv50,王家のナイフ,プラチナこうせき,10
武器職人,短剣,Lv30,Lv50,王家のナイフ,うるわしキノコ,30
武器職人,短剣,Lv30,Lv50,王家のナイフ,レッドオーブ,1
武器職人,短剣,Lv30,Lv50,王家のナイフ,ようせいのひだね,10
武器職人,短剣,Lv30,Lv50,サラマンダー,プラチナこうせき,12
武器職人,短剣,Lv30,Lv50,サラマンダー,ホカホカストーン,30
武器職人,短剣,Lv30,Lv50,サラマンダー,レッドオーブ,1
武器職人,短剣,Lv30,Lv50,サラマンダー,ようせいのひだね,10
武器職人,短剣,Lv33,Lv60,ファルコンダガー,プラチナこうせき,15
武器職人,短剣,Lv33,Lv60,ファルコンダガー,かぜきりのはね,3
武器職人,短剣,Lv33,Lv60,ファルコンダガー,ブルーオーブ,1
武器職人,短剣,Lv33,Lv60,ファルコンダガー,ようせいのひだね,12
武器職人,短剣,Lv34,Lv60,こがらしのダガー,氷のけっしょう,15
武器職人,短剣,Lv34,Lv60,こがらしのダガー,するどい爪,25
武器職人,短剣,Lv34,Lv60,こがらしのダガー,イエローオーブ,1
武器職人,短剣,Lv34,Lv60,こがらしのダガー,ようせいのひだね,12
武器職人,短剣,Lv35,Lv65,サウザンドダガー,かがみ石,20
武器職人,短剣,Lv35,Lv65,サウザンドダガー,かぜきりのはね,1
武器職人,短剣,Lv35,Lv65,サウザンドダガー,するどい爪,20
武器職人,短剣,Lv35,Lv65,サウザンドダガー,グリーンオーブ,1
武器職人,短剣,Lv35,Lv65,サウザンドダガー,ようせいのひだね,10
武器職人,短剣,Lv36,Lv70,聖王のナイフ,マデュライト,5
武器職人,短剣,Lv36,Lv70,聖王のナイフ,黄金の飾り短剣,1
武器職人,短剣,Lv36,Lv70,聖王のナイフ,かぜきりのはね,1
武器職人,短剣,Lv36,Lv70,聖王のナイフ,虹色のオーブ,1
武器職人,短剣,Lv36,Lv70,聖王のナイフ,ようせいのひだね,5
武器職人,短剣,Lv37,Lv75,ライトニングダガー,マデュライト,10
武器職人,短剣,Lv37,Lv75,ライトニングダガー,大きな貝がら,10
武器職人,短剣,Lv37,Lv75,ライトニングダガー,いかずちのたま,1
武器職人,短剣,Lv37,Lv75,ライトニングダガー,虹色のオーブ,1
武器職人,短剣,Lv37,Lv75,ライトニングダガー,ようせいのひだね,10
武器職人,短剣,Lv38,Lv80,ポイズンスケイル,どくどくヘドロ,30
武器職人,短剣,Lv38,Lv80,ポイズンスケイル,幻獣のホネ,3
武器職人,短剣,Lv38,Lv80,ポイズンスケイル,大きなうろこ,10
武器職人,短剣,Lv38,Lv80,ポイズンスケイル,虹色のオーブ,1
武器職人,短剣,Lv38,Lv80,ポイズンスケイル,ようせいのひだね,10
武器職人,短剣,Lv39,Lv80,クリスタルエッジ,マデュライト,15
武器職人,短剣,Lv39,Lv80,クリスタルエッジ,みがきずな,30
武器職人,短剣,Lv39,Lv80,クリスタルエッジ,ときのすいしょう,3
武器職人,短剣,Lv39,Lv80,クリスタルエッジ,虹色のオーブ,1
武器職人,短剣,Lv39,Lv80,クリスタルエッジ,ようせいのひだね,10
武器職人,短剣,Lv40,Lv85,エンシェントククリ,ナドラダイト鉱石,3
武器職人,短剣,Lv40,Lv85,エンシェントククリ,するどい爪,30
武器職人,短剣,Lv40,Lv85,エンシェントククリ,いかずちのたま,5
武器職人,短剣,Lv40,Lv85,エンシェントククリ,虹色のオーブ,1
武器職人,短剣,Lv40,Lv85,エンシェントククリ,ようせいのひだね,5
武器職人,短剣,Lv41,Lv90,天河のジャンビーヤ,ナドラダイト鉱石,5
武器職人,短剣,Lv41,Lv90,天河のジャンビーヤ,ひかりの石,30
武器職人,短剣,Lv41,Lv90,天河のジャンビーヤ,どくどくヘドロ,30
武器職人,短剣,Lv41,Lv90,天河のジャンビーヤ,どくがのこな,10
武器職人,短剣,Lv41,Lv90,天河のジャンビーヤ,ようせいのひだね,5
武器職人,短剣,Lv42,Lv93,トールナイフ,ナドラダイト鉱石,5
武器職人,短剣,Lv42,Lv93,トールナイフ,いかずちのたま,10
武器職人,短剣,Lv42,Lv93,トールナイフ,せいれいせき,1
武器職人,短剣,Lv42,Lv93,トールナイフ,どうのこうせき,30
武器職人,短剣,Lv42,Lv93,トールナイフ,ようせいのひだね,5
武器職人,短剣,Lv43,Lv96,ガテリアの宝剣,アステライト鉱石,5
武器職人,短剣,Lv43,Lv96,ガテリアの宝剣,ドワチャカオイル,1
武器職人,短剣,Lv43,Lv96,ガテリアの宝剣,スライムおしゃれ花,20
武器職人,短剣,Lv43,Lv96,ガテリアの宝剣,黄金の飾り短剣,1
武器職人,短剣,Lv43,Lv96,ガテリアの宝剣,ようせいのひだね,5
武器職人,短剣,Lv43,Lv99,神域の短剣,アステライト鉱石,5
武器職人,短剣,Lv43,Lv99,神域の短剣,幻獣のホネ,2
武器職人,短剣,Lv43,Lv99,神域の短剣,プラチナこうせき,15
武器職人,短剣,Lv43,Lv99,神域の短剣,ぎんのこうせき,25
武器職人,短剣,Lv43,Lv99,神域の短剣,ようせいのひだね,5
武器職人,短剣,Lv45,Lv100,グラフィアス,アステライト鉱石,10
武器職人,短剣,Lv45,Lv100,グラフィアス,プクランサフラン,1
武器職人,短剣,Lv45,Lv100,グラフィアス,黄金の飾り短剣,1
武器職人,短剣,Lv45,Lv100,グラフィアス,パープルアイ,30
武器職人,短剣,Lv45,Lv100,グラフィアス,ようせいのひだね,5
武器職人,短剣,Lv60,Lv105,クレセントダガー,デモニウム鉱石,5
武器職人,短剣,Lv60,Lv105,クレセントダガー,宵闇のジェル,1
武器職人,短剣,Lv60,Lv105,クレセントダガー,げんませき,10
武器職人,短剣,Lv60,Lv105,クレセントダガー,するどいキバ,10
武器職人,短剣,Lv60,Lv105,クレセントダガー,ようせいのひだね,5
武器職人,短剣,Lv65,Lv108,ワイルドファング,デモニウム鉱石,5
武器職人,短剣,Lv65,Lv108,ワイルドファング,激震のキバ,1
武器職人,短剣,Lv65,Lv108,ワイルドファング,幻獣のホネ,2
武器職人,短剣,Lv65,Lv108,ワイルドファング,するどいキバ,10
武器職人,短剣,Lv65,Lv108,ワイルドファング,ようせいのひだね,5
武器職人,短剣,Lv65,Lv110,ファントムダガー,デモニウム鉱石,5
武器職人,短剣,Lv65,Lv110,ファントムダガー,宵闇のジェル,1
武器職人,短剣,Lv65,Lv110,ファントムダガー,どくがのこな,1
武器職人,短剣,Lv65,Lv110,ファントムダガー,つけもの石,5
武器職人,短剣,Lv65,Lv115,輝天のナイフ,フォレース鉱石,30
武器職人,短剣,Lv65,Lv115,輝天のナイフ,純白の結晶,3
武器職人,短剣,Lv65,Lv115,輝天のナイフ,幻獣のホネ,5
武器職人,短剣,Lv65,Lv115,輝天のナイフ,デモニウム鉱石,5
武器職人,短剣,Lv65,Lv115,輝天のナイフ,超ようせいのひだね,6
武器職人,短剣,Lv70,Lv118,エレガントポイズン,フォレース鉱石,30
武器職人,短剣,Lv70,Lv118,エレガントポイズン,宵闇のジェル,3
武器職人,短剣,Lv70,Lv118,エレガントポイズン,どくがのこな,10
武器職人,短剣,Lv70,Lv118,エレガントポイズン,黄金の飾り短剣,1
武器職人,短剣,Lv70,Lv118,エレガントポイズン,超ようせいのひだね,7
武器職人,短剣,Lv70,Lv120,セーラスダガー,フォレース鉱石,30
武器職人,短剣,Lv70,Lv120,セーラスダガー,暗夜の魔石,5
武器職人,短剣,Lv70,Lv120,セーラスダガー,つきのめぐみ,10
武器職人,短剣,Lv70,Lv120,セーラスダガー,黄金の飾り短剣,1
武器職人,短剣,Lv70,Lv120,セーラスダガー,超ようせいのひだね,8
武器職人,短剣,Lv75,Lv125,ヴェーレダガー,ゼーラズマ鉱石,30
武器職人,短剣,Lv75,Lv125,ヴェーレダガー,人魚の涙,3
武器職人,短剣,Lv75,Lv125,ヴェーレダガー,かがみ石,20
武器職人,短剣,Lv75,Lv125,ヴェーレダガー,ナドラダイト鉱石,5
武器職人,短剣,Lv75,Lv125,ヴェーレダガー,超ようせいのひだね,8
武器職人,短剣,Lv75,Lv130,晴蒼の短剣,ゼーラズマ鉱石,30
武器職人,短剣,Lv75,Lv130,晴蒼の短剣,トガリアのしずく,3
武器職人,短剣,Lv75,Lv130,晴蒼の短剣,幻獣のホネ,6
武器職人,短剣,Lv75,Lv130,晴蒼の短剣,大きなうろこ,20
武器職人,短剣,Lv75,Lv130,晴蒼の短剣,超ようせいのひだね,8
武器職人,短剣,Lv75,Lv132,影星の短刀,ゼーラズマ鉱石,30
武器職人,短剣,Lv75,Lv132,影星の短刀,宵闇のジェル,4
武器職人,短剣,Lv75,Lv132,影星の短刀,呪力のモト,6
武器職人,短剣,Lv75,Lv132,影星の短刀,まじゅうのツノ,4
武器職人,短剣,Lv75,Lv132,影星の短刀,超ようせいのひだね,9
武器職人,爪,Lv12,Lv21,こあくまネイル,ぎんのこうせき,1
武器職人,爪,Lv12,Lv21,こあくまネイル,ちょうのはね,1
武器職人,爪,Lv16,Lv28,黒ヒョウのツメ,ぎんのこうせき,1
武器職人,爪,Lv16,Lv28,黒ヒョウのツメ,するどい爪,1
武器職人,爪,Lv16,Lv28,黒ヒョウのツメ,ネコずな,1
武器職人,爪,Lv17,Lv35,はやぶさのツメ,ぎんのこうせき,1
武器職人,爪,Lv17,Lv35,はやぶさのツメ,しおかぜ草,1
武器職人,爪,Lv17,Lv35,はやぶさのツメ,するどい爪,1
武器職人,爪,Lv20,Lv35,ほのおのツメ,ぎんのこうせき,1
武器職人,爪,Lv20,Lv35,ほのおのツメ,ようがんのカケラ,1
武器職人,爪,Lv20,Lv35,ほのおのツメ,ホカホカストーン,1
武器職人,爪,Lv23,Lv35,こおりのツメ,ぎんのこうせき,1
武器職人,爪,Lv23,Lv35,こおりのツメ,氷のけっしょう,1
武器職人,爪,Lv23,Lv35,こおりのツメ,氷の樹木,1
武器職人,爪,Lv25,Lv42,プラチナクロー,プラチナこうせき,4
武器職人,爪,Lv25,Lv42,プラチナクロー,黄色の宝石,1
武器職人,爪,Lv25,Lv42,プラチナクロー,ヘビーメタル,1
武器職人,爪,Lv25,Lv42,プラチナクロー,ようせいのひだね,4
武器職人,爪,Lv27,Lv42,あくまのツメ,プラチナこうせき,6
武器職人,爪,Lv27,Lv42,あくまのツメ,どくどくヘドロ,4
武器職人,爪,Lv27,Lv42,あくまのツメ,パープルアイ,1
武器職人,爪,Lv27,Lv42,あくまのツメ,ようせいのひだね,6
武器職人,爪,Lv29,Lv42,ドラゴンクロー,プラチナこうせき,6
武器職人,爪,Lv29,Lv42,ドラゴンクロー,ドラゴンのツノ,1
武器職人,爪,Lv29,Lv42,ドラゴンクロー,ブルーアイ,1
武器職人,爪,Lv29,Lv42,ドラゴンクロー,ようせいのひだね,8
武器職人,爪,Lv30,Lv50,古武道のツメ,プラチナこうせき,10
武器職人,爪,Lv30,Lv50,古武道のツメ,ぶどうエキス,6
武器職人,爪,Lv30,Lv50,古武道のツメ,レッドオーブ,1
武器職人,爪,Lv30,Lv50,古武道のツメ,ようせいのひだね,10
武器職人,爪,Lv31,Lv50,まじゅうのツメ,プラチナこうせき,12
武器職人,爪,Lv31,Lv50,まじゅうのツメ,まじゅうのホネ,6
武器職人,爪,Lv31,Lv50,まじゅうのツメ,イエローオーブ,1
武器職人,爪,Lv31,Lv50,まじゅうのツメ,ようせいのひだね,10
武器職人,爪,Lv33,Lv60,ファルコンクロー,げんませき,1
武器職人,爪,Lv33,Lv60,ファルコンクロー,かぜきりのはね,1
武器職人,爪,Lv33,Lv60,ファルコンクロー,レッドオーブ,1
武器職人,爪,Lv33,Lv60,ファルコンクロー,ようせいのひだね,12
武器職人,爪,Lv34,Lv60,冥獣のツメ,げんませき,1
武器職人,爪,Lv34,Lv60,冥獣のツメ,まじゅうのホネ,6
武器職人,爪,Lv34,Lv60,冥獣のツメ,グリーンオーブ,1
武器職人,爪,Lv34,Lv60,冥獣のツメ,ようせいのひだね,12
武器職人,爪,Lv35,Lv65,竜王のツメ,げんませき,1
武器職人,爪,Lv35,Lv65,竜王のツメ,ドラゴンのツノ,2
武器職人,爪,Lv35,Lv65,竜王のツメ,ドラゴンのホネ,2
武器職人,爪,Lv35,Lv65,竜王のツメ,レッドオーブ,1
武器職人,爪,Lv35,Lv65,竜王のツメ,ようせいのひだね,10
武器職人,爪,Lv36,Lv70,聖王のツメ,幻獣のホネ,1
武器職人,爪,Lv36,Lv70,聖王のツメ,黄金の飾りツメ,1
武器職人,爪,Lv36,Lv70,聖王のツメ,するどい爪,20
武器職人,爪,Lv36,Lv70,聖王のツメ,虹色のオーブ,1
武器職人,爪,Lv36,Lv70,聖王のツメ,ようせいのひだね,5
武器職人,爪,Lv37,Lv75,クリスタルクロー,マデュライト,10
武器職人,爪,Lv37,Lv75,クリスタルクロー,ひかりの石,20
武器職人,爪,Lv37,Lv75,クリスタルクロー,ときのすいしょう,1
武器職人,爪,Lv37,Lv75,クリスタルクロー,虹色のオーブ,1
武器職人,爪,Lv37,Lv75,クリスタルクロー,ようせいのひだね,10
武器職人,爪,Lv38,Lv80,キャプテンクロー,マデュライト,15
武器職人,爪,Lv38,Lv80,キャプテンクロー,赤いサンゴ,20
武器職人,爪,Lv38,Lv80,キャプテンクロー,シルク草,30
武器職人,爪,Lv38,Lv80,キャプテンクロー,虹色のオーブ,1
武器職人,爪,Lv38,Lv80,キャプテンクロー,ようせいのひだね,10
武器職人,爪,Lv39,Lv80,蒼炎のツメ,マデュライト,15
武器職人,爪,Lv39,Lv80,蒼炎のツメ,せいれいせき,1
武器職人,爪,Lv39,Lv80,蒼炎のツメ,ようがんのカケラ,20
武器職人,爪,Lv39,Lv80,蒼炎のツメ,虹色のオーブ,1
武器職人,爪,Lv39,Lv80,蒼炎のツメ,ようせいのひだね,10
武器職人,爪,Lv40,Lv85,エンシェントクロー,ナドラダイト鉱石,3
武器職人,爪,Lv40,Lv85,エンシェントクロー,小さな化石,20
武器職人,爪,Lv40,Lv85,エンシェントクロー,大きな化石,20
武器職人,爪,Lv40,Lv85,エンシェントクロー,虹色のオーブ,1
武器職人,爪,Lv40,Lv85,エンシェントクロー,ようせいのひだね,5
武器職人,爪,Lv41,Lv90,マガツ鳥のツメ,ナドラダイト鉱石,5
武器職人,爪,Lv41,Lv90,マガツ鳥のツメ,するどいキバ,30
武器職人,爪,Lv41,Lv90,マガツ鳥のツメ,まじゅうのホネ,5
武器職人,爪,Lv41,Lv90,マガツ鳥のツメ,やわらかウール,5
武器職人,爪,Lv41,Lv90,マガツ鳥のツメ,ようせいのひだね,5
武器職人,爪,Lv42,Lv93,ケイオスネイル,ナドラダイト鉱石,5
武器職人,爪,Lv42,Lv93,ケイオスネイル,するどい爪,30
武器職人,爪,Lv42,Lv93,ケイオスネイル,どくどくヘドロ,30
武器職人,爪,Lv42,Lv93,ケイオスネイル,黄金の飾りツメ,1
武器職人,爪,Lv42,Lv93,ケイオスネイル,ようせいのひだね,5
武器職人,爪,Lv43,Lv96,ドラゴンクロー改,アステライト鉱石,5
武器職人,爪,Lv43,Lv96,ドラゴンクロー改,ドラゴンのツノ,1
武器職人,爪,Lv43,Lv96,ドラゴンクロー改,ヘビーメタル,10
武器職人,爪,Lv43,Lv96,ドラゴンクロー改,ドラゴンのホネ,5
武器職人,爪,Lv43,Lv96,ドラゴンクロー改,ようせいのひだね,5
武器職人,爪,Lv44,Lv99,疾風のジャマダハル,アステライト鉱石,5
武器職人,爪,Lv44,Lv99,疾風のジャマダハル,オグリドホーン,1
武器職人,爪,Lv44,Lv99,疾風のジャマダハル,プラチナこうせき,30
武器職人,爪,Lv44,Lv99,疾風のジャマダハル,こうもりのはね,30
武器職人,爪,Lv44,Lv99,疾風のジャマダハル,ようせいのひだね,5
武器職人,爪,Lv45,Lv100,断罪のジャマダハル,アステライト鉱石,10
武器職人,爪,Lv45,Lv100,断罪のジャマダハル,宵闇のジェル,1
武器職人,爪,Lv45,Lv100,断罪のジャマダハル,黄金の飾りツメ,1
武器職人,爪,Lv45,Lv100,断罪のジャマダハル,とげウニ,15
武器職人,爪,Lv45,Lv100,断罪のジャマダハル,ようせいのひだね,5
武器職人,爪,Lv60,Lv105,ルーンクラブクロー,デモニウム鉱石,5
武器職人,爪,Lv60,Lv105,ルーンクラブクロー,激震のキバ,1
武器職人,爪,Lv60,Lv105,ルーンクラブクロー,ウェナールシェル,10
武器職人,爪,Lv60,Lv105,ルーンクラブクロー,さざなみのしずく,10
武器職人,爪,Lv60,Lv105,ルーンクラブクロー,ようせいのひだね,5
武器職人,爪,Lv65,Lv108,呪眼のツメ,デモニウム鉱石,5
武器職人,爪,Lv65,Lv108,呪眼のツメ,げんませき,2
武器職人,爪,Lv65,Lv108,呪眼のツメ,よごれたほうたい,5
武器職人,爪,Lv65,Lv108,呪眼のツメ,グリーンアイ,10
武器職人,爪,Lv65,Lv108,呪眼のツメ,ようせいのひだね,5
武器職人,爪,Lv65,Lv110,ドラゴンクロー絶,デモニウム鉱石,5
武器職人,爪,Lv65,Lv110,ドラゴンクロー絶,幻獣の骨,1
武器職人,爪,Lv65,Lv110,ドラゴンクロー絶,まじゅうのホネ,1
武器職人,爪,Lv65,Lv110,ドラゴンクロー絶,するどい爪,5
武器職人,爪,Lv65,Lv110,ドラゴンクロー絶,ようせいのひだね,5
武器職人,爪,Lv65,Lv115,輝天のツメ,フォレース鉱石,30
武器職人,爪,Lv65,Lv115,輝天のツメ,おぼろ水晶,3
武器職人,爪,Lv65,Lv115,輝天のツメ,ブルーアイ,30
武器職人,爪,Lv65,Lv115,輝天のツメ,まじゅうのホネ,10
武器職人,爪,Lv65,Lv115,輝天のツメ,超ようせいのひだね,6
武器職人,爪,Lv70,Lv118,ゴッドクロー,フォレース鉱石,30
武器職人,爪,Lv70,Lv118,ゴッドクロー,激震のキバ,3
武器職人,爪,Lv70,Lv118,ゴッドクロー,アステライト鉱石,5
武器職人,爪,Lv70,Lv118,ゴッドクロー,黄金の飾りツメ,1
武器職人,爪,Lv70,Lv118,ゴッドクロー,超ようせいのひだね,7
武器職人,爪,Lv70,Lv120,セーラスクロー,フォレース鉱石,30
武器職人,爪,Lv70,Lv120,セーラスクロー,おぼろ水晶,5
武器職人,爪,Lv70,Lv120,セーラスクロー,火竜のキバ,5
武器職人,爪,Lv70,Lv120,セーラスクロー,黄金の飾りツメ,1
武器職人,爪,Lv70,Lv120,セーラスクロー,超ようせいのひだね,8
武器職人,爪,Lv75,Lv125,オフビートクロー,ゼーラズマ鉱石,30
武器職人,爪,Lv75,Lv125,オフビートクロー,地竜のツメ,3
武器職人,爪,Lv75,Lv125,オフビートクロー,プラチナこうせき,30
武器職人,爪,Lv75,Lv125,オフビートクロー,黄金の飾りツメ,1
武器職人,爪,Lv75,Lv125,オフビートクロー,超ようせいのひだね,8
武器職人,爪,Lv75,Lv130,キャンサークロー,ゼーラズマ鉱石,30
武器職人,爪,Lv75,Lv130,キャンサークロー,水竜のうろこ,6
武器職人,爪,Lv75,Lv130,キャンサークロー,さざなみのしずく,20
武器職人,爪,Lv75,Lv130,キャンサークロー,ブルーオーブ,10
武器職人,爪,Lv75,Lv130,キャンサークロー,超ようせいのひだね,8
武器職人,爪,Lv75,Lv132,呪星のツメ,ゼーラズマ鉱石,30
武器職人,爪,Lv75,Lv132,呪星のツメ,スーパーホネホネ,4
武器職人,爪,Lv75,Lv132,呪星のツメ,呪力のモト,4
武器職人,爪,Lv75,Lv132,呪星のツメ,黄金の飾りツメ,2
武器職人,爪,Lv75,Lv132,呪星のツメ,超ようせいのひだね,9
武器職人,鞭,Lv12,Lv21,モーニングスター,ぎんのこうせき,1
武器職人,鞭,Lv12,Lv21,モーニングスター,どうのこうせき,1
武器職人,鞭,Lv16,Lv28,パイソンウィップ,ぎんのこうせき,1
武器職人,鞭,Lv16,Lv28,パイソンウィップ,小さなうろこ,1
武器職人,鞭,Lv16,Lv28,パイソンウィップ,どくどくヘドロ,1
武器職人,鞭,Lv17,Lv35,みわくのリボン,ぎんのこうせき,1
武器職人,鞭,Lv17,Lv35,みわくのリボン,あやかしそう,1
武器職人,鞭,Lv17,Lv35,みわくのリボン,なないろのまゆ,1
武器職人,鞭,Lv20,Lv35,ビーストウィップ,ぎんのこうせき,1
武器職人,鞭,Lv20,Lv35,ビーストウィップ,けものの皮,1
武器職人,鞭,Lv20,Lv35,ビーストウィップ,するどい爪,1
武器職人,鞭,Lv23,Lv35,サイドワインダー,ぎんのこうせき,1
武器職人,鞭,Lv23,Lv35,サイドワインダー,小さなうろこ,1
武器職人,鞭,Lv23,Lv35,サイドワインダー,するどいキバ,1
武器職人,鞭,Lv25,Lv42,スコーピオンテイル,プラチナこうせき,4
武器職人,鞭,Lv25,Lv42,スコーピオンテイル,どくどくヘドロ,20
武器職人,鞭,Lv25,Lv42,スコーピオンテイル,どくがのこな,1
武器職人,鞭,Lv25,Lv42,スコーピオンテイル,ようせいのひだね,4
武器職人,鞭,Lv27,Lv42,バスターウィップ,プラチナこうせき,6
武器職人,鞭,Lv27,Lv42,バスターウィップ,けものの皮,10
武器職人,鞭,Lv27,Lv42,バスターウィップ,パープルアイ,1
武器職人,鞭,Lv27,Lv42,バスターウィップ,ようせいのひだね,6
武器職人,鞭,Lv29,Lv42,ドラゴンテイル,プラチナこうせき,8
武器職人,鞭,Lv29,Lv42,ドラゴンテイル,ドラゴンのツノ,1
武器職人,鞭,Lv29,Lv42,ドラゴンテイル,グリーンアイ,4
武器職人,鞭,Lv29,Lv42,ドラゴンテイル,ようせいのひだね,8
武器職人,鞭,Lv30,Lv50,あくまのムチ,プラチナこうせき,10
武器職人,鞭,Lv30,Lv50,あくまのムチ,よごれたほうたい,5
武器職人,鞭,Lv30,Lv50,あくまのムチ,パープルオーブ,1
武器職人,鞭,Lv30,Lv50,あくまのムチ,ようせいのひだね,10
武器職人,鞭,Lv33,Lv50,カルベロビュート,プラチナこうせき,12
武器職人,鞭,Lv33,Lv50,カルベロビュート,まりょくの土,30
武器職人,鞭,Lv33,Lv50,カルベロビュート,ブルーオーブ,1
武器職人,鞭,Lv33,Lv50,カルベロビュート,ようせいのひだね,10
武器職人,鞭,Lv33,Lv60,サーペントウィップ,かがみ石,15
武器職人,鞭,Lv33,Lv60,サーペントウィップ,氷の樹木,15
武器職人,鞭,Lv33,Lv60,サーペントウィップ,レッドオーブ,1
武器職人,鞭,Lv33,Lv60,サーペントウィップ,ようせいのひだね,12
武器職人,鞭,Lv34,Lv60,女王のムチ,かがみ石,15
武器職人,鞭,Lv34,Lv60,女王のムチ,あやかしそう,15
武器職人,鞭,Lv34,Lv60,女王のムチ,グリーンオーブ,1
武器職人,鞭,Lv34,Lv60,女王のムチ,ようせいのひだね,12
武器職人,鞭,Lv35,Lv65,魔神のムチ,げんませき,1
武器職人,鞭,Lv35,Lv65,魔神のムチ,へびのぬけがら,5
武器職人,鞭,Lv35,Lv65,魔神のムチ,うるわしキノコ,10
武器職人,鞭,Lv35,Lv65,魔神のムチ,パープルオーブ,1
武器職人,鞭,Lv35,Lv65,魔神のムチ,ようせいのひだね,10
武器職人,鞭,Lv36,Lv70,聖王のムチ,マデュライト,5
武器職人,鞭,Lv36,Lv70,聖王のムチ,黄金の飾りムチ,1
武器職人,鞭,Lv36,Lv70,聖王のムチ,シャークスキン,5
武器職人,鞭,Lv36,Lv70,聖王のムチ,虹色のオーブ,1
武器職人,鞭,Lv36,Lv70,聖王のムチ,ようせいのひだね,5
武器職人,鞭,Lv37,Lv75,トライデントテイル,マデュライト,10
武器職人,鞭,Lv37,Lv75,トライデントテイル,へびのぬけがら,1
武器職人,鞭,Lv37,Lv75,トライデントテイル,シャークスキン,10
武器職人,鞭,Lv37,Lv75,トライデントテイル,虹色のオーブ,1
武器職人,鞭,Lv37,Lv75,トライデントテイル,ようせいのひだね,10
武器職人,鞭,Lv38,Lv80,フリーズウィップ,マデュライト,15
武器職人,鞭,Lv38,Lv80,フリーズウィップ,氷のけっしょう,20
武器職人,鞭,Lv38,Lv80,フリーズウィップ,どくがのこな,20
武器職人,鞭,Lv38,Lv80,フリーズウィップ,虹色のオーブ,1
武器職人,鞭,Lv38,Lv80,フリーズウィップ,ようせいのひだね,10
武器職人,鞭,Lv39,Lv80,ヴォイドアンカー,マデュライト,15
武器職人,鞭,Lv39,Lv80,ヴォイドアンカー,ヘビーメタル,5
武器職人,鞭,Lv39,Lv80,ヴォイドアンカー,シャークスキン,10
武器職人,鞭,Lv39,Lv80,ヴォイドアンカー,虹色のオーブ,1
武器職人,鞭,Lv39,Lv80,ヴォイドアンカー,ようせいのひだね,10
武器職人,鞭,Lv40,Lv85,クロスペンデュラム,ナドラダイト鉱石,3
武器職人,鞭,Lv40,Lv85,クロスペンデュラム,げんませき,2
武器職人,鞭,Lv40,Lv85,クロスペンデュラム,ゴールドストーン,5
武器職人,鞭,Lv40,Lv85,クロスペンデュラム,虹色のオーブ,1
武器職人,鞭,Lv40,Lv85,クロスペンデュラム,ようせいのひだね,5
武器職人,鞭,Lv41,Lv90,スライムウィップ,ナドラダイト鉱石,5
武器職人,鞭,Lv41,Lv90,スライムウィップ,スライムゼリー,20
武器職人,鞭,Lv41,Lv90,スライムウィップ,スライムおしゃれ花,20
武器職人,鞭,Lv41,Lv90,スライムウィップ,シャークスキン,10
武器職人,鞭,Lv41,Lv90,スライムウィップ,ようせいのひだね,5
武器職人,鞭,Lv42,Lv93,ボルケーノウイップ,ナドラダイト鉱石,5
武器職人,鞭,Lv42,Lv93,ボルケーノウイップ,ようがんのカケラ,30
武器職人,鞭,Lv42,Lv93,ボルケーノウイップ,ホカホカストーン,30
武器職人,鞭,Lv42,Lv93,ボルケーノウイップ,ドラゴンの皮,1
武器職人,鞭,Lv42,Lv93,ボルケーノウイップ,ようせいのひだね,5
武器職人,鞭,Lv43,Lv96,アステルウィップ,アステライト鉱石,5
武器職人,鞭,Lv43,Lv96,アステルウィップ,ほしのカケラ,30
武器職人,鞭,Lv43,Lv96,アステルウィップ,ぎんのこうせき,20
武器職人,鞭,Lv43,Lv96,アステルウィップ,黄金の飾りムチ,1
武器職人,鞭,Lv43,Lv96,アステルウィップ,ようせいのひだね,5
武器職人,鞭,Lv44,Lv99,大獄獣のムチ,アステライト鉱石,5
武器職人,鞭,Lv44,Lv99,大獄獣のムチ,激震のキバ,1
武器職人,鞭,Lv44,Lv99,大獄獣のムチ,スライムゼリー,15
武器職人,鞭,Lv44,Lv99,大獄獣のムチ,まじゅうのツノ,2
武器職人,鞭,Lv44,Lv99,大獄獣のムチ,ようせいのひだね,5
武器職人,鞭,Lv45,Lv100,金剛のムチ,アステライト鉱石,10
武器職人,鞭,Lv45,Lv100,金剛のムチ,よるのとばり,5
武器職人,鞭,Lv45,Lv100,金剛のムチ,黄金の飾りムチ,1
武器職人,鞭,Lv45,Lv100,金剛のムチ,へびのぬけがら,15
武器職人,鞭,Lv45,Lv100,金剛のムチ,ようせいのひだね,5
武器職人,鞭,Lv60,Lv105,魔石球のムチ,デモニウム鉱石,5
武器職人,鞭,Lv60,Lv105,魔石球のムチ,暗夜の魔石,2
武器職人,鞭,Lv60,Lv105,魔石球のムチ,ときのすいしょう,5
武器職人,鞭,Lv60,Lv105,魔石球のムチ,まりょくの土,10
武器職人,鞭,Lv60,Lv105,魔石球のムチ,ようせいのひだね,5
武器職人,鞭,Lv65,Lv108,妖蛇のムチ,デモニウム鉱石,5
武器職人,鞭,Lv65,Lv108,妖蛇のムチ,激震のキバ,1
武器職人,鞭,Lv65,Lv108,妖蛇のムチ,へびのぬけがら,5
武器職人,鞭,Lv65,Lv108,妖蛇のムチ,シャークスキン,10
武器職人,鞭,Lv65,Lv108,妖蛇のムチ,ようせいのひだね,5
武器職人,鞭,Lv65,Lv110,クラッシュチェーン,デモニウム鉱石,5
武器職人,鞭,Lv65,Lv110,クラッシュチェーン,ナドラダイト鉱石,1
武器職人,鞭,Lv65,Lv110,クラッシュチェーン,マデュライト,1
武器職人,鞭,Lv65,Lv110,クラッシュチェーン,ぎんのこうせき,5
武器職人,鞭,Lv65,Lv110,クラッシュチェーン,ようせいのひだね,5
武器職人,鞭,Lv65,Lv115,輝天のムチ,フォレース鉱石,30
武器職人,鞭,Lv65,Lv115,輝天のムチ,たそがれゴケ,3
武器職人,鞭,Lv65,Lv115,輝天のムチ,せいれいせき,3
武器職人,鞭,Lv65,Lv115,輝天のムチ,黄金の飾りムチ,1
武器職人,鞭,Lv65,Lv115,輝天のムチ,超ようせいのひだね,6
武器職人,鞭,Lv70,Lv118,ローズソーン,フォレース鉱石,30
武器職人,鞭,Lv70,Lv118,ローズソーン,たそがれゴケ,3
武器職人,鞭,Lv70,Lv118,ローズソーン,レッドローズ,10
武器職人,鞭,Lv70,Lv118,ローズソーン,黄金の飾りムチ,1
武器職人,鞭,Lv70,Lv118,ローズソーン,超ようせいのひだね,7
武器職人,鞭,Lv70,Lv120,セーラスウィップ,フォレース鉱石,30
武器職人,鞭,Lv70,Lv120,セーラスウィップ,純白の結晶,5
武器職人,鞭,Lv70,Lv120,セーラスウィップ,いかずちのたま,20
武器職人,鞭,Lv70,Lv120,セーラスウィップ,黄金の飾りムチ,1
武器職人,鞭,Lv70,Lv120,セーラスウィップ,超ようせいのひだね,8
武器職人,鞭,Lv75,Lv125,モアクラッシュ,ゼーラズマ鉱石,30
武器職人,鞭,Lv75,Lv125,モアクラッシュ,宵闇のジェル,5
武器職人,鞭,Lv75,Lv125,モアクラッシュ,純白の結晶,30
武器職人,鞭,Lv75,Lv125,モアクラッシュ,にじいろの布きれ,5
武器職人,鞭,Lv75,Lv125,モアクラッシュ,超ようせいのひだね,8
武器職人,鞭,Lv75,Lv130,グリンガムのムチ,ゼーラズマ鉱石,30
武器職人,鞭,Lv75,Lv130,グリンガムのムチ,ナドラダイト鉱石,5
武器職人,鞭,Lv75,Lv130,グリンガムのムチ,はがねの尾羽,5
武器職人,鞭,Lv75,Lv130,グリンガムのムチ,よごれたほうたい,20
武器職人,鞭,Lv75,Lv130,グリンガムのムチ,超ようせいのひだね,8
武器職人,鞭,Lv75,Lv132,ミスティカルソーン,ゼーラズマ鉱石,30
武器職人,鞭,Lv75,Lv132,ミスティカルソーン,せいれいせき,6
武器職人,鞭,Lv75,Lv132,ミスティカルソーン,パープルオーブ,18
武器職人,鞭,Lv75,Lv132,ミスティカルソーン,ドラゴンのホネ,30
武器職人,鞭,Lv75,Lv132,ミスティカルソーン,超ようせいのひだね,9
武器職人,槍,Lv12,Lv21,バトルフォーク,てっこうせき,1
武器職人,槍,Lv12,Lv21,バトルフォーク,サバンナウッド,1
武器職人,槍,Lv16,Lv28,いなずまのやり,ぎんのこうせき,1
武器職人,槍,Lv16,Lv28,いなずまのやり,どうのこうせき,1
武器職人,槍,Lv16,Lv28,いなずまのやり,するどいキバ,1
武器職人,槍,Lv17,Lv35,パルチザン,ぎんのこうせき,1
武器職人,槍,Lv17,Lv35,パルチザン,しなやかな枝,1
武器職人,槍,Lv17,Lv35,パルチザン,するどいキバ,1
武器職人,槍,Lv20,Lv35,さじんのやり,ぎんのこうせき,1
武器職人,槍,Lv20,Lv35,さじんのやり,みがきずな,1
武器職人,槍,Lv20,Lv35,さじんのやり,ネコずな,1
武器職人,槍,Lv23,Lv35,グラコスのやり,ぎんのこうせき,1
武器職人,槍,Lv23,Lv35,グラコスのやり,さざなみのしずく,1
武器職人,槍,Lv23,Lv35,グラコスのやり,小さな貝がら,1
武器職人,槍,Lv25,Lv42,プラチナのやり,プラチナこうせき,4
武器職人,槍,Lv25,Lv42,プラチナのやり,ぎんのこうせき,5
武器職人,槍,Lv25,Lv42,プラチナのやり,青い宝石,1
武器職人,槍,Lv25,Lv42,プラチナのやり,ようせいのひだね,4
武器職人,槍,Lv27,Lv42,らいじんのやり,プラチナこうせき,6
武器職人,槍,Lv27,Lv42,らいじんのやり,いかずちのたま,1
武器職人,槍,Lv27,Lv42,らいじんのやり,パープルアイ,1
武器職人,槍,Lv27,Lv42,らいじんのやり,ようせいのひだね,6
武器職人,槍,Lv29,Lv42,デーモンスピア,プラチナこうせき,8
武器職人,槍,Lv29,Lv42,デーモンスピア,暗黒の樹木,1
武器職人,槍,Lv29,Lv42,デーモンスピア,ブルーアイ,1
武器職人,槍,Lv29,Lv42,デーモンスピア,ようせいのひだね,8
武器職人,槍,Lv30,Lv50,オセアノススピア,プラチナこうせき,10
武器職人,槍,Lv30,Lv50,オセアノススピア,赤いサンゴ,30
武器職人,槍,Lv30,Lv50,オセアノススピア,パープルオーブ,1
武器職人,槍,Lv30,Lv50,オセアノススピア,ようせいのひだね,10
武器職人,槍,Lv31,Lv50,えいゆうのやり,プラチナこうせき,12
武器職人,槍,Lv31,Lv50,えいゆうのやり,せいじゃのはい,2
武器職人,槍,Lv31,Lv50,えいゆうのやり,レッドオーブ,1
武器職人,槍,Lv31,Lv50,えいゆうのやり,ようせいのひだね,10
武器職人,槍,Lv33,Lv60,メタスラのやり,ひかりの石,15
武器職人,槍,Lv33,Lv60,メタスラのやり,みがきずな,30
武器職人,槍,Lv33,Lv60,メタスラのやり,メタルのカケラ,1
武器職人,槍,Lv33,Lv60,メタスラのやり,ようせいのひだね,1
武器職人,槍,Lv34,Lv60,聖騎士のやり,せいれいせき,3
武器職人,槍,Lv34,Lv60,聖騎士のやり,せいじゃのはい,2
武器職人,槍,Lv34,Lv60,聖騎士のやり,グリーンオーブ,1
武器職人,槍,Lv34,Lv60,聖騎士のやり,ようせいのひだね,12
武器職人,槍,Lv35,Lv65,きしんのまそう,大きな貝がら,10
武器職人,槍,Lv35,Lv65,きしんのまそう,ドラゴンのツノ,1
武器職人,槍,Lv35,Lv65,きしんのまそう,ビッグサボテン,5
武器職人,槍,Lv35,Lv65,きしんのまそう,ブルーオーブ,1
武器職人,槍,Lv35,Lv65,きしんのまそう,ようせいのひだね,10
武器職人,槍,Lv36,Lv70,聖王のやり,幻獣のホネ,1
武器職人,槍,Lv36,Lv70,聖王のやり,黄金の飾りやり,1
武器職人,槍,Lv36,Lv70,聖王のやり,まじゅうのホネ,3
武器職人,槍,Lv36,Lv70,聖王のやり,虹色のオーブ,1
武器職人,槍,Lv36,Lv70,聖王のやり,ようせいのひだね,5
武器職人,槍,Lv37,Lv75,セラフィムのやり,マデュライト,10
武器職人,槍,Lv37,Lv75,セラフィムのやり,天使のソーマ,3
武器職人,槍,Lv37,Lv75,セラフィムのやり,せいじゃのはい,3
武器職人,槍,Lv37,Lv75,セラフィムのやり,虹色のオーブ,1
武器職人,槍,Lv37,Lv75,セラフィムのやり,ようせいのひだね,10
武器職人,槍,Lv38,Lv80,ブラッドスピアー,マデュライト,15
武器職人,槍,Lv38,Lv80,ブラッドスピアー,よごれたほうたい,5
武器職人,槍,Lv38,Lv80,ブラッドスピアー,赤い宝石,10
武器職人,槍,Lv38,Lv80,ブラッドスピアー,虹色のオーブ,1
武器職人,槍,Lv38,Lv80,ブラッドスピアー,ようせいのひだね,10
武器職人,槍,Lv39,Lv80,アテナの聖槍,マデュライト,15
武器職人,槍,Lv39,Lv80,アテナの聖槍,ひかりの石,20
武器職人,槍,Lv39,Lv80,アテナの聖槍,せいじゃのはい,5
武器職人,槍,Lv39,Lv80,アテナの聖槍,虹色のオーブ,1
武器職人,槍,Lv39,Lv80,アテナの聖槍,ようせいのひだね,10
武器職人,槍,Lv40,Lv85,大鳳のやり,ナドラダイト鉱石,3
武器職人,槍,Lv40,Lv85,大鳳のやり,さえずりのみつ,30
武器職人,槍,Lv40,Lv85,大鳳のやり,かぜきりのはね,1
武器職人,槍,Lv40,Lv85,大鳳のやり,虹色のオーブ,1
武器職人,槍,Lv40,Lv85,大鳳のやり,ようせいのひだね,5
武器職人,槍,Lv41,Lv90,タワーランス,ナドラダイト鉱石,5
武器職人,槍,Lv41,Lv90,タワーランス,ほしのカケラ,30
武器職人,槍,Lv41,Lv90,タワーランス,まりょくの土,30
武器職人,槍,Lv41,Lv90,タワーランス,マデュライト,10
武器職人,槍,Lv41,Lv90,タワーランス,ようせいのひだね,5
武器職人,槍,Lv42,Lv93,ガブリエルのヤリ,ナドラダイト鉱石,5
武器職人,槍,Lv42,Lv93,ガブリエルのヤリ,天使のソーマ,5
武器職人,槍,Lv42,Lv93,ガブリエルのヤリ,ひかりの石,10
武器職人,槍,Lv42,Lv93,ガブリエルのヤリ,黄金の飾りヤリ,1
武器職人,槍,Lv42,Lv93,ガブリエルのヤリ,ようせいのひだね,5
武器職人,槍,Lv43,Lv96,轟雷のやり,アステライト鉱石,5
武器職人,槍,Lv43,Lv96,轟雷のやり,いかずちのたま,10
武器職人,槍,Lv43,Lv96,轟雷のやり,赤いサンゴ,30
武器職人,槍,Lv43,Lv96,轟雷のやり,どうのこうせき,30
武器職人,槍,Lv43,Lv96,轟雷のやり,ようせいのひだね,5
武器職人,槍,Lv44,Lv99,神域のやり,アステライト鉱石,5
武器職人,槍,Lv44,Lv99,神域のやり,せいれいせき,1
武器職人,槍,Lv44,Lv99,神域のやり,プラチナこうせき,30
武器職人,槍,Lv44,Lv99,神域のやり,青い宝石,20
武器職人,槍,Lv44,Lv99,神域のやり,ようせいのひだね,5
武器職人,槍,Lv45,Lv100,星石のハルバード,アステライト鉱石,10
武器職人,槍,Lv45,Lv100,星石のハルバード,大地の羽毛,2
武器職人,槍,Lv45,Lv100,星石のハルバード,黄金の飾りヤリ,1
武器職人,槍,Lv45,Lv100,星石のハルバード,ほしのカケラ,30
武器職人,槍,Lv45,Lv100,星石のハルバード,ようせいのひだね,5
武器職人,槍,Lv60,Lv105,デンジャーランス,デモニウム鉱石,5
武器職人,槍,Lv60,Lv105,デンジャーランス,激震のキバ,1
武器職人,槍,Lv60,Lv105,デンジャーランス,幻獣のホネ,5
武器職人,槍,Lv60,Lv105,デンジャーランス,大きな化石,10
武器職人,槍,Lv60,Lv105,デンジャーランス,ようせいのひだね,5
武器職人,槍,Lv65,Lv108,オウマガトキ,デモニウム鉱石,5
武器職人,槍,Lv65,Lv108,オウマガトキ,宵闇のジェル,1
武器職人,槍,Lv65,Lv108,オウマガトキ,ドラゴンのホネ,5
武器職人,槍,Lv65,Lv108,オウマガトキ,大きな化石,10
武器職人,槍,Lv65,Lv108,オウマガトキ,ようせいのひだね,5
武器職人,槍,Lv65,Lv110,クアドラピアー,デモニウム鉱石,5
武器職人,槍,Lv65,Lv110,クアドラピアー,ナドラダイト鉱石,1
武器職人,槍,Lv65,Lv110,クアドラピアー,マデュライト,1
武器職人,槍,Lv65,Lv110,クアドラピアー,レッドベリー,5
武器職人,槍,Lv65,Lv110,クアドラピアー,ようせいのひだね,5
武器職人,槍,Lv65,Lv115,輝天のやり,フォレース鉱石,30
武器職人,槍,Lv65,Lv115,輝天のやり,神秘の鋼線,3
武器職人,槍,Lv65,Lv115,輝天のやり,いかずちのたま,10
武器職人,槍,Lv65,Lv115,輝天のやり,アステライト鉱石,5
武器職人,槍,Lv65,Lv115,輝天のやり,超ようせいのひだね,6
武器職人,槍,Lv70,Lv118,不死鳥のやり,フォレース鉱石,30
武器職人,槍,Lv70,Lv118,不死鳥のやり,火竜のキバ,3
武器職人,槍,Lv70,Lv118,不死鳥のやり,炎魔の焼け石,3
武器職人,槍,Lv70,Lv118,不死鳥のやり,せいじゃのはい,30
武器職人,槍,Lv70,Lv118,不死鳥のやり,超ようせいのひだね,7
武器職人,槍,Lv70,Lv120,セーラスランス,フォレース鉱石,30
武器職人,槍,Lv70,Lv120,セーラスランス,純白の結晶,5
武器職人,槍,Lv70,Lv120,セーラスランス,とこしえの虹,5
武器職人,槍,Lv70,Lv120,セーラスランス,黄金の飾りヤリ,1
武器職人,槍,Lv70,Lv120,セーラスランス,超ようせいのひだね,8
武器職人,槍,Lv75,Lv125,カプリコルランス,ゼーラズマ鉱石,30
武器職人,槍,Lv75,Lv125,カプリコルランス,地竜のツメ,3
武器職人,槍,Lv75,Lv125,カプリコルランス,彼岸の砂,20
武器職人,槍,Lv75,Lv125,カプリコルランス,黄金の飾りヤリ,1
武器職人,槍,Lv75,Lv125,カプリコルランス,超ようせいのひだね,8
武器職人,槍,Lv75,Lv130,クロワランス,ゼーラズマ鉱石,30
武器職人,槍,Lv75,Lv130,クロワランス,暗夜の魔石,3
武器職人,槍,Lv75,Lv130,クロワランス,つきのめぐみ,10
武器職人,槍,Lv75,Lv130,クロワランス,ヘビーメタル,30
武器職人,槍,Lv75,Lv130,クロワランス,超ようせいのひだね,8
武器職人,槍,Lv75,Lv132,ミカヅチのやり,ゼーラズマ鉱石,30
武器職人,槍,Lv75,Lv132,ミカヅチのやり,宵闇のジェル,4
武器職人,槍,Lv75,Lv132,ミカヅチのやり,ヘビーメタル,20
武器職人,槍,Lv75,Lv132,ミカヅチのやり,黄金の飾りヤリ,2
武器職人,槍,Lv75,Lv132,ミカヅチのやり,超ようせいのひだね,9
武器職人,ハンマー,Lv13,Lv21,ウォーハンマー,ぎんのこうせき,1
武器職人,ハンマー,Lv13,Lv21,ウォーハンマー,ブルーアイ,1
武器職人,ハンマー,Lv16,Lv28,バトルスタンパー,ぎんのこうせき,1
武器職人,ハンマー,Lv16,Lv28,バトルスタンパー,げんこつダケ,1
武器職人,ハンマー,Lv16,Lv28,バトルスタンパー,小さなホネ,1
武器職人,ハンマー,Lv18,Lv35,おにのかなぼう,ぎんのこうせき,1
武器職人,ハンマー,Lv18,Lv35,おにのかなぼう,小さな化石,1
武器職人,ハンマー,Lv18,Lv35,おにのかなぼう,するどい爪,1
武器職人,ハンマー,Lv21,Lv35,ボーンクラッシャー,ぎんのこうせき,1
武器職人,ハンマー,Lv21,Lv35,ボーンクラッシャー,するどい爪,1
武器職人,ハンマー,Lv21,Lv35,ボーンクラッシャー,するどいキバ,1
武器職人,ハンマー,Lv24,Lv35,マジックトンカチ,ぎんのこうせき,1
武器職人,ハンマー,Lv24,Lv35,マジックトンカチ,小さなホネ,1
武器職人,ハンマー,Lv24,Lv35,マジックトンカチ,まりょくの土,1
武器職人,ハンマー,Lv26,Lv42,プラチナハンマー,プラチナこうせき,4
武器職人,ハンマー,Lv26,Lv42,プラチナハンマー,大きなこうら,2
武器職人,ハンマー,Lv26,Lv42,プラチナハンマー,せいれいせき,1
武器職人,ハンマー,Lv26,Lv42,プラチナハンマー,ようせいのひだね,4
武器職人,ハンマー,Lv28,Lv42,ツンドラハンマー,プラチナこうせき,6
武器職人,ハンマー,Lv28,Lv42,ツンドラハンマー,氷の樹木,4
武器職人,ハンマー,Lv28,Lv42,ツンドラハンマー,ブルーアイ,1
武器職人,ハンマー,Lv28,Lv42,ツンドラハンマー,ようせいのひだね,6
武器職人,ハンマー,Lv30,Lv42,ボルカノハンマー,プラチナこうせき,8
武器職人,ハンマー,Lv30,Lv42,ボルカノハンマー,ようがんのカケラ,1
武器職人,ハンマー,Lv30,Lv42,ボルカノハンマー,レッドアイ,1
武器職人,ハンマー,Lv30,Lv42,ボルカノハンマー,ようせいのひだね,8
武器職人,ハンマー,Lv30,Lv50,グレートハンマー,プラチナこうせき,10
武器職人,ハンマー,Lv30,Lv50,グレートハンマー,ほしのカケラ,15
武器職人,ハンマー,Lv30,Lv50,グレートハンマー,グリーンオーブ,1
武器職人,ハンマー,Lv30,Lv50,グレートハンマー,ようせいのひだね,10
武器職人,ハンマー,Lv32,Lv50,きょじんのハンマー,プラチナこうせき,12
武器職人,ハンマー,Lv32,Lv50,きょじんのハンマー,大きなホネ,3
武器職人,ハンマー,Lv32,Lv50,きょじんのハンマー,ブルーオーブ,1
武器職人,ハンマー,Lv32,Lv50,きょじんのハンマー,ようせいのひだね,10
武器職人,ハンマー,Lv33,Lv60,ゴードンハンマー,ホカホカストーン,15
武器職人,ハンマー,Lv33,Lv60,ゴードンハンマー,ふしぎなドロドロ,30
武器職人,ハンマー,Lv33,Lv60,ゴードンハンマー,レッドオーブ,1
武器職人,ハンマー,Lv33,Lv60,ゴードンハンマー,ようせいのひだね,12
武器職人,ハンマー,Lv34,Lv60,メガトンハンマー,ヘビーメタル,3
武器職人,ハンマー,Lv34,Lv60,メガトンハンマー,大きなホネ,5
武器職人,ハンマー,Lv34,Lv60,メガトンハンマー,パープルオーブ,1
武器職人,ハンマー,Lv34,Lv60,メガトンハンマー,ようせいのひだね,12
武器職人,ハンマー,Lv35,Lv65,まじんのかなづち,せいれいせき,2
武器職人,ハンマー,Lv35,Lv65,まじんのかなづち,まじゅうのホネ,10
武器職人,ハンマー,Lv35,Lv65,まじんのかなづち,メタルのカケラ,1
武器職人,ハンマー,Lv35,Lv65,まじんのかなづち,ブルーオーブ,1
武器職人,ハンマー,Lv35,Lv65,まじんのかなづち,ようせいのひだね,10
武器職人,ハンマー,Lv36,Lv70,聖王のハンマー,幻獣のホネ,1
武器職人,ハンマー,Lv36,Lv70,聖王のハンマー,黄金の飾りハンマー,1
武器職人,ハンマー,Lv36,Lv70,聖王のハンマー,ヘビーメタル,3
武器職人,ハンマー,Lv36,Lv70,聖王のハンマー,虹色のオーブ,1
武器職人,ハンマー,Lv36,Lv70,聖王のハンマー,ようせいのひだね,5
武器職人,ハンマー,Lv37,Lv75,大地くだき,幻獣のホネ,2
武器職人,ハンマー,Lv37,Lv75,大地くだき,小さな化石,30
武器職人,ハンマー,Lv37,Lv75,大地くだき,ヘビーメタル,5
武器職人,ハンマー,Lv37,Lv75,大地くだき,虹色のオーブ,1
武器職人,ハンマー,Lv37,Lv75,大地くだき,ようせいのひだね,10
武器職人,ハンマー,Lv38,Lv80,バレットハンマー,マデュライト,15
武器職人,ハンマー,Lv38,Lv80,バレットハンマー,みがきずな,30
武器職人,ハンマー,Lv38,Lv80,バレットハンマー,ようがんのカケラ,30
武器職人,ハンマー,Lv38,Lv80,バレットハンマー,虹色のオーブ,1
武器職人,ハンマー,Lv38,Lv80,バレットハンマー,ようせいのひだね,10
武器職人,ハンマー,Lv39,Lv80,天使の鉄槌,マデュライト,15
武器職人,ハンマー,Lv39,Lv80,天使の鉄槌,天使のソーマ,5
武器職人,ハンマー,Lv39,Lv80,天使の鉄槌,てっこうせき,30
武器職人,ハンマー,Lv39,Lv80,天使の鉄槌,虹色のオーブ,1
武器職人,ハンマー,Lv39,Lv80,天使の鉄槌,ようせいのひだね,10
武器職人,ハンマー,Lv40,Lv85,魔炎のおおづち,ナドラダイト鉱石,3
武器職人,ハンマー,Lv40,Lv85,魔炎のおおづち,ようがんのカケラ,20
武器職人,ハンマー,Lv40,Lv85,魔炎のおおづち,暗黒の樹木,20
武器職人,ハンマー,Lv40,Lv85,魔炎のおおづち,虹色のオーブ,1
武器職人,ハンマー,Lv40,Lv85,魔炎のおおづち,ようせいのひだね,5
武器職人,ハンマー,Lv41,Lv90,ギガスクラッパー,ナドラダイト鉱石,5
武器職人,ハンマー,Lv41,Lv90,ギガスクラッパー,幻獣のホネ,1
武器職人,ハンマー,Lv41,Lv90,ギガスクラッパー,まじゅうのホネ,5
武器職人,ハンマー,Lv41,Lv90,ギガスクラッパー,緑のコケ,30
武器職人,ハンマー,Lv41,Lv90,ギガスクラッパー,ようせいのひだね,5
武器職人,ハンマー,Lv42,Lv93,スカルブレイク,ナドラダイト鉱石,5
武器職人,ハンマー,Lv42,Lv93,スカルブレイク,小さなホネ,30
武器職人,ハンマー,Lv42,Lv93,スカルブレイク,まじゅうのホネ,5
武器職人,ハンマー,Lv42,Lv93,スカルブレイク,ドラゴンのホネ,5
武器職人,ハンマー,Lv42,Lv93,スカルブレイク,ようせいのひだね,5
武器職人,ハンマー,Lv43,Lv96,アンタッチャブル,アステライト鉱石,5
武器職人,ハンマー,Lv43,Lv96,アンタッチャブル,するどい爪,30
武器職人,ハンマー,Lv43,Lv96,アンタッチャブル,ヘビーメタル,10
武器職人,ハンマー,Lv43,Lv96,アンタッチャブル,プラチナこうせき,20
武器職人,ハンマー,Lv43,Lv96,アンタッチャブル,ようせいのひだね,5
武器職人,ハンマー,Lv44,Lv99,神域のハンマー,アステライト鉱石,5
武器職人,ハンマー,Lv44,Lv99,神域のハンマー,ヘビーメタル,10
武器職人,ハンマー,Lv44,Lv99,神域のハンマー,おうごんのかけら,30
武器職人,ハンマー,Lv44,Lv99,神域のハンマー,ぎんのこうせき,30
武器職人,ハンマー,Lv44,Lv99,神域のハンマー,ようせいのひだね,5
武器職人,ハンマー,Lv45,Lv100,星球の鉄槌,アステライト鉱石,10
武器職人,ハンマー,Lv45,Lv100,星球の鉄槌,神秘の鋼線,1
武器職人,ハンマー,Lv45,Lv100,星球の鉄槌,ときのすいしょう,10
武器職人,ハンマー,Lv45,Lv100,星球の鉄槌,ほしのカケラ,30
武器職人,ハンマー,Lv45,Lv100,星球の鉄槌,ようせいのひだね,5
武器職人,ハンマー,Lv60,Lv105,ディープブルー,デモニウム鉱石,5
武器職人,ハンマー,Lv60,Lv105,ディープブルー,人魚の涙,1
武器職人,ハンマー,Lv60,Lv105,ディープブルー,ときのすいしょう,10
武器職人,ハンマー,Lv60,Lv105,ディープブルー,ふしぎな海草,20
武器職人,ハンマー,Lv60,Lv105,ディープブルー,ようせいのひだね,5
武器職人,ハンマー,Lv65,Lv108,ヘビースタンプ,デモニウム鉱石,5
武器職人,ハンマー,Lv65,Lv108,ヘビースタンプ,神秘の鋼線,1
武器職人,ハンマー,Lv65,Lv108,ヘビースタンプ,ヘビーメタル,2
武器職人,ハンマー,Lv65,Lv108,ヘビースタンプ,つけもの石,10
武器職人,ハンマー,Lv65,Lv108,ヘビースタンプ,ようせいのひだね,5
武器職人,ハンマー,Lv65,Lv110,悪魔王の鉄槌,デモニウム鉱石,5
武器職人,ハンマー,Lv65,Lv110,悪魔王の鉄槌,まじゅうのツノ,1
武器職人,ハンマー,Lv65,Lv110,悪魔王の鉄槌,マデュライト,1
武器職人,ハンマー,Lv65,Lv110,悪魔王の鉄槌,小さなホネ,5
武器職人,ハンマー,Lv65,Lv110,悪魔王の鉄槌,ようせいのひだね,5
武器職人,ハンマー,Lv65,Lv115,輝天のハンマー,フォレース鉱石,30
武器職人,ハンマー,Lv65,Lv115,輝天のハンマー,純白の結晶,3
武器職人,ハンマー,Lv65,Lv115,輝天のハンマー,ヘビーメタル,20
武器職人,ハンマー,Lv65,Lv115,輝天のハンマー,ホワイトパール,30
武器職人,ハンマー,Lv65,Lv115,輝天のハンマー,超ようせいのひだね,6
武器職人,ハンマー,Lv70,Lv118,疾風怒涛,フォレース鉱石,30
武器職人,ハンマー,Lv70,Lv118,疾風怒涛,烈風石,3
武器職人,ハンマー,Lv70,Lv118,疾風怒涛,さざなみのしずく,30
武器職人,ハンマー,Lv70,Lv118,疾風怒涛,イエローアイ,30
武器職人,ハンマー,Lv70,Lv118,疾風怒涛,超ようせいのひだね,7
武器職人,ハンマー,Lv70,Lv120,セーラスハンマー,フォレース鉱石,30
武器職人,ハンマー,Lv70,Lv120,セーラスハンマー,せいれいせき,5
武器職人,ハンマー,Lv70,Lv120,セーラスハンマー,幻獣のホネ,3
武器職人,ハンマー,Lv70,Lv120,セーラスハンマー,黄金の飾りハンマー,1
武器職人,ハンマー,Lv70,Lv120,セーラスハンマー,超ようせいのひだね,8
武器職人,ハンマー,Lv75,Lv125,タウルスハンマー,ゼーラズマ鉱石,30
武器職人,ハンマー,Lv75,Lv125,タウルスハンマー,悲願の血涙,3
武器職人,ハンマー,Lv75,Lv125,タウルスハンマー,ヘビーメタル,20
武器職人,ハンマー,Lv75,Lv125,タウルスハンマー,黄金の飾りハンマー,1
武器職人,ハンマー,Lv75,Lv125,タウルスハンマー,超ようせいのひだね,8
武器職人,ハンマー,Lv75,Lv130,アメジストライク,ゼーラズマ鉱石,30
武器職人,ハンマー,Lv75,Lv130,アメジストライク,デモニウム鉱石,3
武器職人,ハンマー,Lv75,Lv130,アメジストライク,ドラゴンのホネ,20
武器職人,ハンマー,Lv75,Lv130,アメジストライク,パープルオーブ,10
武器職人,ハンマー,Lv75,Lv130,アメジストライク,超ようせいのひだね,8
武器職人,ハンマー,Lv75,Lv132,ポラリスハンマー,ゼーラズマ鉱石,30
武器職人,ハンマー,Lv75,Lv132,ポラリスハンマー,ときのすいしょう,16
武器職人,ハンマー,Lv75,Lv132,ポラリスハンマー,竜の涙,5
武器職人,ハンマー,Lv75,Lv132,ポラリスハンマー,黄金の飾りハンマー,2
武器職人,ハンマー,Lv75,Lv132,ポラリスハンマー,超ようせいのひだね,9
武器職人,ブーメラン,Lv12,Lv21,ウイングエッジ,ぎんのこうせき,1
武器職人,ブーメラン,Lv12,Lv21,ウイングエッジ,ひかりの石,1
武器職人,ブーメラン,Lv16,Lv28,かぜのブーメラン,ぎんのこうせき,1
武器職人,ブーメラン,Lv16,Lv28,かぜのブーメラン,どうのこうせき,1
武器職人,ブーメラン,Lv16,Lv28,かぜのブーメラン,しおかぜ草,1
武器職人,ブーメラン,Lv17,Lv35,ニンジャカッター,ぎんのこうせき,1
武器職人,ブーメラン,Lv17,Lv35,ニンジャカッター,こうもりのはね,1
武器職人,ブーメラン,Lv17,Lv35,ニンジャカッター,さくらの花びら,1
武器職人,ブーメラン,Lv20,Lv35,マジックチャクラム,ぎんのこうせき,1
武器職人,ブーメラン,Lv20,Lv35,マジックチャクラム,まりょくの土,1
武器職人,ブーメラン,Lv20,Lv35,マジックチャクラム,グリーンアイ,1
武器職人,ブーメラン,Lv23,Lv35,ツインスワロー,ぎんのこうせき,1
武器職人,ブーメラン,Lv23,Lv35,ツインスワロー,どうのこうせき,1
武器職人,ブーメラン,Lv23,Lv35,ツインスワロー,小さなホネ,1
武器職人,ブーメラン,Lv25,Lv42,プラチナウィング,プラチナこうせき,4
武器職人,ブーメラン,Lv25,Lv42,プラチナウィング,せいれいせき,3
武器職人,ブーメラン,Lv25,Lv42,プラチナウィング,大きな貝がら,3
武器職人,ブーメラン,Lv25,Lv42,プラチナウィング,ようせいのひだね,4
武器職人,ブーメラン,Lv27,Lv42,こおりのブーメラン,プラチナこうせき,6
武器職人,ブーメラン,Lv27,Lv42,こおりのブーメラン,氷のけっしょう,3
武器職人,ブーメラン,Lv27,Lv42,こおりのブーメラン,ブルーアイ,1
武器職人,ブーメラン,Lv27,Lv42,こおりのブーメラン,ようせいのひだね,6
武器職人,ブーメラン,Lv29,Lv42,ほのおのブーメラン,プラチナこうせき,8
武器職人,ブーメラン,Lv29,Lv42,ほのおのブーメラン,ようがんのカケラ,1
武器職人,ブーメラン,Lv29,Lv42,ほのおのブーメラン,レッドアイ,1
武器職人,ブーメラン,Lv29,Lv42,ほのおのブーメラン,ようせいのひだね,8
武器職人,ブーメラン,Lv30,Lv50,ブラックコンドル,プラチナこうせき,10
武器職人,ブーメラン,Lv30,Lv50,ブラックコンドル,かぜきりのはね,1
武器職人,ブーメラン,Lv30,Lv50,ブラックコンドル,グリーンオーブ,1
武器職人,ブーメラン,Lv30,Lv50,ブラックコンドル,ようせいのひだね,10
武器職人,ブーメラン,Lv32,Lv50,サザンクロス,プラチナこうせき,12
武器職人,ブーメラン,Lv32,Lv50,サザンクロス,ほしのカケラ,15
武器職人,ブーメラン,Lv32,Lv50,サザンクロス,レッドオーブ,1
武器職人,ブーメラン,Lv32,Lv50,サザンクロス,ようせいのひだね,10
武器職人,ブーメラン,Lv33,Lv60,メタルウィング,ひかりの石,15
武器職人,ブーメラン,Lv33,Lv60,メタルウィング,よごれたほうたい,10
武器職人,ブーメラン,Lv33,Lv60,メタルウィング,メタルのカケラ,1
武器職人,ブーメラン,Lv33,Lv60,メタルウィング,ようせいのひだね,12
武器職人,ブーメラン,Lv34,Lv60,ペンタグラム,ひかりの石,15
武器職人,ブーメラン,Lv34,Lv60,ペンタグラム,きんかい,1
武器職人,ブーメラン,Lv34,Lv60,ペンタグラム,イエローオーブ,1
武器職人,ブーメラン,Lv34,Lv60,ペンタグラム,ようせいのひだね,12
武器職人,ブーメラン,Lv35,Lv65,メテオエッジ,ほしのカケラ,40
武器職人,ブーメラン,Lv35,Lv65,メテオエッジ,かぜきりのはね,1
武器職人,ブーメラン,Lv35,Lv65,メテオエッジ,いかずちのたま,1
武器職人,ブーメラン,Lv35,Lv65,メテオエッジ,パープルオーブ,1
武器職人,ブーメラン,Lv35,Lv65,メテオエッジ,ようせいのひだね,10
武器職人,ブーメラン,Lv36,Lv70,聖王のブーメラン,マデュライト,5
武器職人,ブーメラン,Lv36,Lv70,聖王のブーメラン,黄金の飾りブーメラン,1
武器職人,ブーメラン,Lv36,Lv70,聖王のブーメラン,スライムゼリー,10
武器職人,ブーメラン,Lv36,Lv70,聖王のブーメラン,虹色のオーブ,1
武器職人,ブーメラン,Lv36,Lv70,聖王のブーメラン,ようせいのひだね,5
武器職人,ブーメラン,Lv37,Lv75,ブルーファルコン,メタルのカケラ,2
武器職人,ブーメラン,Lv37,Lv75,ブルーファルコン,するどいツメ,20
武器職人,ブーメラン,Lv37,Lv75,ブルーファルコン,かぜきりのはね,1
武器職人,ブーメラン,Lv37,Lv75,ブルーファルコン,ようせいのひだね,10
武器職人,ブーメラン,Lv37,Lv75,ブルーファルコン,虹色のオーブ,1
武器職人,ブーメラン,Lv38,Lv80,トライチャクラム,マデュライト石,15
武器職人,ブーメラン,Lv38,Lv80,トライチャクラム,せいれいせき,1
武器職人,ブーメラン,Lv38,Lv80,トライチャクラム,なないろのまゆ,30
武器職人,ブーメラン,Lv38,Lv80,トライチャクラム,虹色のオーブ,1
武器職人,ブーメラン,Lv38,Lv80,トライチャクラム,ようせいのひだね,10
武器職人,ブーメラン,Lv39,Lv80,ダークスター,マデュライト,15
武器職人,ブーメラン,Lv39,Lv80,ダークスター,ほしのカケラ,30
武器職人,ブーメラン,Lv39,Lv80,ダークスター,暗黒の樹木,10
武器職人,ブーメラン,Lv39,Lv80,ダークスター,虹色のオーブ,1
武器職人,ブーメラン,Lv39,Lv80,ダークスター,ようせいのひだね,10
武器職人,ブーメラン,Lv40,Lv85,妖鳥のくちばし,ナドラダイト鉱石,3
武器職人,ブーメラン,Lv40,Lv85,妖鳥のくちばし,あやかしそう,10
武器職人,ブーメラン,Lv40,Lv85,妖鳥のくちばし,幻獣のホネ,1
武器職人,ブーメラン,Lv40,Lv85,妖鳥のくちばし,虹色のオーブ,1
武器職人,ブーメラン,Lv40,Lv85,妖鳥のくちばし,ようせいのひだね,5
武器職人,ブーメラン,Lv41,Lv90,ビーナスエッジ,ナドラダイト鉱石,5
武器職人,ブーメラン,Lv41,Lv90,ビーナスエッジ,せいれいせき,1
武器職人,ブーメラン,Lv41,Lv90,ビーナスエッジ,せいじゃのはい,10
武器職人,ブーメラン,Lv41,Lv90,ビーナスエッジ,アモールの水,30
武器職人,ブーメラン,Lv41,Lv90,ビーナスエッジ,ようせいのひだね,5
武器職人,ブーメラン,Lv42,Lv93,黒曜のマンダラ,ナドラダイト鉱石,5
武器職人,ブーメラン,Lv42,Lv93,黒曜のマンダラ,ナイトメアリーフ,1
武器職人,ブーメラン,Lv42,Lv93,黒曜のマンダラ,緑の宝石,10
武器職人,ブーメラン,Lv42,Lv93,黒曜のマンダラ,まりょくの土,30
武器職人,ブーメラン,Lv42,Lv93,黒曜のマンダラ,ようせいのひだね,5
武器職人,ブーメラン,Lv43,Lv96,エンジェルウィング,アステライト鉱石,5
武器職人,ブーメラン,Lv43,Lv96,エンジェルウィング,さえずりのみつ,20
武器職人,ブーメラン,Lv43,Lv96,エンジェルウィング,天使のソーマ,5
武器職人,ブーメラン,Lv43,Lv96,エンジェルウィング,かぜきりのはね,1
武器職人,ブーメラン,Lv43,Lv96,エンジェルウィング,ようせいのひだね,5
武器職人,ブーメラン,Lv44,Lv99,アカシックウィング,アステライト鉱石,5
武器職人,ブーメラン,Lv44,Lv99,アカシックウィング,烈風石,1
武器職人,ブーメラン,Lv44,Lv99,アカシックウィング,ゴールドストーン,10
武器職人,ブーメラン,Lv44,Lv99,アカシックウィング,プラチナこうせき,15
武器職人,ブーメラン,Lv44,Lv99,アカシックウィング,ようせいのひだね,5
武器職人,ブーメラン,Lv45,Lv100,ステラツイスター,アステライト鉱石,10
武器職人,ブーメラン,Lv45,Lv100,ステラツイスター,ほしのカケラ,30
武器職人,ブーメラン,Lv45,Lv100,ステラツイスター,黄金の飾りブーメラン,1
武器職人,ブーメラン,Lv45,Lv100,ステラツイスター,よるのとばり,10
武器職人,ブーメラン,Lv45,Lv100,ステラツイスター,ようせいのひだね,5
武器職人,ブーメラン,Lv60,Lv105,ドラゴンウィング,デモニウム鉱石,5
武器職人,ブーメラン,Lv60,Lv105,ドラゴンウィング,烈風石,1
武器職人,ブーメラン,Lv60,Lv105,ドラゴンウィング,幻獣の皮,5
武器職人,ブーメラン,Lv60,Lv105,ドラゴンウィング,こうもりのはね,10
武器職人,ブーメラン,Lv60,Lv105,ドラゴンウィング,ようせいのひだね,5
武器職人,ブーメラン,Lv65,Lv108,希水晶のブーメラン,デモニウム鉱石,5
武器職人,ブーメラン,Lv65,Lv108,希水晶のブーメラン,たそがれゴケ,2
武器職人,ブーメラン,Lv65,Lv108,希水晶のブーメラン,ときのすいしょう,5
武器職人,ブーメラン,Lv65,Lv108,希水晶のブーメラン,黄色の宝石,5
武器職人,ブーメラン,Lv65,Lv108,希水晶のブーメラン,ようせいのひだね,5
武器職人,ブーメラン,Lv65,Lv110,ファルコンウィング,デモニウム鉱石,5
武器職人,ブーメラン,Lv65,Lv110,ファルコンウィング,まじゅうの皮,1
武器職人,ブーメラン,Lv65,Lv110,ファルコンウィング,大地の羽毛,1
武器職人,ブーメラン,Lv65,Lv110,ファルコンウィング,レッドベリー,5
武器職人,ブーメラン,Lv65,Lv110,ファルコンウィング,ようせいのひだね,5
武器職人,ブーメラン,Lv65,Lv115,輝天のブーメラン,フォレース鉱石,30
武器職人,ブーメラン,Lv65,Lv115,輝天のブーメラン,大地の羽毛,10
武器職人,ブーメラン,Lv65,Lv115,輝天のブーメラン,せいれいせき,3
武器職人,ブーメラン,Lv65,Lv115,輝天のブーメラン,黄金の飾りブーメラン,1
武器職人,ブーメラン,Lv65,Lv115,輝天のブーメラン,超ようせいのひだね,6
武器職人,ブーメラン,Lv70,Lv118,ゴッドスロウ,フォレース鉱石,30
武器職人,ブーメラン,Lv70,Lv118,ゴッドスロウ,純白の結晶,3
武器職人,ブーメラン,Lv70,Lv118,ゴッドスロウ,幻獣のホネ,5
武器職人,ブーメラン,Lv70,Lv118,ゴッドスロウ,黄金の飾りブーメラン,1
武器職人,ブーメラン,Lv70,Lv118,ゴッドスロウ,超ようせいのひだね,7
武器職人,ブーメラン,Lv70,Lv120,セーラスエッジ,フォレース鉱石,30
武器職人,ブーメラン,Lv70,Lv120,セーラスエッジ,風竜の羽毛,5
武器職人,ブーメラン,Lv70,Lv120,セーラスエッジ,ラベンダースズラン,10
武器職人,ブーメラン,Lv70,Lv120,セーラスエッジ,かぜきりのはね,5
武器職人,ブーメラン,Lv70,Lv120,セーラスエッジ,超ようせいのひだね,8
武器職人,ブーメラン,Lv75,Lv125,フォーリンスター,ゼーラズマ鉱石,30
武器職人,ブーメラン,Lv75,Lv125,フォーリンスター,水竜のうろこ,3
武器職人,ブーメラン,Lv75,Lv125,フォーリンスター,つきのめぐみ,30
武器職人,ブーメラン,Lv75,Lv125,フォーリンスター,黄金の飾りブーメラン,1
武器職人,ブーメラン,Lv75,Lv125,フォーリンスター,超ようせいのひだね,8
武器職人,ブーメラン,Lv75,Lv130,ピスケスエッジ,ゼーラズマ鉱石,30
武器職人,ブーメラン,Lv75,Lv130,ピスケスエッジ,水竜のうろこ,10
武器職人,ブーメラン,Lv75,Lv130,ピスケスエッジ,大きなうろこ,30
武器職人,ブーメラン,Lv75,Lv130,ピスケスエッジ,黄金の飾りブーメラン,1
武器職人,ブーメラン,Lv75,Lv130,ピスケスエッジ,超ようせいのひだね,8
武器職人,ブーメラン,Lv75,Lv132,クリスターライト,ゼーラズマ鉱石,30
武器職人,ブーメラン,Lv75,Lv132,クリスターライト,トガリアのしずく,6
武器職人,ブーメラン,Lv75,Lv132,クリスターライト,氷のけっしょう,18
武器職人,ブーメラン,Lv75,Lv132,クリスターライト,こんじきの雲,3
武器職人,ブーメラン,Lv75,Lv132,クリスターライト,超ようせいのひだね,9
武器職人,鎌,Lv30,Lv50,魔除けの鎌,プラチナこうせき,10
武器職人,鎌,Lv30,Lv50,魔除けの鎌,小さなホネ,15
武器職人,鎌,Lv30,Lv50,魔除けの鎌,レッドオーブ,1
武器職人,鎌,Lv30,Lv50,魔除けの鎌,ようせいのひだね,10
武器職人,鎌,Lv35,Lv60,ダークサイズ,小さな化石,30
武器職人,鎌,Lv35,Lv60,ダークサイズ,よるのとばり,5
武器職人,鎌,Lv35,Lv60,ダークサイズ,パープルオーブ,1
武器職人,鎌,Lv35,Lv60,ダークサイズ,ようせいのいひだね,12
武器職人,鎌,Lv40,Lv70,さばきの鎌,かがみ石,20
武器職人,鎌,Lv40,Lv70,さばきの鎌,緑のコケ,30
武器職人,鎌,Lv40,Lv70,さばきの鎌,いかずちのたま,5
武器職人,鎌,Lv40,Lv70,さばきの鎌,虹色のオーブ,1
武器職人,鎌,Lv40,Lv70,さばきの鎌,ようせいのいひだね,5
武器職人,鎌,Lv45,Lv80,魔導の鎌,マデュライト,15
武器職人,鎌,Lv45,Lv80,魔導の鎌,大きな化石,20
武器職人,鎌,Lv45,Lv80,魔導の鎌,パープルアイ,20
武器職人,鎌,Lv45,Lv80,魔導の鎌,虹色のオーブ,1
武器職人,鎌,Lv45,Lv80,魔導の鎌,ようせいのいひだね,10
武器職人,鎌,Lv50,Lv90,デーモンサイズ,ナドラダイト鉱石,5
武器職人,鎌,Lv50,Lv90,デーモンサイズ,烈風石,1
武器職人,鎌,Lv50,Lv90,デーモンサイズ,まじゅうのツノ,1
武器職人,鎌,Lv50,Lv90,デーモンサイズ,緑のコケ,10
武器職人,鎌,Lv50,Lv90,デーモンサイズ,ようせいのいひだね,5
武器職人,鎌,Lv55,Lv100,サリエルの大鎌,アステライト鉱石,10
武器職人,鎌,Lv55,Lv100,サリエルの大鎌,天使のソーマ,5
武器職人,鎌,Lv55,Lv100,サリエルの大鎌,プラチナこうせき,20
武器職人,鎌,Lv55,Lv100,サリエルの大鎌,ぶどうエキス,30
武器職人,鎌,Lv55,Lv100,サリエルの大鎌,ようせいのひだね,5
武器職人,鎌,Lv60,Lv105,ワルキューレ,デモニウム鉱石,5
武器職人,鎌,Lv60,Lv105,ワルキューレ,暗夜の魔石,1
武器職人,鎌,Lv60,Lv105,ワルキューレ,幻獣のホネ,5
武器職人,鎌,Lv60,Lv105,ワルキューレ,みがきずな,20
武器職人,鎌,Lv60,Lv105,ワルキューレ,ようせいのひだね,5
武器職人,鎌,Lv65,Lv108,サイレントアンガー,デモニウム鉱石,5
武器職人,鎌,Lv65,Lv108,サイレントアンガー,炎魔の焼け石,2
武器職人,鎌,Lv65,Lv108,サイレントアンガー,ドラゴンのツノ,3
武器職人,鎌,Lv65,Lv108,サイレントアンガー,暗黒の樹木,10
武器職人,鎌,Lv65,Lv108,サイレントアンガー,ようせいのひだね,5
武器職人,鎌,Lv65,Lv110,ビターローズ,デモニウム鉱石,5
武器職人,鎌,Lv65,Lv110,ビターローズ,天竜草,1
武器職人,鎌,Lv65,Lv110,ビターローズ,スライムおしゃれ花,1
武器職人,鎌,Lv65,Lv110,ビターローズ,暗黒の樹木,5
武器職人,鎌,Lv65,Lv110,ビターローズ,ようせいのひだね,5
武器職人,鎌,Lv65,Lv115,輝天の鎌,フォレース鉱石,30
武器職人,鎌,Lv65,Lv115,輝天の鎌,人魚の涙,3
武器職人,鎌,Lv65,Lv115,輝天の鎌,ナドラダイト鉱石,5
武器職人,鎌,Lv65,Lv115,輝天の鎌,幻獣のホネ,5
武器職人,鎌,Lv65,Lv115,輝天の鎌,超ようせいのひだね,6
武器職人,鎌,Lv70,Lv118,神緋の鎌,フォレース鉱石,30
武器職人,鎌,Lv70,Lv118,神緋の鎌,悲願の血涙,3
武器職人,鎌,Lv70,Lv118,神緋の鎌,赤い宝石,20
武器職人,鎌,Lv70,Lv118,神緋の鎌,幻獣のホネ,10
武器職人,鎌,Lv70,Lv118,神緋の鎌,超ようせいのひだね,7
武器職人,鎌,Lv70,Lv120,セーラスサイズ,フォレース鉱石,30
武器職人,鎌,Lv70,Lv120,セーラスサイズ,風竜の羽毛,5
武器職人,鎌,Lv70,Lv120,セーラスサイズ,おぼろ水晶,5
武器職人,鎌,Lv70,Lv120,セーラスサイズ,ゴールドストーン,20
武器職人,鎌,Lv70,Lv120,セーラスサイズ,超ようせいのひだね,8
武器職人,鎌,Lv75,Lv125,ウィズダムサイス,ゼーラズマ鉱石,30
武器職人,鎌,Lv75,Lv125,ウィズダムサイス,おぼろ水晶,3
武器職人,鎌,Lv75,Lv125,ウィズダムサイス,ウェナールシェル,20
武器職人,鎌,Lv75,Lv125,ウィズダムサイス,ナドラダイト鉱石,5
武器職人,鎌,Lv75,Lv125,ウィズダムサイス,超ようせいのひだね,8
武器職人,鎌,Lv75,Lv130,蛮災の鎌,ゼーラズマ鉱石,30
武器職人,鎌,Lv75,Lv130,蛮災の鎌,まじゅうのツノ,5
武器職人,鎌,Lv75,Lv130,蛮災の鎌,はがねの尾羽,6
武器職人,鎌,Lv75,Lv130,蛮災の鎌,ヘビーメタル,30
武器職人,鎌,Lv75,Lv130,蛮災の鎌,超ようせいのひだね,8
武器職人,鎌,Lv75,Lv132,レイヴンサイズ,ゼーラズマ鉱石,30
武器職人,鎌,Lv75,Lv132,レイヴンサイズ,激震のキバ,4
武器職人,鎌,Lv75,Lv132,レイヴンサイズ,まじゅうのツノ,6
武器職人,鎌,Lv75,Lv132,レイヴンサイズ,げんませき,5
武器職人,鎌,Lv75,Lv132,レイヴンサイズ,超ようせいのひだね,9
