item_name,item_category,equipment_level,previous_day_price,star,number,today_price,updated_at,official_url,listing_status
幽紋刀,片手剣,Lv135,60000,2,600,73000,2026-07-16 10:09:50,https://hiroba.dqx.jp/sc/search/bazaar/7a02c1e3ef8ea81a3471855256af80bf21d71cac/,
幽紋刀,片手剣,Lv135,,3,600,,2026-07-16 10:10:43,https://hiroba.dqx.jp/sc/search/bazaar/7a02c1e3ef8ea81a3471855256af80bf21d71cac/,出品なし
メタリオンブレード,両手剣,Lv135,220000,2,199,237000,2026-07-16 10:10:44,https://hiroba.dqx.jp/sc/search/bazaar/cd6aaf71a18e5149cf5f074ddda9cbf44eaec59c/,
メタリオンブレード,両手剣,Lv135,2809800,3,199,2727900,2026-07-16 10:10:56,https://hiroba.dqx.jp/sc/search/bazaar/cd6aaf71a18e5149cf5f074ddda9cbf44eaec59c/,
スパイラルダガー,短剣,Lv135,300000,2,223,200000,2026-07-16 10:10:58,https://hiroba.dqx.jp/sc/search/bazaar/2ad5ae95572c10a3699f6a8f8e60b5e68de42549/,
スパイラルダガー,短剣,Lv135,3109990,3,223,3109200,2026-07-16 10:11:16,https://hiroba.dqx.jp/sc/search/bazaar/2ad5ae95572c10a3699f6a8f8e60b5e68de42549/,
メタリオンタクト,スティック,Lv135,,2,43,,2026-07-16 10:11:17,https://hiroba.dqx.jp/sc/search/bazaar/4afe4195384a02b647929aa558979a8054802218/,出品なし
メタリオンタクト,スティック,Lv135,2679997,3,43,2566666,2026-07-16 10:11:17,https://hiroba.dqx.jp/sc/search/bazaar/4afe4195384a02b647929aa558979a8054802218/,
幽紋の杖,両手杖,Lv135,279990,2,176,279990,2026-07-16 10:11:18,https://hiroba.dqx.jp/sc/search/bazaar/ab4cfb07b9cef030e58891c0f1f5b6e7415620a4/,
幽紋の杖,両手杖,Lv135,2141700,3,176,2141300,2026-07-16 10:11:25,https://hiroba.dqx.jp/sc/search/bazaar/ab4cfb07b9cef030e58891c0f1f5b6e7415620a4/,
メタリオンスピア,槍,Lv135,999999,2,71,,2026-07-16 10:11:29,https://hiroba.dqx.jp/sc/search/bazaar/0152d69f8a84dd870784ecba885cb58590ba67eb/,出品なし
メタリオンスピア,槍,Lv135,2900000,3,71,3830000,2026-07-16 10:11:29,https://hiroba.dqx.jp/sc/search/bazaar/0152d69f8a84dd870784ecba885cb58590ba67eb/,
閃帝のオノ,斧,Lv135,600000,2,75,644444,2026-07-16 10:11:31,https://hiroba.dqx.jp/sc/search/bazaar/3546e1a4c06f9f0686d48c107b7b043f94e13690/,
閃帝のオノ,斧,Lv135,4900000,3,75,4140000,2026-07-16 10:11:37,https://hiroba.dqx.jp/sc/search/bazaar/3546e1a4c06f9f0686d48c107b7b043f94e13690/,
メタリオンロッド,棍,Lv135,959990,2,56,960000,2026-07-16 10:11:38,https://hiroba.dqx.jp/sc/search/bazaar/790dfc3641646ff550771ec560ef9b06863ce936/,
メタリオンロッド,棍,Lv135,1590000,3,56,2948997,2026-07-16 10:11:41,https://hiroba.dqx.jp/sc/search/bazaar/790dfc3641646ff550771ec560ef9b06863ce936/,
鋼神のツメ,爪,Lv135,178800,2,357,79000,2026-07-16 10:11:42,https://hiroba.dqx.jp/sc/search/bazaar/66493f42ab5b81e4aaf7b2cd377c80b36361ebee/,
鋼神のツメ,爪,Lv135,3092379,3,357,3080800,2026-07-16 10:12:04,https://hiroba.dqx.jp/sc/search/bazaar/66493f42ab5b81e4aaf7b2cd377c80b36361ebee/,
メタリオンウィップ,ムチ,Lv135,,2,28,,2026-07-16 10:12:07,https://hiroba.dqx.jp/sc/search/bazaar/0312936211ed2441e3ea01404d99ea506fc889a0/,出品なし
メタリオンウィップ,ムチ,Lv135,4848400,3,28,4848000,2026-07-16 10:12:07,https://hiroba.dqx.jp/sc/search/bazaar/0312936211ed2441e3ea01404d99ea506fc889a0/,
メタリオンファン,扇,Lv135,900000,2,181,898000,2026-07-16 10:12:08,https://hiroba.dqx.jp/sc/search/bazaar/75c896a33728dd4ebccd76f307b6325a2ea890d2/,
メタリオンファン,扇,Lv135,2089999,3,181,2086800,2026-07-16 10:12:09,https://hiroba.dqx.jp/sc/search/bazaar/75c896a33728dd4ebccd76f307b6325a2ea890d2/,
コンプレシオン,ハンマー,Lv135,599000,2,104,700000,2026-07-16 10:12:11,https://hiroba.dqx.jp/sc/search/bazaar/4e824c95c61c7fca48160080568221422f06228b/,
コンプレシオン,ハンマー,Lv135,2700000,3,104,2589000,2026-07-16 10:12:14,https://hiroba.dqx.jp/sc/search/bazaar/4e824c95c61c7fca48160080568221422f06228b/,
レーザーエッジ,ブーメラン,Lv135,297900,2,161,199800,2026-07-16 10:12:15,https://hiroba.dqx.jp/sc/search/bazaar/755d9e2660634fb33b9ba43b424772b98db67690/,
レーザーエッジ,ブーメラン,Lv135,3449890,3,161,2747990,2026-07-16 10:12:20,https://hiroba.dqx.jp/sc/search/bazaar/755d9e2660634fb33b9ba43b424772b98db67690/,
グリームシューター,弓,Lv135,,2,55,,2026-07-16 10:12:22,https://hiroba.dqx.jp/sc/search/bazaar/5e742868fdba642951280a4791533a0b0cdc4395/,出品なし
グリームシューター,弓,Lv135,2599885,3,55,2599800,2026-07-16 10:12:22,https://hiroba.dqx.jp/sc/search/bazaar/5e742868fdba642951280a4791533a0b0cdc4395/,
メタリオンサイズ,鎌,Lv135,900000,2,61,,2026-07-16 10:12:25,https://hiroba.dqx.jp/sc/search/bazaar/160c26b55d8141469f047148b055cb4ea77fbee1/,出品なし
メタリオンサイズ,鎌,Lv135,2770000,3,61,2769790,2026-07-16 10:12:25,https://hiroba.dqx.jp/sc/search/bazaar/160c26b55d8141469f047148b055cb4ea77fbee1/,
メタリオンシールド,大盾,Lv135,129999,2,134,100000,2026-07-16 10:12:26,https://hiroba.dqx.jp/sc/search/bazaar/c411526009a2c55dd417af331f2166941c3ee844/,
メタリオンシールド,大盾,Lv135,2769889,3,134,2968000,2026-07-16 10:12:33,https://hiroba.dqx.jp/sc/search/bazaar/c411526009a2c55dd417af331f2166941c3ee844/,
メタリオンガード,小盾,Lv135,680000,2,80,649999,2026-07-16 10:12:34,https://hiroba.dqx.jp/sc/search/bazaar/df708f3e6fa67796a8b921138cbeac65b9a0d6d6/,
メタリオンガード,小盾,Lv135,2781490,3,80,3149000,2026-07-16 10:12:38,https://hiroba.dqx.jp/sc/search/bazaar/df708f3e6fa67796a8b921138cbeac65b9a0d6d6/,
守護竜のつるぎ,片手剣,Lv132,114990,2,233,144000,2026-07-16 10:00:07,https://hiroba.dqx.jp/sc/search/bazaar/dad9c4c29a9a4c6384b31511e3e937df247c8846/,
守護竜のつるぎ,片手剣,Lv132,2527974,3,233,2467900,2026-07-16 10:00:17,https://hiroba.dqx.jp/sc/search/bazaar/dad9c4c29a9a4c6384b31511e3e937df247c8846/,
ネビュラスブレード,両手剣,Lv132,,2,38,990000,2026-07-16 10:00:18,https://hiroba.dqx.jp/sc/search/bazaar/c133e6c970c8b45ef393dcbc8ab6ac1c9d0d6b0e/,
ネビュラスブレード,両手剣,Lv132,2900000,3,38,2890000,2026-07-16 10:00:19,https://hiroba.dqx.jp/sc/search/bazaar/c133e6c970c8b45ef393dcbc8ab6ac1c9d0d6b0e/,
影星の短刀,短剣,Lv132,600000,2,35,600000,2026-07-16 10:00:20,https://hiroba.dqx.jp/sc/search/bazaar/b45141833e6d24cb746129e8b26ad2fe323290bf/,
影星の短刀,短剣,Lv132,3585000,3,35,3585000,2026-07-16 10:00:21,https://hiroba.dqx.jp/sc/search/bazaar/b45141833e6d24cb746129e8b26ad2fe323290bf/,
ミカヅチのやり,槍,Lv132,437000,2,47,380000,2026-07-16 10:00:23,https://hiroba.dqx.jp/sc/search/bazaar/95f3b9843f9ee39a08b4ad38fe59ab7af570b981/,
ミカヅチのやり,槍,Lv132,3599900,3,47,3175000,2026-07-16 10:00:25,https://hiroba.dqx.jp/sc/search/bazaar/95f3b9843f9ee39a08b4ad38fe59ab7af570b981/,
セレーネアックス,斧,Lv132,,2,84,,2026-07-16 10:00:27,https://hiroba.dqx.jp/sc/search/bazaar/5a79b6a016a582b0dc14c83145882881b81dd190/,出品なし
セレーネアックス,斧,Lv132,2730690,3,84,2729800,2026-07-16 10:00:27,https://hiroba.dqx.jp/sc/search/bazaar/5a79b6a016a582b0dc14c83145882881b81dd190/,
セイントロッド,棍,Lv132,685000,2,47,682970,2026-07-16 10:00:28,https://hiroba.dqx.jp/sc/search/bazaar/3de9477b2227ed98711781255ef5015dc84ade99/,
セイントロッド,棍,Lv132,2299990,3,47,,2026-07-16 10:00:34,https://hiroba.dqx.jp/sc/search/bazaar/3de9477b2227ed98711781255ef5015dc84ade99/,出品なし
呪星のツメ,爪,Lv132,499980,2,30,400000,2026-07-16 10:00:35,https://hiroba.dqx.jp/sc/search/bazaar/c5fb7eeaec3d931595cbe00582e6eef1227c36f9/,
呪星のツメ,爪,Lv132,2598000,3,30,2598000,2026-07-16 10:00:36,https://hiroba.dqx.jp/sc/search/bazaar/c5fb7eeaec3d931595cbe00582e6eef1227c36f9/,
ミスティカルソーン,ムチ,Lv132,950000,2,17,500000,2026-07-16 10:00:38,https://hiroba.dqx.jp/sc/search/bazaar/f9679173a1a319d400cdde6f7afa79117d542052/,
ミスティカルソーン,ムチ,Lv132,3999999,3,17,3999999,2026-07-16 10:00:38,https://hiroba.dqx.jp/sc/search/bazaar/f9679173a1a319d400cdde6f7afa79117d542052/,
名軍師の羽扇,扇,Lv132,735000,2,85,733000,2026-07-16 10:00:39,https://hiroba.dqx.jp/sc/search/bazaar/ab9e15c9be49b06ba5392c998f9a93dee9620b0c/,
名軍師の羽扇,扇,Lv132,2979828,3,85,2979729,2026-07-16 10:00:43,https://hiroba.dqx.jp/sc/search/bazaar/ab9e15c9be49b06ba5392c998f9a93dee9620b0c/,
ポラリスハンマー,ハンマー,Lv132,598960,2,66,596890,2026-07-16 10:00:45,https://hiroba.dqx.jp/sc/search/bazaar/6eae674a06af084a30a6d4ae77dab4fc1b8b6db4/,
ポラリスハンマー,ハンマー,Lv132,2699800,3,66,2670000,2026-07-16 10:00:47,https://hiroba.dqx.jp/sc/search/bazaar/6eae674a06af084a30a6d4ae77dab4fc1b8b6db4/,
クリスターライト,ブーメラン,Lv132,297800,2,117,287800,2026-07-16 10:00:49,https://hiroba.dqx.jp/sc/search/bazaar/0531bf14398f01fd288bb54b1a6b1781fcf53f64/,
クリスターライト,ブーメラン,Lv132,2879990,3,117,2879890,2026-07-16 10:00:55,https://hiroba.dqx.jp/sc/search/bazaar/0531bf14398f01fd288bb54b1a6b1781fcf53f64/,
ニンフの妖弓,弓,Lv132,680000,2,34,679990,2026-07-16 10:00:56,https://hiroba.dqx.jp/sc/search/bazaar/6a4471ac8abc902f78cfbffb2edbf3026fbd613c/,
ニンフの妖弓,弓,Lv132,2088990,3,34,2200000,2026-07-16 10:00:56,https://hiroba.dqx.jp/sc/search/bazaar/6a4471ac8abc902f78cfbffb2edbf3026fbd613c/,
レイヴンサイズ,鎌,Lv132,382000,2,125,380970,2026-07-16 10:00:57,https://hiroba.dqx.jp/sc/search/bazaar/c584416612bffcb7f601b34532c73bc939041de4/,
レイヴンサイズ,鎌,Lv132,2767800,3,125,2759780,2026-07-16 10:01:02,https://hiroba.dqx.jp/sc/search/bazaar/c584416612bffcb7f601b34532c73bc939041de4/,
ピュアリィタクト,スティック,Lv132,157000,2,48,128000,2026-07-16 10:01:03,https://hiroba.dqx.jp/sc/search/bazaar/7ffefbb000aa9567aa0610f7b47b0b6f660f5244/,
ピュアリィタクト,スティック,Lv132,2779701,3,48,2779598,2026-07-16 10:01:06,https://hiroba.dqx.jp/sc/search/bazaar/7ffefbb000aa9567aa0610f7b47b0b6f660f5244/,
妖夢の杖,両手杖,Lv132,124000,2,134,117899,2026-07-16 10:01:07,https://hiroba.dqx.jp/sc/search/bazaar/3a9e4c60bf30a126d7b5401c6d6e7d87d7791ef6/,
妖夢の杖,両手杖,Lv132,2621810,3,134,2621747,2026-07-16 10:01:16,https://hiroba.dqx.jp/sc/search/bazaar/3a9e4c60bf30a126d7b5401c6d6e7d87d7791ef6/,
輝紋章の盾,小盾,Lv132,90000,2,600,79000,2026-07-16 10:01:17,https://hiroba.dqx.jp/sc/search/bazaar/f504f173b0f7a47dbcbd1e2b1de9f4a9590900d9/,
輝紋章の盾,小盾,Lv132,2276300,3,600,2269580,2026-07-16 10:01:54,https://hiroba.dqx.jp/sc/search/bazaar/f504f173b0f7a47dbcbd1e2b1de9f4a9590900d9/,
神樹の大盾,大盾,Lv132,116000,2,278,116998,2026-07-16 10:01:56,https://hiroba.dqx.jp/sc/search/bazaar/985f7383cc825d53f4f685f53c1971644e624a4d/,
神樹の大盾,大盾,Lv132,2888990,3,278,,2026-07-16 10:02:33,https://hiroba.dqx.jp/sc/search/bazaar/985f7383cc825d53f4f685f53c1971644e624a4d/,出品なし
原始獣のコート上,からだ上,Lv60,39000,2,285,34600,2026-07-16 10:02:38,https://hiroba.dqx.jp/sc/search/bazaar/0273c44a672a1646fdcb41a4c440b8e7ecd792d7/,
原始獣のコート上,からだ上,Lv60,89900,3,285,88000,2026-07-16 10:02:48,https://hiroba.dqx.jp/sc/search/bazaar/0273c44a672a1646fdcb41a4c440b8e7ecd792d7/,
原始獣のシャプカ,あたま,Lv60,29700,2,360,24700,2026-07-16 10:02:51,https://hiroba.dqx.jp/sc/search/bazaar/9162fe2f0b2a958df0161362054adfa0ce2c0a93/,
原始獣のシャプカ,あたま,Lv60,80800,3,360,79960,2026-07-16 10:03:06,https://hiroba.dqx.jp/sc/search/bazaar/9162fe2f0b2a958df0161362054adfa0ce2c0a93/,
原始獣のコート下,からだ下,Lv60,42899,2,219,32000,2026-07-16 10:03:09,https://hiroba.dqx.jp/sc/search/bazaar/a4d8ff943300197ef4a3602c8abd4136af8f67ab/,
原始獣のコート下,からだ下,Lv60,90000,3,219,88800,2026-07-16 10:03:13,https://hiroba.dqx.jp/sc/search/bazaar/a4d8ff943300197ef4a3602c8abd4136af8f67ab/,
原始獣のグローブ,腕,Lv60,34000,2,131,39900,2026-07-16 10:03:21,https://hiroba.dqx.jp/sc/search/bazaar/d20badf1ce5d51f3e5e55d8b0cafe3d60952dc70/,
原始獣のグローブ,腕,Lv60,90000,3,131,90000,2026-07-16 10:03:23,https://hiroba.dqx.jp/sc/search/bazaar/d20badf1ce5d51f3e5e55d8b0cafe3d60952dc70/,
原始獣のブーツ,足,Lv60,38980,2,169,35000,2026-07-16 10:03:26,https://hiroba.dqx.jp/sc/search/bazaar/83ccd74858db780a6d56f9ac256b23d4692447a4/,
原始獣のブーツ,足,Lv60,84000,3,169,84990,2026-07-16 10:03:31,https://hiroba.dqx.jp/sc/search/bazaar/83ccd74858db780a6d56f9ac256b23d4692447a4/,
レオンソード,片手剣,Lv130,366989,2,106,399000,2026-07-16 10:03:33,https://hiroba.dqx.jp/sc/search/bazaar/565b58978e8aa11440ba2b1782f8bd7ce1f3c622/,
レオンソード,片手剣,Lv130,2799999,3,106,,2026-07-16 10:03:46,https://hiroba.dqx.jp/sc/search/bazaar/565b58978e8aa11440ba2b1782f8bd7ce1f3c622/,出品なし
獅子の大剣,両手剣,Lv130,,2,44,,2026-07-16 10:03:50,https://hiroba.dqx.jp/sc/search/bazaar/0425708cb500887d9d3cace0f8db1675157811dd/,出品なし
獅子の大剣,両手剣,Lv130,3999998,3,44,3999998,2026-07-16 10:03:50,https://hiroba.dqx.jp/sc/search/bazaar/0425708cb500887d9d3cace0f8db1675157811dd/,
一刀星断,斧,Lv130,1198000,2,25,1000000,2026-07-16 10:03:52,https://hiroba.dqx.jp/sc/search/bazaar/7add16790243f671598bef13a017031ac674df8f/,
一刀星断,斧,Lv130,2988999,3,25,2898900,2026-07-16 10:03:52,https://hiroba.dqx.jp/sc/search/bazaar/7add16790243f671598bef13a017031ac674df8f/,
晴蒼の短剣,短剣,Lv130,999999,2,25,999999,2026-07-16 10:03:53,https://hiroba.dqx.jp/sc/search/bazaar/6ce5d09880d028311b2a34c4532088a54f12495e/,
晴蒼の短剣,短剣,Lv130,3999999,3,25,3999999,2026-07-16 10:03:54,https://hiroba.dqx.jp/sc/search/bazaar/6ce5d09880d028311b2a34c4532088a54f12495e/,
キャンサークロー,爪,Lv130,220000,2,89,220000,2026-07-16 10:03:56,https://hiroba.dqx.jp/sc/search/bazaar/1359d86cb2ff6fbf1db9a8b260c1ca666289a320/,
キャンサークロー,爪,Lv130,2799990,3,89,2437999,2026-07-16 10:04:00,https://hiroba.dqx.jp/sc/search/bazaar/1359d86cb2ff6fbf1db9a8b260c1ca666289a320/,
グリンガムのムチ,ムチ,Lv130,105000,2,158,104900,2026-07-16 10:04:01,https://hiroba.dqx.jp/sc/search/bazaar/6e1a75137947c01e7f7c4d3593ff0ff25cfee50d/,
グリンガムのムチ,ムチ,Lv130,2584870,3,158,2555000,2026-07-16 10:04:12,https://hiroba.dqx.jp/sc/search/bazaar/6e1a75137947c01e7f7c4d3593ff0ff25cfee50d/,
クロワランス,槍,Lv130,109990,2,77,110000,2026-07-16 10:04:13,https://hiroba.dqx.jp/sc/search/bazaar/ffca8fa4e0e102d993847254cb357dcaa7f7d9af/,
クロワランス,槍,Lv130,3492990,3,77,3999999,2026-07-16 10:04:20,https://hiroba.dqx.jp/sc/search/bazaar/ffca8fa4e0e102d993847254cb357dcaa7f7d9af/,
アメジストライク,ハンマー,Lv130,,2,33,,2026-07-16 10:04:22,https://hiroba.dqx.jp/sc/search/bazaar/4a078305220670614b2d24b5fdd30f188f58fb4a/,出品なし
アメジストライク,ハンマー,Lv130,2500000,3,33,2500000,2026-07-16 10:04:22,https://hiroba.dqx.jp/sc/search/bazaar/4a078305220670614b2d24b5fdd30f188f58fb4a/,
ピスケスエッジ,ブーメラン,Lv130,270000,2,56,200000,2026-07-16 10:04:23,https://hiroba.dqx.jp/sc/search/bazaar/cb937b1e76c523d018a932d858898b319d2016ed/,
ピスケスエッジ,ブーメラン,Lv130,3999700,3,56,3998998,2026-07-16 10:04:27,https://hiroba.dqx.jp/sc/search/bazaar/cb937b1e76c523d018a932d858898b319d2016ed/,
蛮災の鎌,鎌,Lv130,320000,2,64,240000,2026-07-16 10:04:28,https://hiroba.dqx.jp/sc/search/bazaar/17af1aa6888f2b6cc83671e07b4ab31a3672ce94/,
蛮災の鎌,鎌,Lv130,3349890,3,64,3230000,2026-07-16 10:04:31,https://hiroba.dqx.jp/sc/search/bazaar/17af1aa6888f2b6cc83671e07b4ab31a3672ce94/,
コスモスヘルム,あたま,Lv130,70000,2,301,67000,2026-07-16 10:04:33,https://hiroba.dqx.jp/sc/search/bazaar/375c044c004290476eb3e48ac1e44cbf4c2a657a/,
コスモスヘルム,あたま,Lv130,2372700,3,301,2349400,2026-07-16 10:04:52,https://hiroba.dqx.jp/sc/search/bazaar/375c044c004290476eb3e48ac1e44cbf4c2a657a/,
コスモスアーマー上,からだ上,Lv130,180000,2,226,209800,2026-07-16 10:04:53,https://hiroba.dqx.jp/sc/search/bazaar/8954517a85239d35e28c3b50a9c5f9888b46c924/,
コスモスアーマー上,からだ上,Lv130,3389000,3,226,3387700,2026-07-16 10:05:06,https://hiroba.dqx.jp/sc/search/bazaar/8954517a85239d35e28c3b50a9c5f9888b46c924/,
コスモスアーマー下,からだ下,Lv130,170000,2,121,,2026-07-16 10:05:10,https://hiroba.dqx.jp/sc/search/bazaar/b8f8f71fb8bf7a43866a43ab7ef946f6f9b39d4c/,出品なし
コスモスアーマー下,からだ下,Lv130,2298000,3,121,2219999,2026-07-16 10:05:10,https://hiroba.dqx.jp/sc/search/bazaar/b8f8f71fb8bf7a43866a43ab7ef946f6f9b39d4c/,
コスモスのこて,腕,Lv130,290000,2,147,300000,2026-07-16 10:05:11,https://hiroba.dqx.jp/sc/search/bazaar/387142141ce3f935554b5ed2a4d5bbb652b1db65/,
コスモスのこて,腕,Lv130,2095920,3,147,2094797,2026-07-16 10:05:12,https://hiroba.dqx.jp/sc/search/bazaar/387142141ce3f935554b5ed2a4d5bbb652b1db65/,
コスモスグリーブ,足,Lv130,377000,2,126,299000,2026-07-16 10:05:14,https://hiroba.dqx.jp/sc/search/bazaar/bd8a10d05e39d6a722f1a89825ebbf7e92b77e97/,
コスモスグリーブ,足,Lv130,2269900,3,126,2050000,2026-07-16 10:05:19,https://hiroba.dqx.jp/sc/search/bazaar/bd8a10d05e39d6a722f1a89825ebbf7e92b77e97/,
トライドニット,あたま,Lv130,106000,2,267,106000,2026-07-16 10:05:21,https://hiroba.dqx.jp/sc/search/bazaar/6a6cb90ada835d9ecb8e8d06d03b69e9c394ea25/,
トライドニット,あたま,Lv130,2180800,3,267,2175900,2026-07-16 10:05:29,https://hiroba.dqx.jp/sc/search/bazaar/6a6cb90ada835d9ecb8e8d06d03b69e9c394ea25/,
トライドアーマー,からだ上,Lv130,95000,2,429,140000,2026-07-16 10:05:34,https://hiroba.dqx.jp/sc/search/bazaar/4f226b17db22f71ed6fce5aac18d67df0f3a448d/,
トライドアーマー,からだ上,Lv130,2860000,3,429,2869997,2026-07-16 10:05:55,https://hiroba.dqx.jp/sc/search/bazaar/4f226b17db22f71ed6fce5aac18d67df0f3a448d/,
トライドズボン,からだ下,Lv130,140000,2,252,164300,2026-07-16 10:05:56,https://hiroba.dqx.jp/sc/search/bazaar/510bf7a43cca64c8df0550d37de3c3beb20125a3/,
トライドズボン,からだ下,Lv130,2376900,3,252,2374990,2026-07-16 10:06:07,https://hiroba.dqx.jp/sc/search/bazaar/510bf7a43cca64c8df0550d37de3c3beb20125a3/,
トライドグローブ,腕,Lv130,85000,2,236,,2026-07-16 10:06:15,https://hiroba.dqx.jp/sc/search/bazaar/027fdae951d1330eb282e06d0ae2f6a43369f78f/,出品なし
トライドグローブ,腕,Lv130,2036900,3,236,2033000,2026-07-16 10:06:15,https://hiroba.dqx.jp/sc/search/bazaar/027fdae951d1330eb282e06d0ae2f6a43369f78f/,
トライドブーツ,足,Lv130,260000,2,172,267000,2026-07-16 10:06:17,https://hiroba.dqx.jp/sc/search/bazaar/6223f458a34691864a94fe19935b359d587b02f5/,
トライドブーツ,足,Lv130,1525700,3,172,1524300,2026-07-16 10:06:22,https://hiroba.dqx.jp/sc/search/bazaar/6223f458a34691864a94fe19935b359d587b02f5/,
プロミネンスの盾,小盾,Lv130,109000,2,199,109000,2026-07-16 10:06:24,https://hiroba.dqx.jp/sc/search/bazaar/f71aa1ef81f907a0f27dc4ef16822fe41ad27b60/,
プロミネンスの盾,小盾,Lv130,2776600,3,199,2776200,2026-07-16 10:06:29,https://hiroba.dqx.jp/sc/search/bazaar/f71aa1ef81f907a0f27dc4ef16822fe41ad27b60/,
古代鏡の大盾,大盾,Lv130,49700,2,156,800000,2026-07-16 10:06:33,https://hiroba.dqx.jp/sc/search/bazaar/c82a37211cc6533701c53b2b3264895af182eff1/,
古代鏡の大盾,大盾,Lv130,2558790,3,156,2399800,2026-07-16 10:06:39,https://hiroba.dqx.jp/sc/search/bazaar/c82a37211cc6533701c53b2b3264895af182eff1/,
ノクトルクラウン,あたま,Lv130,453000,2,236,449000,2026-07-16 10:06:40,https://hiroba.dqx.jp/sc/search/bazaar/e04cf927d0e719f18e76d27868511348b81d41c4/,
ノクトルクラウン,あたま,Lv130,1894800,3,236,1888999,2026-07-16 10:06:45,https://hiroba.dqx.jp/sc/search/bazaar/e04cf927d0e719f18e76d27868511348b81d41c4/,
ノクトルケープ上,からだ上,Lv130,699900,2,230,488000,2026-07-16 10:06:47,https://hiroba.dqx.jp/sc/search/bazaar/fdc9f46ea91bf9789df3a1c4d4cefade84beacbb/,
ノクトルケープ上,からだ上,Lv130,2139600,3,230,2129000,2026-07-16 10:06:54,https://hiroba.dqx.jp/sc/search/bazaar/fdc9f46ea91bf9789df3a1c4d4cefade84beacbb/,
ノクトルケープ下,からだ下,Lv130,498950,2,226,499900,2026-07-16 10:06:55,https://hiroba.dqx.jp/sc/search/bazaar/18b37dbeabba950bb1b36ee364aecfa1023ef5de/,
ノクトルケープ下,からだ下,Lv130,1779878,3,226,1768999,2026-07-16 10:06:59,https://hiroba.dqx.jp/sc/search/bazaar/18b37dbeabba950bb1b36ee364aecfa1023ef5de/,
ノクトルグローブ,腕,Lv130,210000,2,188,200000,2026-07-16 10:07:00,https://hiroba.dqx.jp/sc/search/bazaar/fc0136abe26f7acd7314f145155efa0218f7cfc1/,
ノクトルグローブ,腕,Lv130,1929590,3,188,1918000,2026-07-16 10:07:03,https://hiroba.dqx.jp/sc/search/bazaar/fc0136abe26f7acd7314f145155efa0218f7cfc1/,
ノクトルブーツ,足,Lv130,372698,2,170,359000,2026-07-16 10:07:05,https://hiroba.dqx.jp/sc/search/bazaar/be0308b1cf1d0d63f857ea39e5cba24e2b08dda7/,
ノクトルブーツ,足,Lv130,1598999,3,170,1598980,2026-07-16 10:07:13,https://hiroba.dqx.jp/sc/search/bazaar/be0308b1cf1d0d63f857ea39e5cba24e2b08dda7/,
月影の額当て,あたま,Lv130,,2,122,,2026-07-16 10:07:15,https://hiroba.dqx.jp/sc/search/bazaar/8ec3c83af71b1bc64dff611b55134eba8b238330/,出品なし
月影の額当て,あたま,Lv130,1915700,3,122,1913900,2026-07-16 10:07:15,https://hiroba.dqx.jp/sc/search/bazaar/8ec3c83af71b1bc64dff611b55134eba8b238330/,
月影の装束上,からだ上,Lv130,,2,102,,2026-07-16 10:07:18,https://hiroba.dqx.jp/sc/search/bazaar/57fc0bfc7c0b8fe18ea57932f99ba8d9e9d27b39/,出品なし
月影の装束上,からだ上,Lv130,2140000,3,102,2159000,2026-07-16 10:07:18,https://hiroba.dqx.jp/sc/search/bazaar/57fc0bfc7c0b8fe18ea57932f99ba8d9e9d27b39/,
月影の装束下,からだ下,Lv130,,2,67,1299000,2026-07-16 10:07:20,https://hiroba.dqx.jp/sc/search/bazaar/c25326ae83d689858ea2ddcaef8b2bf51d503353/,
月影の装束下,からだ下,Lv130,1999000,3,67,1969999,2026-07-16 10:07:20,https://hiroba.dqx.jp/sc/search/bazaar/c25326ae83d689858ea2ddcaef8b2bf51d503353/,
月影のこて,腕,Lv130,210000,2,90,218000,2026-07-16 10:07:21,https://hiroba.dqx.jp/sc/search/bazaar/3d8644467556f22fa38ad3d2996caab19c65ad05/,
月影のこて,腕,Lv130,1976000,3,90,1973000,2026-07-16 10:07:24,https://hiroba.dqx.jp/sc/search/bazaar/3d8644467556f22fa38ad3d2996caab19c65ad05/,
月影の深沓,足,Lv130,698000,2,29,,2026-07-16 10:07:25,https://hiroba.dqx.jp/sc/search/bazaar/cff98a298645552b1c6e627ff610487d969e2f07/,出品なし
月影の深沓,足,Lv130,1698000,3,29,1698000,2026-07-16 10:07:25,https://hiroba.dqx.jp/sc/search/bazaar/cff98a298645552b1c6e627ff610487d969e2f07/,
叡聖のサークレット,あたま,Lv130,77000,2,474,84000,2026-07-16 10:07:27,https://hiroba.dqx.jp/sc/search/bazaar/d96fce7f5f58193ad0b563863019df1b5f9e9e1a/,
叡聖のサークレット,あたま,Lv130,1640000,3,474,1692999,2026-07-16 10:07:42,https://hiroba.dqx.jp/sc/search/bazaar/d96fce7f5f58193ad0b563863019df1b5f9e9e1a/,
叡聖の博士服,からだ上,Lv130,69000,2,600,68800,2026-07-16 10:07:45,https://hiroba.dqx.jp/sc/search/bazaar/dd704738fe5c186d01a94bc09b8901ae12af351c/,
叡聖の博士服,からだ上,Lv130,1910300,3,600,1893999,2026-07-16 10:08:20,https://hiroba.dqx.jp/sc/search/bazaar/dd704738fe5c186d01a94bc09b8901ae12af351c/,
叡聖のグローブ,腕,Lv130,99880,2,251,109900,2026-07-16 10:08:22,https://hiroba.dqx.jp/sc/search/bazaar/98d7c686f106ae7e292b39cb2616eddd4f6de93c/,
叡聖のグローブ,腕,Lv130,1784590,3,251,1776570,2026-07-16 10:08:30,https://hiroba.dqx.jp/sc/search/bazaar/98d7c686f106ae7e292b39cb2616eddd4f6de93c/,
叡聖のブーツ,足,Lv130,318500,2,254,294900,2026-07-16 10:08:33,https://hiroba.dqx.jp/sc/search/bazaar/9deb9b7988b8819d5791568a09a8738795cd6419/,
叡聖のブーツ,足,Lv130,1507900,3,254,1592800,2026-07-16 10:08:42,https://hiroba.dqx.jp/sc/search/bazaar/9deb9b7988b8819d5791568a09a8738795cd6419/,
天象のスティック,スティック,Lv130,288000,2,47,288000,2026-07-16 10:08:43,https://hiroba.dqx.jp/sc/search/bazaar/b55f291987e843a1afe07902de5cdd317e779e64/,
天象のスティック,スティック,Lv130,2800000,3,47,2800000,2026-07-16 10:08:45,https://hiroba.dqx.jp/sc/search/bazaar/b55f291987e843a1afe07902de5cdd317e779e64/,
プリエールの杖,両手杖,Lv130,,2,,500000,2026-07-16 10:08:46,https://hiroba.dqx.jp/sc/search/bazaar/bbfe8390b0542b70d43db379a40d32653721fbc9/,
プリエールの杖,両手杖,Lv130,3200000,3,,,2026-07-16 10:09:37,https://hiroba.dqx.jp/sc/search/bazaar/bbfe8390b0542b70d43db379a40d32653721fbc9/,出品なし
ライブラロッド,棍,Lv130,,2,16,,2026-07-16 10:09:39,https://hiroba.dqx.jp/sc/search/bazaar/aeb5ce9b13eced163ed023327d6523582f1a5c0c/,出品なし
ライブラロッド,棍,Lv130,,3,16,,2026-07-16 10:09:39,https://hiroba.dqx.jp/sc/search/bazaar/aeb5ce9b13eced163ed023327d6523582f1a5c0c/,出品なし
花星のおうぎ,扇,Lv130,,2,43,,2026-07-16 10:09:41,https://hiroba.dqx.jp/sc/search/bazaar/2b73482571a5b2b621c3ad7486acdf02232eff0a/,出品なし
花星のおうぎ,扇,Lv130,2129986,3,43,2129868,2026-07-16 10:09:41,https://hiroba.dqx.jp/sc/search/bazaar/2b73482571a5b2b621c3ad7486acdf02232eff0a/,
フルムの弓,弓,Lv130,195790,2,93,195700,2026-07-16 10:09:42,https://hiroba.dqx.jp/sc/search/bazaar/8f6fa85ad875b387f814549a10537ea2b3a9cd38/,
フルムの弓,弓,Lv130,2407877,3,93,2407789,2026-07-16 10:09:46,https://hiroba.dqx.jp/sc/search/bazaar/8f6fa85ad875b387f814549a10537ea2b3a9cd38/,
