job_type,item_name,part,grid_type,star3_tolerance,cell_1,cell_2,cell_3,cell_4,cell_5,cell_6,cell_7,cell_8,cell_9
裁縫職人,皮のぼうし,頭,4,2,0,15,0,15,15,15,0,0,0
裁縫職人,皮のよろい,からだ上,9,8,15,15,15,15,15,15,15,15,15
裁縫職人,皮のズボン,からだ下,6,4,15,15,0,15,15,0,15,15,0
裁縫職人,皮のてぶくろ,腕,6,4,15,15,15,15,15,15,0,0,0
裁縫職人,皮のくつ,足,4,2,15,15,0,15,15,0,0,0,0
裁縫職人,麻のぼうし,頭,4,2,0,15,0,15,15,15,0,0,0
裁縫職人,麻の服,からだ上,9,8,15,15,15,15,15,15,15,15,15
裁縫職人,麻の短パン,からだ下,6,4,15,15,0,15,15,0,15,15,0
裁縫職人,麻のてぶくろ,腕,6,4,15,15,15,15,15,15,0,0,0
裁縫職人,麻のくつ,足,4,2,15,15,0,15,15,0,0,0,0
裁縫職人,前座芸人のバンダナ,頭,4,2,0,15,0,15,15,15,0,0,0
裁縫職人,前座芸人の服,からだ上,9,8,15,15,15,15,15,15,15,15,15
裁縫職人,前座芸人のズボン,からだ下,6,4,15,15,0,15,15,0,15,15,0
裁縫職人,前座芸人のうでわ,腕,6,4,15,15,15,15,15,15,0,0,0
裁縫職人,前座芸人のながぐつ,足,4,2,15,15,0,15,15,0,0,0,0
裁縫職人,若手芸人のバンダナ,頭,4,2,0,23,0,23,30,23,0,0,0
裁縫職人,若手芸人の服,からだ上,9,8,15,15,23,15,15,15,15,15,15
裁縫職人,若手芸人のズボン,からだ下,6,4,23,23,0,15,15,0,15,15,0
裁縫職人,若手芸人のてぶくろ,腕,6,4,15,15,23,15,15,23,0,0,0
裁縫職人,若手芸人のながぐつ,足,4,2,23,23,0,23,30,0,0,0,0
裁縫職人,ぬすっとずきん,頭,4,2,0,23,0,30,23,23,0,0,0
裁縫職人,ぬすっとの服,からだ上,9,8,15,15,15,15,15,15,15,15,23
裁縫職人,ぬすっとタイツ,からだ下,6,4,15,15,0,15,15,0,23,23,0
裁縫職人,ぬすっとのうでわ,腕,6,4,23,15,15,23,15,15,0,0,0
裁縫職人,ぬすっとのくつ,足,4,2,23,23,0,30,23,0,0,0,0
裁縫職人,いやしのぼうし,頭,4,2,0,23,0,23,23,30,0,0,0
裁縫職人,いやしの服,からだ上,9,8,23,15,15,15,15,15,15,15,15
裁縫職人,いやしのズボン,からだ下,6,4,23,15,0,15,15,0,15,23,0
裁縫職人,いやしのブーツ,足,4,2,30,23,0,23,23,0,0,0,0
裁縫職人,きぬのぼうし,頭,4,2,0,30,0,23,23,23,0,0,0
裁縫職人,きぬのローブ上,からだ上,9,8,15,15,15,15,15,15,23,15,15
裁縫職人,きぬのローブ下,からだ下,6,4,15,15,0,23,23,0,15,15,0
裁縫職人,きぬのサンダル,足,4,2,23,30,0,23,23,0,0,0,0
裁縫職人,射手のぼうし,頭,4,2,0,23,0,23,30,23,0,0,0
裁縫職人,射手の服,からだ上,9,8,15,15,15,23,15,15,15,15,15
裁縫職人,射手のタイツ,からだ下,6,4,15,23,0,15,15,0,23,15,0
裁縫職人,射手のてぶくろ,腕,6,4,15,23,15,15,23,15,0,0,0
裁縫職人,射手のくつ,足,4,2,23,23,0,30,23,0,0,0,0
裁縫職人,しゅうれん用バンド,頭,4,2,0,23,0,30,45,45,0,0,0
裁縫職人,しゅうれんぎ上,からだ上,9,8,23,15,15,15,15,15,23,15,23
裁縫職人,しゅうれんぎ下,からだ下,6,4,30,23,0,23,23,0,23,23,0
裁縫職人,しゅうれん用リスト,腕,6,4,23,23,30,23,23,23,0,0,0
裁縫職人,しゅうれん用ブーツ,足,4,2,23,30,0,45,45,0,0,0,0
裁縫職人,サフランハット,頭,4,2,0,45,0,23,45,30,0,0,0
裁縫職人,サフランローブ上,からだ上,9,8,15,15,23,15,15,15,23,15,23
裁縫職人,サフランローブ下,からだ下,6,4,23,23,0,30,23,0,23,23,0
裁縫職人,サフラングローブ,腕,6,4,23,23,23,30,23,23,0,0,0
裁縫職人,サフランブーツ,足,4,2,30,45,0,45,23,0,0,0,0
裁縫職人,くすしのぼうし,頭,4,2,0,30,0,45,45,23,0,0,0
裁縫職人,くすしのローブ上,からだ上,9,8,15,15,15,15,15,15,30,15,23
裁縫職人,くすしのローブ下,からだ下,6,4,23,23,0,23,23,0,23,30,0
裁縫職人,くすしのくつ,足,4,2,40,23,0,50,30,0,0,0,0
裁縫職人,初級魔法戦士ベレー,頭,4,2,0,30,0,23,45,45,0,0,0
裁縫職人,初級魔法戦士服,からだ上,9,8,30,15,15,15,15,15,15,15,23
裁縫職人,初級魔法戦士タイツ,からだ下,6,4,23,30,0,23,23,0,23,23,0
裁縫職人,初級魔法戦士グラブ,腕,6,4,23,23,23,23,23,30,0,0,0
裁縫職人,初級魔法戦士のくつ,足,4,2,30,23,0,45,45,0,0,0,0
裁縫職人,ダンサーヘアバンド,頭,4,2,0,23,0,45,45,30,0,0,0
裁縫職人,ダンサーシャツ,からだ上,9,8,15,15,30,15,15,15,15,15,23
裁縫職人,ダンサーパンツ,からだ下,6,4,23,23,0,23,30,0,23,30,0
裁縫職人,ダンサーリスト,腕,6,4,30,23,23,23,23,23,0,0,0
裁縫職人,ダンサーシューズ,足,4,2,40,23,0,30,50,0,0,0,0
裁縫職人,はやてのバンダナ,頭,4,2,0,45,0,30,75,45,0,0,0
裁縫職人,はやてのベスト,からだ上,9,8,23,23,23,23,23,23,23,23,23
裁縫職人,はやてのキュロット,からだ下,6,4,35,35,0,40,40,0,23,23,0
裁縫職人,はやてのグローブ,腕,6,4,30,23,45,30,23,45,0,0,0
裁縫職人,はやてのブーツ,足,4,2,45,45,0,45,60,0,0,0,0
裁縫職人,みかわしのぼうし,頭,4,2,0,45,0,45,60,45,0,0,0
裁縫職人,みかわしの服上,からだ上,9,8,23,23,23,23,23,23,23,23,23
裁縫職人,みかわしの服下,からだ下,6,4,40,40,0,35,35,0,23,23,0
裁縫職人,みかわしのくつ,足,4,2,45,30,0,60,60,0,0,0,0
裁縫職人,手品師のヘアバンド,頭,4,2,0,30,0,45,75,45,0,0,0
裁縫職人,手品師の服,からだ上,9,8,23,23,23,23,23,23,23,23,23
裁縫職人,手品師のタイツ,からだ下,6,4,23,23,0,35,35,0,40,40,0
裁縫職人,手品師のグローブ,腕,6,4,40,23,30,30,23,45,0,0,0
裁縫職人,手品師のブーツ,足,4,2,23,23,0,75,75,0,0,0,0
裁縫職人,学者のぼうし,頭,4,2,0,45,0,45,75,30,0,0,0
裁縫職人,学者のころも上,からだ上,9,8,23,23,23,23,23,23,23,23,23
裁縫職人,学者のころも下,からだ下,6,4,35,40,0,40,35,0,23,23,0
裁縫職人,学者の脚帯,腕,6,4,45,45,0,60,45,0,0,0,0
裁縫職人,カンフーキャップ,頭,4,2,0,45,0,60,90,60,0,0,0
裁縫職人,カンフージャケット,からだ上,9,8,30,23,30,23,23,23,40,23,40
裁縫職人,カンフーズボン,からだ下,6,4,75,30,0,45,45,0,30,30,0
裁縫職人,カンフーリスト,腕,6,4,38,30,60,37,30,60,0,0,0
裁縫職人,カンフーシューズ,足,4,2,45,45,0,75,90,0,0,0,0
裁縫職人,マタドールバンド,頭,4,2,0,60,0,45,90,60,0,0,0
裁縫職人,マタドールスーツ上,からだ上,9,8,35,23,35,23,23,23,35,23,35
裁縫職人,マタドールスーツ下,からだ下,6,4,38,37,0,60,60,0,30,30,0
裁縫職人,マタドールグローブ,腕,6,4,30,30,60,45,30,60,0,0,0
裁縫職人,マタドールシューズ,足,4,2,45,30,0,90,90,0,0,0,0
裁縫職人,まじないしターバン,頭,4,2,0,60,0,60,90,45,0,0,0
裁縫職人,まじないしローブ上,からだ上,9,8,40,23,23,23,23,30,30,23,40
裁縫職人,まじないしローブ下,からだ下,6,4,60,30,0,38,37,0,30,60,0
裁縫職人,まじないしのくつ,足,4,2,75,45,0,60,75,0,0,0,0
裁縫職人,まもりのぼうし,頭,4,2,0,75,0,45,75,60,0,0,0
裁縫職人,まもりのローブ,からだ上,9,8,30,23,30,23,23,23,30,23,50
裁縫職人,まもりのくつ,足,4,2,75,75,0,45,60,0,0,0,0
裁縫職人,木の葉のぼうし,頭,4,2,0,45,0,60,75,75,0,0,0
裁縫職人,木の葉のよろい上,からだ上,9,8,30,23,50,23,23,23,30,23,30
裁縫職人,木の葉のよろい下,からだ下,6,4,45,60,0,45,45,0,30,30,0
裁縫職人,木の葉のうでわ,腕,6,4,45,30,55,40,30,55,0,0,0
裁縫職人,木の葉のブーツ,足,4,2,60,45,0,75,75,0,0,0,0
裁縫職人,ウェスタンハット,頭,4,2,0,60,0,60,75,60,0,0,0
裁縫職人,ウェスタンブラウス,からだ上,9,8,30,23,30,23,23,23,50,23,30
裁縫職人,ウェスタンスパッツ,からだ下,6,4,55,50,0,45,45,0,30,30,0
裁縫職人,ウェスタングローブ,腕,6,4,40,30,55,45,30,55,0,0,0
裁縫職人,ウェスタンブーツ,足,4,2,50,55,0,75,75,0,0,0,0
裁縫職人,かたりべのぼうし,頭,4,2,0,60,0,90,105,75,0,0,0
裁縫職人,かたりべの服上,からだ上,9,8,32,32,40,40,32,32,45,32,45
裁縫職人,かたりべの服下,からだ下,6,4,70,75,0,60,55,0,35,35,0
裁縫職人,かたりべのてぶくろ,腕,6,4,45,45,75,45,45,75,0,0,0
裁縫職人,かたりべのブーツ,足,4,2,75,75,0,90,90,0,0,0,0
裁縫職人,神官のぼうし,頭,4,2,0,90,0,75,90,75,0,0,0
裁縫職人,神官のほうい上,からだ上,9,8,40,32,40,32,32,32,40,32,50
裁縫職人,神官のほうい下,からだ下,6,4,45,45,0,55,55,0,65,65,0
裁縫職人,神官のてぶくろ,腕,6,4,50,40,75,50,40,75,0,0,0
裁縫職人,神官のくつ,足,4,2,75,90,0,90,75,0,0,0,0
裁縫職人,まどうしのぼうし,頭,4,2,0,105,0,60,105,60,0,0,0
裁縫職人,まどうしのころも上,からだ上,9,8,32,32,32,32,32,32,53,32,53
裁縫職人,まどうしのころも下,からだ下,6,4,70,70,0,50,60,0,45,35,0
裁縫職人,まどうしのくつ,足,4,2,105,90,0,75,60,0,0,0,0
裁縫職人,けんぽうぎ上,からだ上,9,8,40,32,40,32,32,32,45,32,45
裁縫職人,けんぽうぎ下,からだ下,6,4,65,65,0,55,55,0,45,45,0
裁縫職人,けんぽうの腕帯,腕,6,4,55,35,75,55,35,75,0,0,0
裁縫職人,けんぽうの脚帯,足,4,2,60,60,0,105,105,0,0,0,0
裁縫職人,森人のぼうし,頭,4,2,0,60,0,75,105,90,0,0,0
裁縫職人,森人のチョッキ,からだ上,9,8,45,32,45,32,32,32,40,32,40
裁縫職人,森人の前かけ,からだ下,6,4,70,70,0,55,55,0,40,40,0
裁縫職人,森人のてぶくろ,腕,6,4,50,35,80,50,35,80,0,0,0
裁縫職人,森人のながぐつ,足,4,2,90,90,0,75,75,0,0,0,0
裁縫職人,フェンサーハット,頭,4,2,0,120,0,105,120,105,0,0,0
裁縫職人,フェンサーマント,からだ上,9,8,55,35,70,45,40,45,70,35,55
裁縫職人,フェンサーミサンガ,腕,6,4,60,60,105,60,60,105,0,0,0
裁縫職人,フェンサーブーツ,足,4,2,85,85,0,140,140,0,0,0,0
裁縫職人,水のサークレット,頭,4,2,0,60,0,120,150,120,0,0,0
裁縫職人,水のはごろも上,からだ上,9,8,70,35,70,45,40,45,55,35,55
裁縫職人,水のはごろも下,からだ下,6,4,60,60,0,75,75,0,90,90,0
裁縫職人,水の脚帯,足,4,2,95,95,0,130,130,0,0,0,0
裁縫職人,きじゅつしのぼうし,頭,4,2,0,90,0,105,135,120,0,0,0
裁縫職人,きじゅつしの服,からだ上,9,8,60,35,50,45,40,45,70,35,70
裁縫職人,きじゅつしのズボン,からだ下,6,4,100,50,0,75,100,0,50,75,0
裁縫職人,きじゅつしグローブ,腕,6,4,70,45,110,70,45,110,0,0,0
裁縫職人,きじゅつしのブーツ,足,4,2,95,130,0,130,95,0,0,0,0
裁縫職人,司祭のぼうし,頭,4,2,0,112,0,112,112,112,0,0,0
裁縫職人,司祭のてぶくろ,腕,6,4,75,45,105,105,45,75,0,0,0
裁縫職人,司祭のほうい,からだ上,9,8,60,35,60,40,50,40,60,35,70
裁縫職人,司祭のブーツ,足,4,2,120,140,0,100,90,0,0,0,0
裁縫職人,ホーリーカロット,頭,4,2,0,125,0,75,175,75,0,0,0
裁縫職人,ホーリーローブ上,からだ上,9,8,55,35,55,50,40,50,65,35,65
裁縫職人,ホーリーローブ下,からだ下,6,4,130,90,0,65,65,0,50,50,0
裁縫職人,ホーリーブーツ,足,4,2,115,115,0,115,115,0,0,0,0
裁縫職人,しんりのぼうし,頭,4,2,0,110,0,100,150,140,0,0,0
裁縫職人,しんりのローブ上,からだ上,9,8,65,35,65,50,40,50,80,35,80
裁縫職人,しんりのローブ下,からだ下,6,4,60,60,0,75,75,0,115,115,0
裁縫職人,しんりのくつ,足,4,2,110,110,0,140,140,0,0,0,0
裁縫職人,無法者のバンダナ,頭,4,2,0,100,0,125,150,125,0,0,0
裁縫職人,無法者のベスト,からだ上,9,8,80,35,70,45,50,45,60,35,80
裁縫職人,無法者のズボン,からだ下,6,4,110,110,0,80,80,0,60,60,0
裁縫職人,無法者のうでわ,腕,6,4,60,120,70,60,120,70,0,0,0
裁縫職人,無法者のブーツ,足,4,2,100,100,0,150,150,0,0,0,0
裁縫職人,マスターハット,頭,4,2,0,125,0,125,125,125,0,0,0
裁縫職人,マスターベスト,からだ上,9,8,70,35,70,55,40,55,70,35,70
裁縫職人,マスタースラックス,からだ下,6,4,83,83,0,83,83,0,83,83,0
裁縫職人,マスターアーム,腕,6,4,85,50,115,85,50,115,0,0,0
裁縫職人,マスターシューズ,足,4,2,150,100,0,150,100,0,0,0,0
裁縫職人,占星術師のターバン,頭,4,2,0,125,0,125,175,125,0,0,0
裁縫職人,占星術師のローブ上,からだ上,9,8,65,40,65,55,50,55,90,40,90
裁縫職人,占星術師のローブ下,からだ下,6,4,120,120,0,90,90,0,65,65,0
裁縫職人,占星術師のブーツ,足,4,2,175,125,0,125,125,0,0,0,0
裁縫職人,聖者のぼうし,頭,4,2,0,130,0,120,160,140,0,0,0
裁縫職人,聖者のほうい,からだ上,9,8,75,40,75,60,50,60,75,40,75
裁縫職人,聖者のてぶくろ,腕,6,4,90,60,125,90,60,125,0,0,0
裁縫職人,聖者のブーツ,足,4,2,100,175,0,175,100,0,0,0,0
裁縫職人,トレジャーキャップ,頭,4,2,0,175,0,100,175,100,0,0,0
裁縫職人,トレジャーコート上,からだ上,9,8,100,40,50,60,50,60,50,40,100
裁縫職人,トレジャーコート下,からだ下,6,4,105,105,0,90,90,0,80,80,0
裁縫職人,トレジャーグローブ,腕,6,4,85,70,120,120,70,85,0,0,0
裁縫職人,トレジャーブーツ,足,4,2,110,110,0,165,165,0,0,0,0
裁縫職人,インテリハット,頭,4,2,0,125,0,160,160,160,0,0,0
裁縫職人,インテリローブ上,からだ上,9,8,70,40,70,65,55,65,100,40,100
裁縫職人,インテリローブ下,からだ下,6,4,140,140,0,92,93,0,70,70,0
裁縫職人,インテリサンダル,足,4,2,150,150,0,152,153,0,0,0,0
裁縫職人,月のサークレット,頭,4,2,0,150,0,150,150,150,0,0,0
裁縫職人,月のローブ上,からだ上,9,8,90,45,90,70,50,70,100,45,100
裁縫職人,月のローブ下,からだ下,6,4,160,100,0,90,75,0,100,75,0
裁縫職人,月のくつ,足,4,2,120,120,0,180,180,0,0,0,0
裁縫職人,モダンバニーヘッド,頭,4,2,0,120,0,180,180,180,0,0,0
裁縫職人,モダンバニースーツ,からだ上,9,8,90,45,90,60,60,60,105,45,105
裁縫職人,モダンバニーフレア,からだ下,6,4,160,110,0,70,80,0,90,150,0
裁縫職人,モダンバニーブレス,腕,6,4,105,70,155,105,70,155,0,0,0
裁縫職人,モダンバニーのくつ,足,4,2,135,180,0,210,135,0,0,0,0
裁縫職人,原始獣のシャプカ,頭,4,2,0,180,0,120,180,120,0,0,0
裁縫職人,原始獣のコート上,からだ上,9,8,95,40,95,60,60,60,75,40,75
裁縫職人,原始獣のコート下,からだ下,6,4,70,70,0,90,90,0,140,140,0
裁縫職人,原始獣のグローブ,腕,6,4,100,50,150,100,50,150,0,0,0
裁縫職人,原始獣のブーツ,足,4,2,170,170,0,130,130,0,0,0,0
裁縫職人,拳聖のターバン,頭,4,2,0,150,0,130,190,130,0,0,0
裁縫職人,拳聖の道着上,からだ上,9,8,80,40,80,65,50,65,90,40,90
裁縫職人,拳聖の道着下,からだ下,6,4,170,90,0,70,70,0,80,120,0
裁縫職人,拳聖のうでわ,腕,6,4,85,130,85,85,130,85,0,0,0
裁縫職人,拳聖のくつ,足,4,2,135,135,0,165,165,0,0,0,0
裁縫職人,古武道のずきん,頭,4,2,0,140,0,200,100,200,0,0,0
裁縫職人,古武道着上,からだ上,9,8,80,45,80,60,60,60,105,45,105
裁縫職人,古武道着下,からだ下,6,4,135,80,0,105,105,0,80,135,0
裁縫職人,古武道のうでわ,腕,6,4,105,105,110,105,105,110,0,0,0
裁縫職人,古武道のブーツ,足,4,2,100,150,0,180,210,0,0,0,0
裁縫職人,王宮魔術師帽,頭,4,2,0,176,0,176,176,176,0,0,0
裁縫職人,王宮魔術師ローブ上,からだ上,9,8,90,45,90,72,60,72,115,45,115
裁縫職人,王宮魔術師ローブ下,からだ下,6,4,152,152,0,120,120,0,80,80,0
裁縫職人,王宮魔術師のくつ,足,4,2,200,152,0,152,200,0,0,0,0
裁縫職人,クラウンハット,頭,4,2,0,200,0,150,140,150,0,0,0
裁縫職人,クラウンベスト,からだ上,9,8,80,60,80,60,60,60,90,60,90
裁縫職人,クラウンズボン,からだ下,6,4,140,140,0,105,105,0,75,75,0
裁縫職人,クラウングローブ,腕,6,4,85,75,130,90,140,120,0,0,0
裁縫職人,クラウンシューズ,足,4,2,200,200,0,120,120,0,0,0,0
裁縫職人,ミラクルハット,頭,4,2,0,150,0,200,254,100,0,0,0
裁縫職人,ミラクルコート上,からだ上,9,8,85,45,85,70,64,70,120,45,120
裁縫職人,ミラクルコート下,からだ下,6,4,200,80,0,74,120,0,140,90,0
裁縫職人,ミラクルグローブ,腕,6,4,110,84,140,90,160,120,0,0,0
裁縫職人,ミラクルブーツ,足,4,2,104,130,0,300,170,0,0,0,0
裁縫職人,古代魔術のぼうし,頭,4,2,0,120,0,180,160,180,0,0,0
裁縫職人,古代魔術のほうい上,からだ上,9,8,85,65,90,55,60,55,90,65,80
裁縫職人,古代魔術のほうい下,からだ下,6,4,120,90,0,90,130,0,120,90,0
裁縫職人,古代魔術のうでわ,腕,6,4,70,110,140,70,110,140,0,0,0
裁縫職人,古代魔術のながぐつ,足,4,2,130,130,0,170,170,0,0,0,0
裁縫職人,歌詠みのヘアバンド,頭,4,2,0,160,0,150,200,170,0,0,0
裁縫職人,歌詠みのころも上,からだ上,9,8,90,45,90,70,60,70,105,45,105
裁縫職人,歌詠みのころも下,からだ下,6,4,85,85,0,105,105,0,150,150,0
裁縫職人,歌詠みのブレス,腕,6,4,115,70,155,115,155,70,0,0,0
裁縫職人,歌詠みの脚帯,足,4,2,185,155,0,155,185,0,0,0,0
裁縫職人,求道者のはちまき,頭,4,2,0,170,0,170,170,170,0,0,0
裁縫職人,求道者の道着上,からだ上,9,8,90,45,105,70,60,70,105,45,90
裁縫職人,求道者の道着下,からだ下,6,4,150,150,0,110,110,0,80,80,0
裁縫職人,求道者のてぶくろ,腕,6,4,120,60,160,120,60,160,0,0,0
裁縫職人,求道者のブーツ,足,4,2,140,140,0,200,200,0,0,0,0
裁縫職人,チェイサーバンド,頭,4,2,0,150,0,200,130,200,0,0,0
裁縫職人,チェイサーレザー上,からだ上,9,8,90,60,90,70,60,70,90,60,90
裁縫職人,チェイサーレザー下,からだ下,6,4,140,140,0,110,110,0,90,90,0
裁縫職人,チェイサーアーム,腕,6,4,110,70,130,90,170,110,0,0,0
裁縫職人,チェイサーブーツ,足,4,2,130,210,0,210,130,0,0,0,0
裁縫職人,アイドルヘアバンド,頭,4,2,0,190,0,170,218,170,0,0,0
裁縫職人,アイドルスーツ上,からだ上,9,8,90,69,115,70,60,70,115,69,90
裁縫職人,アイドルスーツ下,からだ下,6,4,188,100,0,110,90,0,140,120,0
裁縫職人,アイドルブレス,腕,6,4,120,80,174,120,80,174,0,0,0
裁縫職人,アイドルブーツ,足,4,2,140,140,0,234,234,0,0,0,0
裁縫職人,だいまどうのぼうし,頭,4,2,0,150,0,170,258,170,0,0,0
裁縫職人,だいまどうローブ上,からだ上,9,8,75,45,134,90,60,90,134,45,75
裁縫職人,だいまどうローブ下,からだ下,6,4,160,94,0,120,120,0,94,160,0
裁縫職人,だいまどうのうでわ,腕,6,4,120,94,160,94,120,160,0,0,0
裁縫職人,だいまどうのくつ,足,4,2,150,165,0,185,248,0,0,0,0
裁縫職人,大賢者のミトラ,頭,4,2,0,200,0,160,160,160,0,0,0
裁縫職人,大賢者のほうい,からだ上,9,8,70,60,70,80,60,80,100,60,100
裁縫職人,大賢者のグローブ,腕,6,4,115,80,145,115,80,145,0,0,0
裁縫職人,大賢者のくつ,足,4,2,100,140,0,250,190,0,0,0,0
裁縫職人,ひつじのずきん,頭,4,2,0,100,0,210,180,210,0,0,0
裁縫職人,ひつじのころも上,からだ上,9,8,90,45,90,70,60,70,115,45,115
裁縫職人,ひつじのころも下,からだ下,6,4,110,110,0,120,120,0,120,120,0
裁縫職人,ひつじのてぶくろ,腕,6,4,100,110,140,100,110,140,0,0,0
裁縫職人,ひつじのくつ,足,4,2,160,190,0,190,160,0,0,0,0
裁縫職人,さとりのかんむり,頭,4,2,0,140,0,200,230,200,0,0,0
裁縫職人,さとりのころも,からだ上,9,8,100,60,100,75,60,75,120,60,120
裁縫職人,さとりのグローブ,腕,6,4,100,125,160,100,125,160,0,0,0
裁縫職人,さとりのブーツ,足,4,2,240,240,0,145,145,0,0,0,0
裁縫職人,ステージリボン,頭,4,2,0,220,0,160,160,160,0,0,0
裁縫職人,ステージチュチュ上,からだ上,9,8,90,45,90,95,60,95,90,45,90
裁縫職人,ステージチュチュ下,からだ下,6,4,200,80,0,70,120,0,140,90,0
裁縫職人,ステージアーム,腕,6,4,80,120,150,80,120,150,0,0,0
裁縫職人,ステージブーツ,足,4,2,200,200,0,150,150,0,0,0,0
裁縫職人,タイフーンゴーグル,頭,4,2,0,130,0,220,220,220,0,0,0
裁縫職人,タイフーンレザー上,からだ上,9,8,120,75,100,60,60,60,100,75,120
裁縫職人,タイフーンレザー下,からだ下,6,4,160,160,0,125,125,0,100,100,0
裁縫職人,タイフーングローブ,腕,6,4,125,95,165,125,95,165,0,0,0
裁縫職人,タイフーンブーツ,足,4,2,140,140,0,280,210,0,0,0,0
裁縫職人,レイブンヘッド,頭,4,2,0,130,0,170,230,170,0,0,0
裁縫職人,レイブンスーツ,からだ上,9,8,100,60,100,60,60,60,100,60,100
裁縫職人,レイブングローブ,腕,6,4,120,80,150,120,80,150,0,0,0
裁縫職人,レイブンブーツ,足,4,2,160,160,0,160,220,0,0,0,0
裁縫職人,退魔のぼうし,頭,4,2,0,160,0,180,250,180,0,0,0
裁縫職人,退魔の装束上,からだ上,9,8,115,45,105,90,60,90,105,45,115
裁縫職人,退魔の装束下,からだ下,6,4,105,150,0,150,130,0,130,105,0
裁縫職人,退魔のうでわ,腕,6,4,130,130,165,90,165,90,0,0,0
裁縫職人,退魔のくつ,足,4,2,170,170,0,215,215,0,0,0,0
裁縫職人,黄竜のはちまき,頭,4,2,0,210,0,150,210,150,0,0,0
裁縫職人,黄竜の道着,からだ上,9,8,90,60,105,75,60,75,105,60,90
裁縫職人,黄竜のうでわ,腕,6,4,125,90,145,125,90,145,0,0,0
裁縫職人,黄竜のくつ,足,4,2,155,205,0,205,155,0,0,0,0
裁縫職人,聖賢者のミトラ,頭,4,2,0,160,0,226,180,226,0,0,0
裁縫職人,聖賢者のローブ上,からだ上,9,8,131,75,131,60,60,60,100,75,100
裁縫職人,聖賢者のローブ下,からだ下,6,4,100,100,0,130,130,0,166,166,0
裁縫職人,聖賢者のバングル,腕,6,4,143,110,143,143,110,143,0,0,0
裁縫職人,聖賢者のくつ,足,4,2,150,150,0,246,246,0,0,0,0
裁縫職人,古代王族のターバン,頭,4,2,0,160,0,190,252,190,0,0,0
裁縫職人,古代王族のベスト,からだ上,9,8,126,45,126,90,60,90,105,45,105
裁縫職人,古代王族のボトムス,からだ下,6,4,130,130,0,170,170,0,96,96,0
裁縫職人,古代王族のバングル,腕,6,4,135,90,171,135,90,171,0,0,0
裁縫職人,古代王族のくつ,足,4,2,198,198,0,198,198,0,0,0,0
裁縫職人,獄獣のぼうし,頭,4,2,0,174,0,174,238,174,0,0,0
裁縫職人,獄獣のケープ,からだ上,9,8,100,75,100,60,90,60,100,75,100
裁縫職人,獄獣のズボン,からだ下,6,4,125,150,0,150,125,0,105,105,0
裁縫職人,獄獣のうであて,腕,6,4,145,110,125,145,110,125,0,0,0
裁縫職人,獄獣のくつ,足,4,2,165,165,0,215,215,0,0,0,0
裁縫職人,舞い手のヘアバンド,頭,4,2,0,216,0,180,260,180,0,0,0
裁縫職人,舞い手の服,からだ上,9,8,105,60,150,75,60,75,150,60,105
裁縫職人,舞い手のズボン,からだ下,6,4,118,170,0,170,130,0,130,118,0
裁縫職人,舞い手のリスト,腕,6,4,140,112,166,112,140,166,0,0,0
裁縫職人,舞い手のくつ,足,4,2,178,240,0,240,178,0,0,0,0
裁縫職人,精霊王のクローク上,からだ上,9,8,120,60,120,75,90,75,120,60,120
裁縫職人,精霊王のクローク下,からだ下,6,4,171,171,0,136,136,0,111,111,0
裁縫職人,精霊王のグローブ,腕,6,4,183,135,100,100,135,183,0,0,0
裁縫職人,精霊王の脚帯,足,4,2,209,209,0,209,209,0,0,0,0
裁縫職人,風虎のはちがね,頭,4,2,0,180,0,180,240,180,0,0,0
裁縫職人,風虎の道着,からだ上,9,8,100,90,90,60,100,60,90,90,100
裁縫職人,風虎のうでわ,腕,6,4,150,110,130,130,110,150,0,0,0
裁縫職人,風虎のくつ,足,4,2,220,170,0,170,220,0,0,0,0
裁縫職人,究明者のフード,頭,4,2,0,175,0,215,253,215,0,0,0
裁縫職人,究明者のコート上,からだ上,9,8,150,60,115,75,60,75,115,60,150
裁縫職人,究明者のコート下,からだ下,6,4,170,170,0,140,140,0,120,120,0
裁縫職人,究明者のグローブ,腕,6,4,174,115,140,115,140,174,0,0,0
裁縫職人,究明者のシューズ,足,4,2,215,215,0,215,215,0,0,0,0
裁縫職人,神託のぼうし,頭,4,2,0,239,0,190,239,190,0,0,0
裁縫職人,神託のローブ上,からだ上,9,8,105,75,105,75,140,75,105,75,105
裁縫職人,神託のローブ下,からだ下,6,4,145,185,0,185,145,0,100,100,0
裁縫職人,神託のブレス,腕,6,4,135,105,189,135,105,189,0,0,0
裁縫職人,神託のサンダル,足,4,2,185,185,0,244,244,0,0,0,0
裁縫職人,トーテムクラウン,頭,4,2,0,200,0,200,200,200,0,0,0
裁縫職人,トーテムケープ上,からだ上,9,8,90,75,90,75,140,75,90,75,90
裁縫職人,トーテムケープ下,からだ下,6,4,100,130,0,130,170,0,170,100,0
裁縫職人,トーテムブレス,腕,6,4,135,100,165,135,100,165,0,0,0
裁縫職人,トーテムサンダル,足,4,2,200,200,0,200,200,0,0,0,0
裁縫職人,巨商のターバン,頭,4,2,0,240,0,170,300,170,0,0,0
裁縫職人,巨商のころも,からだ上,9,8,110,75,110,75,140,75,110,75,110
裁縫職人,巨商の前かけ,からだ下,6,4,150,185,0,185,150,0,105,105,0
裁縫職人,巨商のサンダル,足,4,2,185,185,0,255,255,0,0,0,0
裁縫職人,フォーチュンローブ,からだ下,4,2,150,60,125,75,60,75,125,60,150
裁縫職人,フォーチュンボトム,からだ上,9,8,170,170,0,145,145,0,125,125,0
裁縫職人,フォーチュングラブ,腕,6,4,170,125,145,125,145,170,0,0,0
裁縫職人,フォーチュンブーツ,足,4,2,250,190,0,190,250,0,0,0,0
裁縫職人,武神の道着上,からだ上,9,8,100,75,100,75,140,75,100,75,100
裁縫職人,武神の道着下,からだ下,6,4,160,160,0,140,140,0,120,120,0
裁縫職人,武神の腕帯,腕,6,4,140,110,170,110,140,170,0,0,0
裁縫職人,武神の脚帯,足,4,2,185,185,0,235,235,0,0,0,0
裁縫職人,ヴァンガードハット,頭,4,2,0,194,0,230,270,230,0,0,0
裁縫職人,ヴァンガードコート,からだ上,9,8,120,68,150,90,68,90,150,68,120
裁縫職人,ヴァンガードグラブ,腕,6,4,185,125,152,125,152,185,0,0,0
裁縫職人,ヴァンガードブーツ,足,4,2,261,201,0,201,261,0,0,0,0
裁縫職人,賢哲のターバン,頭,4,2,0,231,0,231,231,231,0,0,0
裁縫職人,賢哲のころも,からだ上,9,8,140,96,96,60,140,60,96,96,140
裁縫職人,賢哲のころも下,からだ下,6,4,110,192,0,192,160,0,160,110,0
裁縫職人,賢哲のうでわ,腕,6,4,152,110,200,152,110,200,0,0,0
裁縫職人,賢哲のくつ,足,4,2,231,231,0,231,231,0,0,0,0
裁縫職人,トライバルヘッド,頭,4,2,0,210,0,210,210,210,0,0,0
裁縫職人,トライバルトップ,からだ上,9,8,100,70,100,85,130,85,100,70,100
裁縫職人,トライバルボトム,からだ下,6,4,135,135,0,120,120,0,165,165,0
裁縫職人,トライバルグローブ,腕,6,4,140,110,170,110,140,170,0,0,0
裁縫職人,トライバルブーツ,足,4,2,210,210,0,210,210,0,0,0,0
裁縫職人,クルーガーハット,頭,4,2,0,194,0,207,296,207,0,0,0
裁縫職人,クルーガースーツ上,からだ上,9,8,105,75,105,87,150,87,110,75,110
裁縫職人,クルーガースーツ下,からだ下,6,4,120,120,0,182,182,0,150,150,0
裁縫職人,クルーガーグローブ,腕,6,4,175,152,125,125,175,152,0,0,0
裁縫職人,クルーガーブーツ,足,4,2,200,200,0,252,252,0,0,0,0
裁縫職人,エトワールハット,頭,4,2,0,210,0,225,264,225,0,0,0
裁縫職人,エトワールコート上,からだ上,9,8,130,90,112,65,130,65,112,90,130
裁縫職人,エトワールコート下,からだ下,6,4,105,156,0,156,201,0,201,105,0
裁縫職人,エトワールグローブ,腕,6,4,130,107,225,130,107,225,0,0,0
裁縫職人,エトワールブーツ,足,4,2,203,203,0,259,259,0,0,0,0
裁縫職人,族長のバンダナ,頭,4,2,0,235,0,228,255,228,0,0,0
裁縫職人,族長のケープ上,からだ上,9,8,108,89,105,87,168,87,105,89,108
裁縫職人,族長のケープ下,からだ下,6,4,168,140,0,168,190,0,135,145,0
裁縫職人,族長のアーム,腕,6,4,178,152,143,143,178,152,0,0,0
裁縫職人,族長のブーツ,足,4,2,255,255,0,218,218,0,0,0,0
裁縫職人,カテドラルミトル,頭,4,2,0,215,0,215,215,215,0,0,0
裁縫職人,カテドラルローブ,からだ上,9,8,100,98,100,100,150,100,100,98,100
裁縫職人,カテドラルグローブ,腕,6,4,105,195,130,105,195,130,0,0,0
裁縫職人,カテドラルシューズ,足,4,2,215,215,0,215,215,0,0,0,0
裁縫職人,ポールスターハット,頭,4,2,0,206,0,197,260,197,0,0,0
裁縫職人,ポールスタートップ,からだ上,9,8,136,90,112,70,130,70,112,90,136
裁縫職人,ポールスターボトム,からだ下,6,4,136,136,0,183,183,0,154,154,0
裁縫職人,ポールスターのくつ,足,4,2,209,264,0,264,209,0,0,0,0
裁縫職人,大怪傑のはちまき,頭,4,2,0,190,0,255,255,255,0,0,0
裁縫職人,大怪傑の装束上,からだ上,9,8,115,70,115,90,130,90,115,115,115
裁縫職人,大怪傑の装束下,からだ下,6,4,180,145,0,180,150,0,125,125,0
裁縫職人,大怪傑のグローブ,腕,6,4,144,144,185,144,144,185,0,0,0
裁縫職人,大怪傑のブーツ,足,4,2,260,260,0,218,218,0,0,0,0
裁縫職人,タンブラーバンダナ,頭,4,2,0,200,0,223,223,223,0,0,0
裁縫職人,タンブラーシャツ,からだ上,9,8,100,80,100,135,120,135,95,95,95
裁縫職人,タンブラーボトム,からだ下,6,4,145,145,0,160,160,0,120,120,0
裁縫職人,タンブラーリスト,腕,6,4,115,160,150,115,160,150,0,0,0
裁縫職人,タンブラークロッグ,足,4,2,150,150,0,275,275,0,0,0,0
裁縫職人,ソポスの額冠,頭,4,2,0,175,0,220,220,340,0,0,0
裁縫職人,ソポスのころも上,からだ上,9,8,70,90,130,70,130,145,115,90,115
裁縫職人,ソポスのころも下,からだ下,6,4,133,195,0,133,195,0,150,150,0
裁縫職人,ソポスのうでわ,腕,6,4,90,194,194,90,194,194,0,0,0
裁縫職人,ソポスのサンダル,足,4,2,270,207,0,207,270,0,0,0,0
裁縫職人,神技のフード,頭,4,2,0,255,0,255,255,255,0,0,0
裁縫職人,神技のベスト,からだ上,9,8,120,140,120,100,110,100,95,95,95
裁縫職人,神技のボトム,からだ下,6,4,178,200,0,200,178,0,80,80,0
裁縫職人,神技のグローブ,腕,6,4,150,138,190,190,138,150,0,0,0
裁縫職人,神技のブーツ,足,4,2,242,242,0,242,242,0,0,0,0
裁縫職人,ヴィーラのバンダナ,頭,4,2,0,200,0,200,220,270,0,0,0
裁縫職人,ヴィーラのころも上,からだ上,9,8,80,80,80,140,130,120,120,110,100
裁縫職人,ヴィーラのころも下,からだ下,6,4,150,135,0,160,140,0,170,100,0
裁縫職人,ヴィーラのグローブ,腕,6,4,100,228,100,100,228,100,0,0,0
裁縫職人,ヴィーラのサンダル,足,4,2,260,173,0,173,260,0,0,0,0
裁縫職人,アビスハット,頭,4,2,0,320,0,220,220,220,0,0,0
裁縫職人,アビスセーラー,からだ上,9,8,80,125,80,145,150,145,80,90,80
裁縫職人,アビスセーラー下,からだ下,6,4,170,150,0,150,200,0,100,200,0
裁縫職人,アビスブーツ,足,4,2,275,275,0,212,212,0,0,0,0
裁縫職人,開祖のぼうし,頭,4,2,0,260,0,260,260,260,0,0,0
裁縫職人,開祖の道着上,からだ上,9,8,140,90,140,90,140,90,110,110,110
裁縫職人,開祖の道着下,からだ下,6,4,200,300,0,135,135,0,135,135,0
裁縫職人,開祖のてぶくろ,腕,6,4,80,200,240,80,240,200,0,0,0
裁縫職人,開祖のブーツ,足,4,2,260,260,0,260,260,0,0,0,0
裁縫職人,かぜのぼうし,頭,4,2,0,300,0,220,150,220,0,0,0
裁縫職人,かぜのマント,からだ上,9,8,70,90,70,100,120,100,130,150,130
裁縫職人,かぜのグローブ,腕,6,4,90,140,200,90,140,200,0,0,0
裁縫職人,かぜのブーツ,足,4,2,270,270,0,165,165,0,0,0,0
裁縫職人,ひかりサークレット,頭,4,2,0,130,0,270,300,270,0,0,0
裁縫職人,ひかりのローブ,からだ上,9,8,120,105,90,100,150,100,90,105,120
裁縫職人,ひかりのグローブ,腕,6,4,130,220,130,130,220,130,0,0,0
裁縫職人,ひかりのブーツ,足,4,2,285,200,0,200,285,0,0,0,0
裁縫職人,ワンダラーズベレー,頭,4,2,0,260,0,260,190,190,0,0,0
裁縫職人,ワンダラーズマント,からだ上,9,8,120,150,120,90,120,90,90,100,90
裁縫職人,ワンダラーズグラブ,腕,6,4,180,140,130,180,130,140,0,0,0
裁縫職人,ワンダラーズブーツ,足,4,2,260,260,0,190,190,0,0,0,0
裁縫職人,グレイスフルハット,頭,4,2,0,230,0,300,230,230,0,0,0
裁縫職人,グレイスフルコート,からだ上,9,8,120,130,120,90,170,90,70,130,70
裁縫職人,グレイスフルボトム,からだ下,6,4,170,200,0,200,170,0,100,100,0
裁縫職人,グレイスフルブーツ,足,4,2,200,200,0,290,290,0,0,0,0
裁縫職人,妖炎魔女の髪飾り,頭,4,2,0,220,0,220,220,400,0,0,0
裁縫職人,妖炎魔女のドレス上,からだ上,9,8,200,70,70,110,130,110,110,130,110
裁縫職人,妖炎魔女のドレス下,からだ下,6,4,250,250,0,150,130,0,130,150,0
裁縫職人,妖炎魔女のグローブ,腕,6,4,150,160,220,150,160,220,0,0,0
裁縫職人,妖炎魔女のパンプス,足,4,2,225,225,0,300,300,0,0,0,0
裁縫職人,空賊のバンダナ,頭,4,2,0,250,0,220,400,220,0,0,0
裁縫職人,空賊のシャツ,からだ上,9,8,130,70,130,140,130,140,100,100,100
裁縫職人,空賊のズボン,からだ下,6,4,190,300,0,190,100,0,190,100,0
裁縫職人,空賊のグローブ,腕,6,4,100,200,220,100,200,220,0,0,0
裁縫職人,空賊のブーツ,足,4,2,300,300,0,230,230,0,0,0,0
裁縫職人,聖翼の髪飾り,頭,4,2,0,180,0,180,300,350,0,0,0
裁縫職人,聖翼のドレス上,からだ上,9,8,80,80,80,130,180,130,100,100,100
裁縫職人,聖翼のドレス下,からだ下,6,4,100,240,0,240,100,0,140,140,0
裁縫職人,聖翼のグローブ,腕,6,4,140,90,250,90,140,250,0,0,0
裁縫職人,聖翼のブーツ,足,4,2,300,300,0,190,190,0,0,0,0
裁縫職人,ロードリーコサージ,頭,4,2,0,190,0,300,250,190,0,0,0
裁縫職人,ロードリーローブ上,からだ上,9,8,60,120,60,150,120,150,60,150,60
裁縫職人,ロードリーローブ下,からだ下,6,4,100,100,0,150,150,0,200,200,0
裁縫職人,ロードリーグローブ,腕,6,4,150,100,210,100,150,210,0,0,0
裁縫職人,ロードリーブーツ,足,4,2,130,330,0,330,130,0,0,0,0
裁縫職人,しっこくのターバン,頭,4,2,0,340,0,170,170,340,0,0,0
裁縫職人,しっこくのマント,からだ上,9,8,70,100,70,100,150,100,120,140,120
裁縫職人,しっこくのグローブ,腕,6,4,60,300,170,60,300,170,0,0,0
裁縫職人,しっこくのブーツ,足,4,2,360,130,0,130,360,0,0,0,0
裁縫職人,スパングルフェザー,頭,4,2,0,200,0,350,200,500,0,0,0
裁縫職人,スパングルドレス上,からだ上,9,8,180,70,180,70,200,70,120,120,120
裁縫職人,スパングルドレス下,からだ下,6,4,90,400,0,300,90,0,130,130,0
裁縫職人,スパングルグローブ,腕,6,4,100,150,300,150,100,300,0,0,0
裁縫職人,スパングルパンプス,足,4,2,320,320,0,200,200,0,0,0,0
裁縫職人,ふしぎなぼうし,頭,4,2,0,430,0,200,300,200,0,0,0
裁縫職人,ふしぎなボレロ上,からだ上,9,8,140,100,140,100,200,100,80,100,80
裁縫職人,ふしぎなボレロ下,からだ下,6,4,150,180,0,180,150,0,200,200,0
裁縫職人,ふしぎなグローブ,腕,6,4,70,250,180,70,180,250,0,0,0
裁縫職人,ふしぎなブーツ,足,4,2,350,350,0,180,180,0,0,0,0
裁縫職人,乱破の額当て,頭,4,2,0,500,0,200,200,370,0,0,0
裁縫職人,乱破の忍び装束上,からだ上,9,8,220,80,80,100,120,120,130,130,130
裁縫職人,乱破の忍び装束下,からだ下,6,4,170,120,0,120,140,0,220,220,0
裁縫職人,乱破の手甲,腕,6,4,280,100,160,100,280,160,0,0,0
裁縫職人,乱破の脚半,足,4,2,150,370,0,370,260,0,0,0,0
裁縫職人,プロディトヘッド,頭,4,2,0,200,0,285,400,285,0,0,0
裁縫職人,プロディトスーツ上,からだ上,9,8,90,70,90,160,200,160,120,100,120
裁縫職人,プロディトスーツ下,からだ下,6,4,90,300,0,270,250,0,120,120,0
裁縫職人,プロディトグローブ,腕,6,4,330,330,100,100,100,200,0,0,0
裁縫職人,プロディトシューズ,足,4,2,130,210,0,360,300,0,0,0,0
裁縫職人,オスクトルクラウン,頭,4,2,0,330,0,210,330,210,0,0,0
裁縫職人,オスクトルローブ上,からだ上,9,8,120,80,120,70,160,70,140,140,140
裁縫職人,オスクトルローブ下,からだ下,6,4,180,120,0,120,180,0,240,240,0
裁縫職人,オスクトルグローブ,腕,6,4,140,180,70,180,70,340,0,0,0
裁縫職人,オスクトルブーツ,足,4,2,370,300,0,190,140,0,0,0,0
裁縫職人,隠密のはちまき,頭,4,2,0,220,0,190,510,430,0,0,0
裁縫職人,隠密の装束上,からだ上,9,8,210,100,180,110,140,130,90,120,100
裁縫職人,隠密の装束下,からだ下,6,4,280,370,0,90,150,0,170,190,0
裁縫職人,隠密の手甲,腕,6,4,160,100,190,350,120,290,0,0,0
裁縫職人,隠密の脚半,足,4,2,460,250,0,170,420,0,0,0,0
裁縫職人,瑞雲の髪飾り,頭,4,2,0,420,0,480,270,140,0,0,0
裁縫職人,瑞雲の道服上,からだ上,9,8,230,160,220,110,100,120,90,140,90
裁縫職人,瑞雲の道服下,からだ下,6,4,290,250,0,140,210,0,190,120,0
裁縫職人,瑞雲のこて,腕,6,4,270,380,240,150,120,180,0,0,0
裁縫職人,瑞雲の深沓,足,4,2,350,420,0,120,260,0,0,0,0
裁縫職人,陰陽博士のぼうし,頭,4,2,0,300,0,200,260,340,0,0,0
裁縫職人,陰陽博士のころも上,からだ上,9,8,150,180,150,90,150,90,130,100,100
裁縫職人,陰陽博士のころも下,からだ下,6,4,220,240,0,140,170,0,160,130,0
裁縫職人,陰陽博士のてぶくろ,腕,6,4,170,160,270,120,290,130,0,0,0
裁縫職人,陰陽博士のくつ,足,4,2,120,450,0,390,170,0,0,0,0
裁縫職人,烈風のキャップ,頭,4,2,0,420,0,290,140,320,0,0,0
裁縫職人,烈風のころも上,からだ上,9,8,100,150,100,140,120,90,170,90,150
裁縫職人,烈風のころも下,からだ下,6,4,180,200,0,270,110,0,90,240,0
裁縫職人,烈風のグローブ,腕,6,4,210,120,320,290,90,140,0,0,0
裁縫職人,烈風のブーツ,足,4,2,200,380,0,110,450,0,0,0,0
裁縫職人,妖精郷の花髪,頭,4,2,0,290,0,150,450,490,0,0,0
裁縫職人,妖精郷の舞踏服上,からだ上,9,8,120,180,110,130,90,190,100,130,90
裁縫職人,妖精郷の舞踏服下,からだ下,6,4,80,270,0,260,100,0,140,290,0
裁縫職人,妖精郷のうでわ,腕,6,4,220,90,190,380,130,290,0,0,0
裁縫職人,妖精郷のブーツ,足,4,2,510,140,0,210,490,0,0,0,0
裁縫職人,アンテイクトーク,頭,4,2,0,460,0,410,180,310,0,0,0
裁縫職人,アンテイクドレス上,からだ上,9,8,180,100,190,120,90,130,110,160,80
裁縫職人,アンテイクドレス下,からだ下,6,4,290,100,0,140,260,0,340,90,0
裁縫職人,アンテイクグローブ,腕,6,4,140,350,130,190,90,230,0,0,0
裁縫職人,アンテイクシューズ,足,4,2,120,250,0,470,360,0,0,0,0
裁縫職人,ノクトルクラウン,頭,4,2,0,340,0,480,150,230,0,0,0
裁縫職人,ノクトルケープ上,からだ上,9,8,90,120,150,140,110,100,220,90,190
裁縫職人,ノクトルケープ下,からだ下,6,4,160,170,0,90,210,0,270,160,0
裁縫職人,ノクトルグローブ,腕,6,4,360,90,160,110,250,330,0,0,0
裁縫職人,ノクトルブーツ,足,4,2,100,500,0,390,190,0,0,0,0
裁縫職人,月影の額当て,頭,4,2,0,500,0,380,130,440,0,0,0
裁縫職人,月影の装束上,からだ上,9,8,130,85,110,80,110,160,150,100,180
裁縫職人,月影の装束下,からだ下,6,4,150,270,0,320,90,0,120,280,0
裁縫職人,月影のこて,腕,6,4,340,100,320,180,150,170,0,0,0
裁縫職人,月影の深沓,足,4,2,410,120,0,250,520,0,0,0,0
裁縫職人,叡聖のサークレット,頭,4,2,0,450,0,140,300,400,0,0,0
裁縫職人,叡聖の博士服,からだ上,9,8,240,150,170,130,110,90,80,130,110
裁縫職人,叡聖のグローブ,腕,6,4,180,130,350,230,100,120,0,0,0
裁縫職人,叡聖のブーツ,足,4,2,450,240,0,130,410,0,0,0,0
