equipment_id,equipment_level,equipment_type,equipment_name,attack,attack_magic,heal_magic,defense,shield_guard_rate,traits
eq_0001,132,片手剣,守護竜のつるぎ,284,,,,,行動時5%でスカラ2段階
eq_0001,132,片手剣,守護竜のつるぎ,284,,,,,すべての属性のダメージ+3%
eq_0002,130,片手剣,レオンソード,275,,,,,攻撃時10％でCT-10秒
eq_0002,130,片手剣,レオンソード,275,,,,,2.0%ターン消費なし(試合無効)
eq_0002,130,片手剣,レオンソード,275,,,,,攻魔+24/洒落+26/重さ+16
eq_0003,128,片手剣,不浄の滅剣,264,,,,,行動時10%でバイシオン
eq_0003,128,片手剣,不浄の滅剣,264,,,,,ゾンビ系にダメージ+15%
eq_0003,128,片手剣,不浄の滅剣,264,,,,,攻魔+24/洒落+26/重さ+16
eq_0004,125,片手剣,コメットソード,251,,,,,特技のダメージ+15(試合無効)
eq_0004,125,片手剣,コメットソード,251,,,,,武器ガード率+2.0%
eq_0004,125,片手剣,コメットソード,251,,,,,攻魔+24/洒落+26/重さ+16
eq_0005,120,片手剣,セーラスソード,237,,,,,会心率+1.2%
eq_0005,120,片手剣,セーラスソード,237,,,,,会心と暴走時魔物にダメージ+15
eq_0005,120,片手剣,セーラスソード,237,,,,,攻魔+22/洒落+26/重さ+16
eq_0006,118,片手剣,妖精の剣,223,,,,,行動時5%でスカラ2段階
eq_0006,118,片手剣,妖精の剣,223,,,,,全属性ダメージ+3.0%
eq_0006,118,片手剣,妖精の剣,223,,,,,攻魔+22/洒落+26/重さ+16
eq_0007,115,片手剣,輝天のつるぎ,209,,,,,攻撃時10.0%でチャージ時間-10秒
eq_0007,115,片手剣,輝天のつるぎ,209,,,,,2.0%ターン消費なし(試合無効)
eq_0007,115,片手剣,輝天のつるぎ,209,,,,,攻魔+20/洒落+26/重さ+16
eq_0008,110,片手剣,鳴神のつるぎ,195,,,,,特技ダメージ+10(試合無効)
eq_0008,110,片手剣,鳴神のつるぎ,195,,,,,攻撃時8.0%で雷と光耐性低下
eq_0008,110,片手剣,鳴神のつるぎ,195,,,,,攻魔+15/洒落+26/重さ+16
eq_0009,108,片手剣,デッドリーソード,183,,,,,会心率+1.2%
eq_0009,108,片手剣,デッドリーソード,183,,,,,会心と暴走時ダメージ+15(試合無効)
eq_0009,108,片手剣,デッドリーソード,183,,,,,洒落+26/重さ+15
eq_0010,105,片手剣,呪印のつるぎ,173,,,,,攻撃時5%でぶきみなひかり
eq_0010,105,片手剣,呪印のつるぎ,173,,,,,武器ガード率+2.0%
eq_0010,105,片手剣,呪印のつるぎ,173,,,,,洒落+26/重さ+10
eq_0011,100,片手剣,邪紋のつるぎ,164,,,,,状態異常成功率+10%
eq_0011,100,片手剣,邪紋のつるぎ,164,,,,,攻撃時5%でヘナトス
eq_0011,100,片手剣,邪紋のつるぎ,164,,,,,HP+3/洒落+26/重さ+10
eq_0012,99,片手剣,アカシックソード,154,,,,,会心率+1.2%
eq_0012,99,片手剣,アカシックソード,154,,,,,攻撃力アップの時間+10秒
eq_0012,99,片手剣,アカシックソード,154,,,,,HP+3/洒落+24/重さ+10
eq_0013,96,片手剣,天恵石のつるぎ,145,,,,,獣系にダメージ+15%
eq_0013,96,片手剣,天恵石のつるぎ,145,,,,,攻撃時4%でボミエ2段階
eq_0013,96,片手剣,天恵石のつるぎ,145,,,,,HP+3/洒落+22/重さ+10
eq_0014,93,片手剣,セイクリッドソード,135,,,,,会心率+1.2%
eq_0014,93,片手剣,セイクリッドソード,135,,,,,武器ガード率+2%
eq_0014,93,片手剣,セイクリッドソード,135,,,,,洒落+20/重さ+10
eq_0015,90,片手剣,はやぶさの剣改,129,,,,,2回攻撃
eq_0015,90,片手剣,はやぶさの剣改,129,,,,,開戦時10%でバイキルト
eq_0015,90,片手剣,はやぶさの剣改,129,,,,,洒落+16/重さ+10
eq_0016,85,片手剣,戦姫のレイピア,122,,,,,会心率+1.2%
eq_0016,85,片手剣,戦姫のレイピア,122,,,,,MP消費しない+4%(試合無効)
eq_0016,85,片手剣,戦姫のレイピア,122,,,,,MP+6/洒落+18/重さ+10
eq_0017,80,片手剣,天命のつるぎ,116,,,,,攻撃時4%ヘナトス
eq_0017,80,片手剣,天命のつるぎ,116,,,,,洒落+15/重さ+10
eq_0018,80,片手剣,名刀　斬鉄丸,111,,,,,攻撃時4%ルカニ
eq_0018,80,片手剣,名刀　斬鉄丸,111,,,,,洒落+15/重さ+10
eq_0019,75,片手剣,ライトニングソード,108,,,,,雷属性攻撃
eq_0019,75,片手剣,ライトニングソード,108,,,,,MP+4/洒落+14/重さ+10
eq_0020,70,片手剣,聖王のつるぎ,103,,,,,ドラゴン系ダメージ+10%
eq_0020,70,片手剣,聖王のつるぎ,103,,,,,MP+3/洒落+14/重さ+10
eq_0021,65,片手剣,ほしくずのつるぎ,98,,,,,攻撃時4%ルカニ
eq_0021,65,片手剣,ほしくずのつるぎ,98,,,,,洒落+18/重さ+12
eq_0022,60,片手剣,オニキスの魔剣,91,,,,,MP+8/洒落+11/重さ+12
eq_0023,60,片手剣,メタスラの剣,79,,,,,メタル系にダメージ+1
eq_0023,60,片手剣,メタスラの剣,79,,,,,洒落+10/重さ+10
eq_0024,50,片手剣,ほのおのつるぎ,73,,,,,炎属性攻撃
eq_0024,50,片手剣,ほのおのつるぎ,73,,,,,洒落+10/重さ+10
eq_0025,50,片手剣,きせきのつるぎ,68,,,,,攻撃ダメージの6.0%HP回復
eq_0025,50,片手剣,きせきのつるぎ,68,,,,,洒落+15/重さ+10
eq_0026,42,片手剣,ドラゴンキラー,64,,,,,ドラゴン系にダメージ+20%
eq_0026,42,片手剣,ドラゴンキラー,64,,,,,洒落+8/重さ+8
eq_0027,42,片手剣,ゾンビキラー,61,,,,,ゾンビ系にダメージ+20%
eq_0027,42,片手剣,ゾンビキラー,61,,,,,洒落+8/重さ+8
eq_0028,42,片手剣,まけんしのレイピア,57,,,,,洒落+10/重さ+8
eq_0029,42,片手剣,プラチナソード,52,,,,,試合時ダメージ+10%
eq_0029,42,片手剣,プラチナソード,52,,,,,洒落+10/重さ+8
eq_0030,35,片手剣,はじゃのつるぎ,48,,,,,使うとギラの効果
eq_0030,35,片手剣,はじゃのつるぎ,48,,,,,洒落+6/重さ+6
eq_0031,35,片手剣,戦士の剣,45,,,,,洒落+6/重さ+6
eq_0032,35,片手剣,はやぶさの剣,20,,,,,2回攻撃
eq_0032,35,片手剣,はやぶさの剣,20,,,,,洒落+6/重さ+2
eq_0033,28,片手剣,ウェスタンレイピア,39,,,,,洒落+6/重さ+3
eq_0034,28,片手剣,はがねのつるぎ,36,,,,,試合時ダメージ+10%
eq_0034,28,片手剣,はがねのつるぎ,36,,,,,洒落+5/重さ+5
eq_0035,21,片手剣,バスタードソード,31,,,,,洒落+4/重さ+4
eq_0036,21,片手剣,ぎんのレイピア,28,,,,,洒落+5/重さ+3
eq_0037,14,片手剣,さんぞくのサーベル,23,,,,,洒落+3/重さ+3
eq_0038,14,片手剣,てつのつるぎ,20,,,,,試合時ダメージ+5%
eq_0038,14,片手剣,てつのつるぎ,20,,,,,洒落+3/重さ+3
eq_0039,7,片手剣,レイピア,15,,,,,洒落+2/重さ+1
eq_0040,7,片手剣,せいどうのつるぎ,12,,,,,洒落+1/重さ+2
eq_0041,1,片手剣,どうのつるぎ,7,,,,,洒落+1/重さ+1
eq_0042,132,両手剣,ネビュラスブレード,402,,,,,行動時1%でテンションアップ
eq_0042,132,両手剣,ネビュラスブレード,402,,,,,行動時5%でテンション消費なし
eq_0043,130,両手剣,獅子の大剣,389,,,,,必殺チャージ率+1.0%
eq_0043,130,両手剣,獅子の大剣,389,,,,,必殺チャージ時バイキルト
eq_0043,130,両手剣,獅子の大剣,389,,,,,洒落+24/重さ+51
eq_0044,128,両手剣,クラウドブレイカー,369,,,,,特技のダメージ+15（試合無効）
eq_0044,128,両手剣,クラウドブレイカー,369,,,,,武器ガード率+3.0%
eq_0044,128,両手剣,クラウドブレイカー,369,,,,,洒落+24/重さ+51
eq_0045,125,両手剣,紫電の轟剣,348,,,,,雷の攻撃ダメージ+15%
eq_0045,125,両手剣,紫電の轟剣,348,,,,,会心率+3.0%
eq_0045,125,両手剣,紫電の轟剣,348,,,,,洒落+24/重さ+51
eq_0046,120,両手剣,セーラスブレード,329,,,,,全ての攻撃時5.0%ためる
eq_0046,120,両手剣,セーラスブレード,329,,,,,行動時5%でテンション消費なし
eq_0046,120,両手剣,セーラスブレード,329,,,,,洒落+24/重さ+51
eq_0047,118,両手剣,斬魔の緋大剣,312,,,,,悪魔系にダメージ+15%
eq_0047,118,両手剣,斬魔の緋大剣,312,,,,,行動時10%でバイシオン
eq_0047,118,両手剣,斬魔の緋大剣,312,,,,,洒落+24/重さ+51
eq_0048,115,両手剣,輝天の大剣,297,,,,,特技のダメージ+15（試合無効）
eq_0048,115,両手剣,輝天の大剣,297,,,,,武器ガード率+3.0%
eq_0048,115,両手剣,輝天の大剣,297,,,,,洒落+24/重さ+51
eq_0049,110,両手剣,ダインスレイフ,282,,,,,攻撃ダメージの2.0%HPが回復
eq_0049,110,両手剣,ダインスレイフ,282,,,,,会心率+3.0%
eq_0049,110,両手剣,ダインスレイフ,282,,,,,洒落+24/重さ+51
eq_0050,108,両手剣,ベルセルクブレード,267,,,,,全ての攻撃時4.0%でためる
eq_0050,108,両手剣,ベルセルクブレード,267,,,,,行動時4%でテンションを消費しない
eq_0050,108,両手剣,ベルセルクブレード,267,,,,,洒落+24/重さ+50
eq_0051,105,両手剣,業炎の大剣,252,,,,,炎属性攻撃
eq_0051,105,両手剣,業炎の大剣,252,,,,,武器ガード率+3.0%
eq_0051,105,両手剣,業炎の大剣,252,,,,,洒落+24/重さ+50
eq_0052,100,両手剣,覇王の大剣,239,,,,,全ての攻撃時4.0%でためる
eq_0052,100,両手剣,覇王の大剣,239,,,,,行動時4%でテンションを消費しない
eq_0052,100,両手剣,覇王の大剣,239,,,,,洒落+24/重さ+50
eq_0053,99,両手剣,神域の大剣,226,,,,,武器ガード率+3.0%
eq_0053,99,両手剣,神域の大剣,226,,,,,攻撃時5.0%でチャージ時間-10秒
eq_0053,99,両手剣,神域の大剣,226,,,,,洒落+22/重さ+50
eq_0054,96,両手剣,オートクレール,213,,,,,全ての攻撃時3.0%でためる
eq_0054,96,両手剣,オートクレール,213,,,,,行動時3%でテンション消費なし
eq_0054,96,両手剣,オートクレール,213,,,,,洒落+20/重さ+50
eq_0055,93,両手剣,聖大剣アスカロン,198,,,,,ドラゴン系にダメージ+15%
eq_0055,93,両手剣,聖大剣アスカロン,198,,,,,会心率+3.0%
eq_0055,93,両手剣,聖大剣アスカロン,198,,,,,洒落+18/重さ+50
eq_0056,90,両手剣,フューリーブレード,189,,,,,炎属性攻撃
eq_0056,90,両手剣,フューリーブレード,189,,,,,行動時3%でテンションを消費しない
eq_0056,90,両手剣,フューリーブレード,189,,,,,洒落+16/重さ+47
eq_0057,85,両手剣,スレイプニール,182,,,,,開戦時75%でピオラ2段階
eq_0057,85,両手剣,スレイプニール,182,,,,,洒落+14/重さ+44
eq_0058,80,両手剣,翠石の大剣,175,,,,,攻撃時4%でルカニ
eq_0058,80,両手剣,翠石の大剣,175,,,,,攻撃時30%でマホ系解除
eq_0058,80,両手剣,翠石の大剣,175,,,,,洒落+14/重さ+44
eq_0059,80,両手剣,ケイオスブレード,171,,,,,攻撃時3%で幻惑
eq_0059,80,両手剣,ケイオスブレード,171,,,,,開戦時10%でバイキルト
eq_0059,80,両手剣,ケイオスブレード,171,,,,,洒落+9/重さ+44
eq_0060,75,両手剣,エンパイアブレード,165,,,,,会心率+3.0%
eq_0060,75,両手剣,エンパイアブレード,165,,,,,攻撃時50%でテンション下げ
eq_0060,75,両手剣,エンパイアブレード,165,,,,,MP+4/洒落+17/重さ+44
eq_0061,70,両手剣,聖王の大剣,142,,,,,ドラゴン系にダメージ+10%
eq_0061,70,両手剣,聖王の大剣,142,,,,,洒落+17/重さ+44
eq_0062,65,両手剣,フォースブレード,119,,,,,エレ系にダメージ+20%
eq_0062,65,両手剣,フォースブレード,119,,,,,雷属性攻撃
eq_0062,65,両手剣,フォースブレード,119,,,,,洒落+16/重さ+43
eq_0063,60,両手剣,天馬の大剣,113,,,,,攻撃時3%でいてつくはどう
eq_0063,60,両手剣,天馬の大剣,113,,,,,洒落+16/重さ+43
eq_0064,60,両手剣,メタスラの大剣,99,,,,,メタル系にダメージ+1
eq_0064,60,両手剣,メタスラの大剣,99,,,,,洒落+15/重さ+42
eq_0065,50,両手剣,大獄剣,96,,,,,炎属性攻撃
eq_0065,50,両手剣,大獄剣,96,,,,,洒落+13/重さ+33
eq_0066,50,両手剣,キングブレード,91,,,,,会心率+2.0%
eq_0066,50,両手剣,キングブレード,91,,,,,攻撃時50%でテンション下げ
eq_0066,50,両手剣,キングブレード,91,,,,,洒落+17/重さ+33
eq_0067,42,両手剣,ドラゴンバスター,77,,,,,ドラゴン系にダメージ+20%
eq_0067,42,両手剣,ドラゴンバスター,77,,,,,洒落+8/重さ+27
eq_0068,42,両手剣,デーモンバスター,73,,,,,悪魔系にダメージ+20%
eq_0068,42,両手剣,デーモンバスター,73,,,,,洒落+8/重さ+27
eq_0069,42,両手剣,プラチナブレード,68,,,,,試合時ダメージ+15%
eq_0069,42,両手剣,プラチナブレード,68,,,,,洒落+10/重さ+27
eq_0070,35,両手剣,斬夜の太刀,62,,,,,光属性攻撃
eq_0070,35,両手剣,斬夜の太刀,62,,,,,洒落+6/重さ+21
eq_0071,35,両手剣,クレセントエッジ,58,,,,,攻撃時3%でマヒ
eq_0071,35,両手剣,クレセントエッジ,58,,,,,洒落+7/重さ+21
eq_0072,35,両手剣,ブラッドエッジ,54,,,,,攻撃時3%でマホトーン
eq_0072,35,両手剣,ブラッドエッジ,54,,,,,洒落+7/重さ+21
eq_0073,28,両手剣,退魔の太刀,47,,,,,悪魔系にダメージ+10%
eq_0073,28,両手剣,退魔の太刀,47,,,,,洒落+5/重さ+19
eq_0074,28,両手剣,はがねの大剣,44,,,,,試合時ダメージ+10%
eq_0074,28,両手剣,はがねの大剣,44,,,,,洒落+5/重さ+18
eq_0075,21,両手剣,おおばさみ,37,,,,,洒落+3/重さ+16
eq_0076,21,両手剣,シャドウエッジ,33,,,,,洒落+4/重さ+15
eq_0077,14,両手剣,ビッグブレードII,27,,,,,洒落+3/重さ+15
eq_0078,14,両手剣,てつの大剣,23,,,,,試合時ダメージ+5%
eq_0078,14,両手剣,てつの大剣,23,,,,,洒落+2/重さ+14
eq_0079,7,両手剣,ビッグブレード,17,,,,,洒落+1/重さ+12
eq_0080,7,両手剣,せいどうの大剣,14,,,,,洒落+1/重さ+12
eq_0081,1,両手剣,どうの大剣,9,,,,,洒落+1/重さ+11
eq_0082,132,短剣,影星の短刀,248,,,,,特技のダメージ15(試合無効)
eq_0082,132,短剣,影星の短刀,248,,,,,行動時10%できようさ+60
eq_0083,130,短剣,晴蒼の短剣,240,,,,,会心率と呪文暴走率+2.0%
eq_0083,130,短剣,晴蒼の短剣,240,,,,,会心と暴走時のダメージ+100(試合無効)
eq_0083,130,短剣,晴蒼の短剣,240,,,,,攻魔+130/早さ+50/洒落+52/重さ+12
eq_0084,128,短剣,ジェミニダガー,230,,,,,行動時15%で暴走アップ
eq_0084,128,短剣,ジェミニダガー,230,,,,,行動時10%で早詠みの杖
eq_0084,128,短剣,ジェミニダガー,230,,,,,攻魔+125/早さ+50/洒落+52/重さ+12
eq_0085,125,短剣,ヴェーレダガー,219,,,,,攻撃時18%で猛毒
eq_0085,125,短剣,ヴェーレダガー,219,,,,,毒時魔物にダメージ+100
eq_0085,125,短剣,ヴェーレダガー,219,,,,,攻魔+120/早さ+50/洒落+52/重さ+12
eq_0086,120,短剣,セーラスダガー,208,,,,,2.0%でターン消費なし(試合無効)
eq_0086,120,短剣,セーラスダガー,208,,,,,必殺チャージ率 +1%(左手装備時無効)
eq_0086,120,短剣,セーラスダガー,208,,,,,攻魔+115/早さ+45/洒落+52/重さ+12
eq_0087,118,短剣,エレガントポイズン,197,,,,,行動時5%でチャージ時間-10秒
eq_0087,118,短剣,エレガントポイズン,197,,,,,攻撃時18%で猛毒
eq_0087,118,短剣,エレガントポイズン,197,,,,,攻魔+110/早さ+45/洒落+52/重さ+12
eq_0088,115,短剣,輝天のナイフ,186,,,,,呪文発動速度+2％
eq_0088,115,短剣,輝天のナイフ,186,,,,,会心率と呪文暴走率+2.0%
eq_0088,115,短剣,輝天のナイフ,186,,,,,攻魔+105/早さ+45/洒落+52/重さ+12
eq_0089,110,短剣,ファントムダガー,176,,,,,攻撃時18%で猛毒
eq_0089,110,短剣,ファントムダガー,176,,,,,攻撃時18%で幻惑
eq_0089,110,短剣,ファントムダガー,176,,,,,攻魔+75/早さ+45/洒落+52/重さ+12
eq_0090,108,短剣,ワイルドファング,167,,,,,2.0%でターン消費なし(試合無効)
eq_0090,108,短剣,ワイルドファング,167,,,,,必殺チャージ率 +1%(左手装備時無効)
eq_0090,108,短剣,ワイルドファング,167,,,,,洒落+52/重さ+12
eq_0091,105,短剣,クレセントダガー,159,,,,,攻撃時20%で魔導の書
eq_0091,105,短剣,クレセントダガー,159,,,,,洒落+52/重さ+12
eq_0092,100,短剣,グラフィアス,152,,,,,虫系にダメージ+15%
eq_0092,100,短剣,グラフィアス,152,,,,,攻撃時16%で猛毒
eq_0092,100,短剣,グラフィアス,152,,,,,器用+40/洒落+52/重さ+12
eq_0093,99,短剣,神域の短剣,145,,,,,会心率+1.5%
eq_0093,99,短剣,神域の短剣,145,,,,,攻撃時2%でマヒ
eq_0093,99,短剣,神域の短剣,145,,,,,器用+35/洒落+51/重さ+12
eq_0094,96,短剣,ガテリアの宝剣,135,,,,,必殺チャージ率 +1%(左手装備時無効)
eq_0094,96,短剣,ガテリアの宝剣,135,,,,,器用+30/洒落+50/重さ+12
eq_0095,93,短剣,トールナイフ,125,,,,,雷属性攻撃
eq_0095,93,短剣,トールナイフ,125,,,,,2.0%でターン消費なし(試合無効)
eq_0095,93,短剣,トールナイフ,125,,,,,洒落+17/重さ+12
eq_0096,90,短剣,天河のジャンビーヤ,119,,,,,光属性攻撃
eq_0096,90,短剣,天河のジャンビーヤ,119,,,,,攻撃時16%で猛毒
eq_0096,90,短剣,天河のジャンビーヤ,119,,,,,洒落+17/重さ+19
eq_0097,85,短剣,エンシェントククリ,113,,,,,開戦時50%で早詠みの杖
eq_0097,85,短剣,エンシェントククリ,113,,,,,2.0%でターン消費なし(試合無効)
eq_0097,85,短剣,エンシェントククリ,113,,,,,HP+5/攻魔+35/回魔+35/洒落+17/重さ+8
eq_0098,80,短剣,クリスタルエッジ,107,,,,,会心率+3.0%
eq_0098,80,短剣,クリスタルエッジ,107,,,,,攻撃時5%で魔導の書
eq_0098,80,短剣,クリスタルエッジ,107,,,,,洒落+20/重さ+7
eq_0099,80,短剣,ポイズンスケイル,102,,,,,攻撃時3%で混乱
eq_0099,80,短剣,ポイズンスケイル,102,,,,,攻撃時16%で猛毒
eq_0099,80,短剣,ポイズンスケイル,102,,,,,洒落+15/重さ+8
eq_0100,75,短剣,ライトニングダガー,99,,,,,雷属性攻撃
eq_0100,75,短剣,ライトニングダガー,99,,,,,MP+4/洒落+17/重さ+8
eq_0101,70,短剣,聖王のナイフ,44,,,,,虫系にダメージ+10%
eq_0101,70,短剣,聖王のナイフ,44,,,,,2回攻撃できる(二撃目はダメージ0.7倍)
eq_0101,70,短剣,聖王のナイフ,44,,,,,洒落+17/重さ+8
eq_0102,65,短剣,サウザンドダガー,90,,,,,不意を突く確率+3.0%
eq_0102,65,短剣,サウザンドダガー,90,,,,,早さ+5/洒落+16/重さ+8
eq_0103,60,短剣,こがらしのダガー,85,,,,,風属性攻撃
eq_0103,60,短剣,こがらしのダガー,85,,,,,洒落+10/重さ+8
eq_0104,60,短剣,ファルコンダガー,74,,,,,不意を突く確率+3.0%
eq_0104,60,短剣,ファルコンダガー,74,,,,,早さ+3/洒落+10/重さ+7
eq_0105,50,短剣,サラマンダー,70,,,,,炎属性攻撃
eq_0105,50,短剣,サラマンダー,70,,,,,洒落+13/重さ+9
eq_0106,50,短剣,王家のナイフ,67,,,,,怪人系を攻撃3%で魅了
eq_0106,50,短剣,王家のナイフ,67,,,,,MP+3/洒落+17/重さ+7
eq_0107,42,短剣,ブラッドピック,1,,,,,攻撃時3%で急所を突く
eq_0107,42,短剣,ブラッドピック,1,,,,,敵にあたえるダメージが1になる
eq_0107,42,短剣,ブラッドピック,1,,,,,洒落+5/重さ+5
eq_0108,42,短剣,グラディウス,56,,,,,試合時ダメージ+15%
eq_0108,42,短剣,グラディウス,56,,,,,洒落+8/重さ+5
eq_0109,42,短剣,こおりのやいば,53,,,,,戦いで使うと氷のつぶてで攻撃
eq_0109,42,短剣,こおりのやいば,53,,,,,洒落+8/重さ+5
eq_0110,35,短剣,ソードブレイカー,46,,,,,攻撃時3%でヘナトス
eq_0110,35,短剣,ソードブレイカー,46,,,,,洒落+4/重さ+6
eq_0111,35,短剣,よるのパピヨン,43,,,,,攻撃時3%で混乱
eq_0111,35,短剣,よるのパピヨン,43,,,,,洒落+6/重さ+4
eq_0112,35,短剣,キラーピアス,19,,,,,2回攻撃できる(二撃目はダメージ0.7倍)
eq_0112,35,短剣,キラーピアス,19,,,,,洒落+7/重さ+4
eq_0113,28,短剣,イーグルダガー,40,,,,,不意をつく確率+2%
eq_0113,28,短剣,イーグルダガー,40,,,,,洒落+5/重さ+3
eq_0114,28,短剣,こあくまのナイフ,36,,,,,攻撃時3%で幻惑
eq_0114,28,短剣,こあくまのナイフ,36,,,,,洒落+6/重さ+3
eq_0115,21,短剣,どくばり,1,,,,,攻撃時2%で急所を突く
eq_0115,21,短剣,どくばり,1,,,,,敵にあたえるダメージが1になる
eq_0115,21,短剣,どくばり,1,,,,,洒落+2/重さ+3
eq_0116,21,短剣,ぎんの短剣,29,,,,,洒落+5/重さ+3
eq_0117,14,短剣,アサシンダガー,25,,,,,攻撃時1%で急所を突く
eq_0117,14,短剣,アサシンダガー,25,,,,,洒落+2/重さ+2
eq_0118,14,短剣,シーブスナイフ,20,,,,,試合時ダメージ+5%
eq_0118,14,短剣,シーブスナイフ,20,,,,,洒落+3/重さ+2
eq_0119,7,短剣,どくがのナイフ,15,,,,,攻撃時3%でマヒ
eq_0119,7,短剣,どくがのナイフ,15,,,,,洒落+2/重さ+1
eq_0120,7,短剣,聖なるナイフ,11,,,,,ゾンビ系にダメージ+10%
eq_0120,7,短剣,聖なるナイフ,11,,,,,洒落+2/重さ+1
eq_0121,1,短剣,ブロンズナイフ,7,,,,,洒落+1/重さ+1
eq_0122,132,槍,ミカヅチのやり,358,,,,,特技のダメージ+25(試合無効)
eq_0122,132,槍,ミカヅチのやり,358,,,,,武器ガード率+4.0%
eq_0123,130,槍,クロワランス,346,,,,,攻撃特技の射程距離+1m
eq_0123,130,槍,クロワランス,346,,,,,行動時5%でスカラとピオラ
eq_0123,130,槍,クロワランス,346,,,,,洒落+16/重さ+74
eq_0124,128,槍,ボーライドスピアー,334,,,,,かいしん率+3.0%
eq_0124,128,槍,ボーライドスピアー,334,,,,,会心時魔物にダメージ+100
eq_0124,128,槍,ボーライドスピアー,334,,,,,洒落+16/重さ+74
eq_0125,125,槍,カプリコルランス,322,,,,,攻撃時10%でバイシオン
eq_0125,125,槍,カプリコルランス,322,,,,,行動時10%でチャージ時間-10秒
eq_0125,125,槍,カプリコルランス,322,,,,,洒落+16/重さ+74
eq_0126,120,槍,セーラスランス,310,,,,,特技のダメージ+20(試合無効)
eq_0126,120,槍,セーラスランス,310,,,,,武器ガード率+4.0%
eq_0126,120,槍,セーラスランス,310,,,,,洒落+16/重さ+74
eq_0127,118,槍,不死鳥のやり,294,,,,,鳥系にダメージ+15%
eq_0127,118,槍,不死鳥のやり,294,,,,,行動時10%でバイシオン
eq_0127,118,槍,不死鳥のやり,294,,,,,洒落+16/重さ+74
eq_0128,115,槍,輝天のやり,278,,,,,雷の攻撃ダメージ+6%
eq_0128,115,槍,輝天のやり,278,,,,,全ての攻撃ダメージ+3%
eq_0128,115,槍,輝天のやり,278,,,,,洒落+16/重さ+74
eq_0129,110,槍,クアドラピアー,262,,,,,会心率+3.0%
eq_0129,110,槍,クアドラピアー,262,,,,,コマンド間隔-0.5秒
eq_0129,110,槍,クアドラピアー,262,,,,,器用+30/洒落+16/重さ+74
eq_0130,108,槍,オウマガトキ,247,,,,,攻撃時10%でバイシオン
eq_0130,108,槍,オウマガトキ,247,,,,,行動時10%でチャージ時間-10秒
eq_0130,108,槍,オウマガトキ,247,,,,,洒落+16/重さ+74
eq_0131,105,槍,デンジャーランス,233,,,,,特技のダメージ+15(試合無効)
eq_0131,105,槍,デンジャーランス,233,,,,,武器ガード率+4.0%
eq_0131,105,槍,デンジャーランス,233,,,,,洒落+16/重さ+74
eq_0132,100,槍,星石のハルバード,221,,,,,コマンド間隔-0.5秒
eq_0132,100,槍,星石のハルバード,221,,,,,開戦時50%で聖女の守り
eq_0132,100,槍,星石のハルバード,221,,,,,洒落+16/重さ+74
eq_0133,99,槍,神域のやり,208,,,,,武器ガード率 +4.0%
eq_0133,99,槍,神域のやり,208,,,,,行動時3%で聖女の守り
eq_0133,99,槍,神域のやり,208,,,,,洒落+15/重さ+70
eq_0134,96,槍,轟雷のやり,196,,,,,雷の攻撃ダメージ+5.0%
eq_0134,96,槍,轟雷のやり,196,,,,,全ての攻撃ダメージ+3.0%
eq_0134,96,槍,轟雷のやり,196,,,,,洒落+14/重さ+66
eq_0135,93,槍,ガブリエルのやり,184,,,,,光属性攻撃
eq_0135,93,槍,ガブリエルのやり,184,,,,,武器ガード率+4.0%
eq_0135,93,槍,ガブリエルのやり,184,,,,,洒落+12/重さ+66
eq_0136,90,槍,タワーランス,175,,,,,開戦時3%で必殺チャージ
eq_0136,90,槍,タワーランス,175,,,,,攻撃時10%でチャージ時間-10秒
eq_0136,90,槍,タワーランス,175,,,,,洒落+12/重さ+62
eq_0137,85,槍,大鳳のやり,165,,,,,盾ガード完全無効
eq_0137,85,槍,大鳳のやり,165,,,,,武器ガード+4.0%
eq_0137,85,槍,大鳳のやり,165,,,,,HP+3/洒落+12/重さ+57
eq_0138,80,槍,アテナの聖槍,160,,,,,武器ガード率+4.0%
eq_0138,80,槍,アテナの聖槍,160,,,,,開戦時5%で聖女の守り
eq_0138,80,槍,アテナの聖槍,160,,,,,HP+3/洒落+15/重さ+55
eq_0139,80,槍,ブラッドスピアー,156,,,,,開戦時20%でバイシオン
eq_0139,80,槍,ブラッドスピアー,156,,,,,攻撃時4%でルカニ
eq_0139,80,槍,ブラッドスピアー,156,,,,,洒落+8/重さ+55
eq_0140,75,槍,セラフィムのやり,152,,,,,武器ガード+4%
eq_0140,75,槍,セラフィムのやり,152,,,,,開戦時5%で天使の守り(試合無効)
eq_0140,75,槍,セラフィムのやり,152,,,,,HP+3/洒落+15/重さ+55
eq_0141,70,槍,聖王のやり,132,,,,,獣系にダメージ+10%
eq_0141,70,槍,聖王のやり,132,,,,,武器ガード+4.0%
eq_0141,70,槍,聖王のやり,132,,,,,HP+2/洒落+15/重さ+55
eq_0142,65,槍,きしんのまそう,110,,,,,盾ガード完全無効
eq_0142,65,槍,きしんのまそう,110,,,,,洒落+8/重さ+54
eq_0143,60,槍,聖騎士のやり,108,,,,,ゾンビ系にダメージ+7%
eq_0143,60,槍,聖騎士のやり,108,,,,,悪魔系にダメージ+7%
eq_0143,60,槍,聖騎士のやり,108,,,,,MP+6/洒落+20/重さ+53
eq_0144,60,槍,メタスラのやり,94,,,,,メタル系にダメージ+1
eq_0144,60,槍,メタスラのやり,94,,,,,スライム系を攻撃時3%で魅了
eq_0144,60,槍,メタスラのやり,94,,,,,洒落+13/重さ+47
eq_0145,50,槍,オセアノススピア,86,,,,,水系を攻撃時3%で魅了
eq_0145,50,槍,オセアノススピア,86,,,,,洒落+10/重さ+43
eq_0146,50,槍,えいゆうのやり,79,,,,,攻撃ダメージの6.0% HPが回復
eq_0146,50,槍,えいゆうのやり,79,,,,,洒落+17/重さ+43
eq_0147,42,槍,デーモンスピア,72,,,,,攻撃時2%で急所を突く
eq_0147,42,槍,デーモンスピア,72,,,,,洒落+8/重さ+33
eq_0148,42,槍,らいじんのやり,68,,,,,雷属性攻撃
eq_0148,42,槍,らいじんのやり,68,,,,,早さ+6/洒落+10/重さ+33
eq_0149,42,槍,プラチナのやり,65,,,,,試合時ダメージ+15%
eq_0149,42,槍,プラチナのやり,65,,,,,洒落+10/重さ+33
eq_0150,35,槍,グラコスのやり,58,,,,,水系を攻撃時2%で魅了
eq_0150,35,槍,グラコスのやり,58,,,,,洒落+4/重さ+23
eq_0151,35,槍,さじんのやり,55,,,,,土属性攻撃
eq_0151,35,槍,さじんのやり,55,,,,,戦闘時使うとマヌーサ
eq_0151,35,槍,さじんのやり,55,,,,,洒落+4/重さ+23
eq_0152,35,槍,パルチザン,51,,,,,洒落+6/重さ+22
eq_0153,28,槍,いなずまのやり,45,,,,,雷属性攻撃
eq_0153,28,槍,いなずまのやり,45,,,,,早さ+4/洒落+5/重さ+20
eq_0154,28,槍,はがねのやり,41,,,,,試合時ダメージ+10%
eq_0154,28,槍,はがねのやり,41,,,,,洒落+5/重さ+20
eq_0155,21,槍,バトルフォーク,35,,,,,会心率+1%
eq_0155,21,槍,バトルフォーク,35,,,,,洒落+4/重さ+17
eq_0156,21,槍,ホーリーランス,31,,,,,ゾンビ系にダメージ+10%
eq_0156,21,槍,ホーリーランス,31,,,,,洒落+4/重さ+18
eq_0157,14,槍,近衛兵のやり,26,,,,,洒落+3/重さ+16
eq_0158,14,槍,てつのやり,22,,,,,試合時ダメージ+5%
eq_0158,14,槍,てつのやり,22,,,,,洒落+3/重さ+16
eq_0159,7,槍,ロングスピア,17,,,,,洒落+2/重さ+13
eq_0160,7,槍,せいどうのやり,13,,,,,洒落+1/重さ+13
eq_0161,1,槍,たけやり,9,,,,,洒落+1/重さ+12
eq_0162,132,斧,セレーネアックス,415,,,,,全てのダメージ+4.0%
eq_0162,132,斧,セレーネアックス,415,,,,,攻撃時5%でヘナトス
eq_0163,130,斧,一刀星断,400,,,,,行動時5%でCT-10秒
eq_0163,130,斧,一刀星断,400,,,,,行動時5%でこうげき力+60
eq_0163,130,斧,一刀星断,400,,,,,HP+13/器用+45/洒落+16/重さ+67
eq_0164,128,斧,レラージェアックス,385,,,,,必殺チャージ率+1%
eq_0164,128,斧,レラージェアックス,385,,,,,行動時5%できようさ+60
eq_0164,128,斧,レラージェアックス,385,,,,,HP+13/器用+45/洒落+16/重さ+67
eq_0165,125,斧,残月の玉斧,370,,,,,全ての攻撃時5%でためる
eq_0165,125,斧,残月の玉斧,370,,,,,テンション時魔物にダメージ+300
eq_0165,125,斧,残月の玉斧,370,,,,,HP+13/器用+45/洒落+16/重さ+67
eq_0166,120,斧,セーラスアックス,355,,,,,攻撃時25%でルカニ
eq_0166,120,斧,セーラスアックス,355,,,,,ルカニ時魔物にダメージ+50
eq_0166,120,斧,セーラスアックス,355,,,,,HP+12/器用+40/洒落+16/重さ+67
eq_0167,118,斧,翼神のオノ,340,,,,,全ての攻撃ダメージ +4.0%
eq_0167,118,斧,翼神のオノ,340,,,,,攻撃時5%でヘナトス
eq_0167,118,斧,翼神のオノ,340,,,,,HP+12/器用+40/洒落+16/重さ+67
eq_0168,115,斧,輝天のオノ,325,,,,,会心率+3.0%
eq_0168,115,斧,輝天のオノ,325,,,,,攻撃時ダメージの2.0%HP回復
eq_0168,115,斧,輝天のオノ,325,,,,,HP+11/洒落+16/重さ+67
eq_0169,110,斧,エキサイトアクス,306,,,,,攻撃時5.0%でためる
eq_0169,110,斧,エキサイトアクス,306,,,,,行動時5%でテンション消費なし
eq_0169,110,斧,エキサイトアクス,306,,,,,HP+11/洒落+16/重さ+67
eq_0170,108,斧,破天の麗斧,279,,,,,全ての攻撃ダメージ +4.0%
eq_0170,108,斧,破天の麗斧,279,,,,,攻撃時5%でヘナトス
eq_0170,108,斧,破天の麗斧,279,,,,,/洒落+16/重さ+66
eq_0171,105,斧,戦乱のオノ,252,,,,,攻撃時10%でバイシオン
eq_0171,105,斧,戦乱のオノ,252,,,,,死亡時50%で攻撃力上昇が消えない
eq_0171,105,斧,戦乱のオノ,252,,,,,/洒落+16/重さ+65
eq_0172,100,斧,ボルテージアックス,239,,,,,行動時10.0%でテンションアップ
eq_0172,100,斧,ボルテージアックス,239,,,,,3.0%でターン消費なし(試合無効)
eq_0172,100,斧,ボルテージアックス,239,,,,,HP+10/洒落+15/重さ+65
eq_0173,99,斧,神域のオノ,226,,,,,全ての攻撃ダメージ+3.0%
eq_0173,99,斧,神域のオノ,226,,,,,共鳴のテンションアップ+5.0%
eq_0173,99,斧,神域のオノ,226,,,,,HP+10/洒落+15/重さ+60
eq_0174,96,斧,ガイアのオノ,210,,,,,攻撃時4%でヘナトス
eq_0174,96,斧,ガイアのオノ,210,,,,,攻撃ダメージの6.0%HPが回復
eq_0174,96,斧,ガイアのオノ,210,,,,,HP+10洒落+15/重さ+55
eq_0175,93,斧,ヘカトンケイル,185,,,,,全ての攻撃ダメージ+3%
eq_0175,93,斧,ヘカトンケイル,185,,,,,MP消費しない率+10.0%(試合無効)
eq_0175,93,斧,ヘカトンケイル,185,,,,,洒落+15/重さ+44
eq_0176,90,斧,イビルアックス,178,,,,,敵を倒すと5%でためる(試合無効)
eq_0176,90,斧,イビルアックス,178,,,,,会心率+1.2%
eq_0176,90,斧,イビルアックス,178,,,,,洒落+15/重さ+44
eq_0177,85,斧,グローリーアックス,172,,,,,マシン系にダメージ+10%
eq_0177,85,斧,グローリーアックス,172,,,,,MP消費しない+4.0%(試合無効)
eq_0177,85,斧,グローリーアックス,172,,,,,洒落+15/重さ+44
eq_0178,80,斧,ヴァランガアックス,165,,,,,氷属性攻撃
eq_0178,80,斧,ヴァランガアックス,165,,,,,攻撃時2%でマヒ
eq_0178,80,斧,ヴァランガアックス,165,,,,,洒落+10/重さ+44
eq_0179,80,斧,デュークアックス,161,,,,,悪魔系にダメージ+10%
eq_0179,80,斧,デュークアックス,161,,,,,MP消費しない率+4.0%(試合無効)
eq_0179,80,斧,デュークアックス,161,,,,,MP+10/洒落+15/重さ+44
eq_0180,75,斧,アポロンのオノ,156,,,,,光属性攻撃
eq_0180,75,斧,アポロンのオノ,156,,,,,炎属性攻撃
eq_0180,75,斧,アポロンのオノ,156,,,,,HP+2/洒落+12/重さ+44
eq_0181,70,斧,聖王のオノ,136,,,,,植物系にダメージ+10%
eq_0181,70,斧,聖王のオノ,136,,,,,HP+2/MP+4/洒落+14/重さ+44
eq_0182,65,斧,ふんさいのおおなた,116,,,,,物質系にダメージ+10%
eq_0182,65,斧,ふんさいのおおなた,116,,,,,マシン系にダメージ+10%
eq_0182,65,斧,ふんさいのおおなた,116,,,,,洒落+6/重さ+43
eq_0183,60,斧,グレートアックス,110,,,,,MP+6/洒落+16/重さ+42
eq_0184,60,斧,はしゃのオノ,97,,,,,怪人系にダメージ+10%
eq_0184,60,斧,はしゃのオノ,97,,,,,洒落+10/重さ+42
eq_0185,50,斧,デストロイヤー,94,,,,,マシン系にダメージ+10%
eq_0185,50,斧,デストロイヤー,94,,,,,会心率+1.0%
eq_0185,50,斧,デストロイヤー,94,,,,,洒落+10/重さ+33
eq_0186,50,斧,カイザーアックス,90,,,,,MP+5/洒落+13/重さ+33
eq_0187,42,斧,ふぶきのオノ,77,,,,,氷属性攻撃
eq_0187,42,斧,ふぶきのオノ,77,,,,,洒落+8/重さ+27
eq_0188,42,斧,シャーマンアックス,73,,,,,試合時ダメージ+15%
eq_0188,42,斧,シャーマンアックス,73,,,,,洒落+8/重さ+27
eq_0189,42,斧,エクリプスアックス,68,,,,,攻撃時3%で混乱
eq_0189,42,斧,エクリプスアックス,68,,,,,洒落+8/重さ+27
eq_0190,35,斧,キングアックス,64,,,,,MP+5/洒落+7/重さ+21
eq_0191,35,斧,たつじんのオノ,59,,,,,植物系にダメージ+10%
eq_0191,35,斧,たつじんのオノ,59,,,,,洒落+6/重さ+20
eq_0192,35,斧,ムーンアックス,55,,,,,攻撃時2%で混乱
eq_0192,35,斧,ムーンアックス,55,,,,,洒落+7/重さ+21
eq_0193,28,斧,カルサドラアックス,51,,,,,マシン系にダメージ+10%
eq_0193,28,斧,カルサドラアックス,51,,,,,洒落+5/重さ+19
eq_0194,28,斧,はがねのオノ,46,,,,,試合時ダメージ+10%
eq_0194,28,斧,はがねのオノ,46,,,,,洒落+5/重さ+18
eq_0195,21,斧,バトルアックス,41,,,,,洒落+3/重さ+16
eq_0196,21,斧,シルバーアックス,35,,,,,洒落+4/重さ+15
eq_0197,14,斧,ライトアックス,30,,,,,植物系にダメージ+10%
eq_0197,14,斧,ライトアックス,30,,,,,洒落+2/重さ+13
eq_0198,14,斧,てつのオノ,25,,,,,試合時ダメージ+5%
eq_0198,14,斧,てつのオノ,25,,,,,洒落+2/重さ+15
eq_0199,7,斧,さんぞくのオノ,20,,,,,獣系にダメージ+10%
eq_0199,7,斧,さんぞくのオノ,20,,,,,洒落+1/重さ+12
eq_0200,7,斧,せいどうのオノ,15,,,,,洒落+1/重さ+12
eq_0201,1,斧,どうのオノ,10,,,,,洒落+1/重さ+11
eq_0202,132,棍,セイントロッド,357,,,,,行動時10%で聖女の守り
eq_0202,132,棍,セイントロッド,357,,,,,呪文と特技の回復+30%
eq_0203,130,棍,ライブラロッド,345,,,,,特技のダメージ+100(試合無効)
eq_0203,130,棍,ライブラロッド,345,,,,,行動時10%でバイキルト
eq_0203,130,棍,ライブラロッド,345,,,,,攻魔+105/回魔+95/洒落+14/重さ+20
eq_0204,128,棍,クリナップロッド,331,,,,,全ての攻撃ダメージ+10.0%
eq_0204,128,棍,クリナップロッド,331,,,,,呪文と特技の効果範囲+1.0m
eq_0204,128,棍,クリナップロッド,331,,,,,攻魔+100/回魔+90/洒落+14/重さ+20
eq_0205,125,棍,ヘナトライロッド,319,,,,,攻撃時15%でヘナトス
eq_0205,125,棍,ヘナトライロッド,319,,,,,ヘナトス時魔物にダメージ+100
eq_0205,125,棍,ヘナトライロッド,319,,,,,攻魔+95/回魔+85/洒落+14/重さ+20
eq_0206,120,棍,セーラスロッド,310,,,,,呪文発動速度+5%
eq_0206,120,棍,セーラスロッド,310,,,,,呪文と特技の回復量+30%
eq_0206,120,棍,セーラスロッド,310,,,,,攻魔+90/回魔+80/洒落+14/重さ+20
eq_0207,118,棍,サターンロッド,296,,,,,行動時10%で聖女の守り
eq_0207,118,棍,サターンロッド,296,,,,,行動時5%でテンションアップ
eq_0207,118,棍,サターンロッド,296,,,,,攻魔+85/回魔+75/洒落+14/重さ+20
eq_0208,115,棍,輝天のこん,277,,,,,全ての攻撃ダメージ+10.0%
eq_0208,115,棍,輝天のこん,277,,,,,呪文と特技の効果範囲+1.0m
eq_0208,115,棍,輝天のこん,277,,,,,攻魔+80/洒落+14/重さ+20
eq_0209,110,棍,ローズロッド,253,,,,,会心率と呪文暴走率+3.0%
eq_0209,110,棍,ローズロッド,253,,,,,呪文と特技の回復量+30%
eq_0209,110,棍,ローズロッド,253,,,,,洒落+14/重さ+20
eq_0210,108,棍,氷獄鬼のこん,237,,,,,氷の攻撃ダメージ+5.0%
eq_0210,108,棍,氷獄鬼のこん,237,,,,,テンション時魔物にダメージ+100
eq_0210,108,棍,氷獄鬼のこん,237,,,,,洒落+14/重さ+20
eq_0211,105,棍,雷光のこん,225,,,,,雷属性攻撃
eq_0211,105,棍,雷光のこん,225,,,,,光属性攻撃
eq_0211,105,棍,雷光のこん,225,,,,,洒落+14/重さ+20
eq_0212,100,棍,クリティカルロッド,214,,,,,会心率+3.0%
eq_0212,100,棍,クリティカルロッド,214,,,,,会心と暴走時魔物にダメージ+50
eq_0212,100,棍,クリティカルロッド,214,,,,,洒落+14/重さ+20
eq_0213,99,棍,金剛のこん,201,,,,,常時カウンター5.0%
eq_0213,99,棍,金剛のこん,201,,,,,ゾンビ系にダメージ+15%
eq_0213,99,棍,金剛のこん,201,,,,,洒落+13/重さ+19
eq_0214,96,棍,氷河のこん,192,,,,,氷の攻撃ダメージ+5.0%
eq_0214,96,棍,氷河のこん,192,,,,,瀕死時25%でリベホイム
eq_0214,96,棍,氷河のこん,192,,,,,洒落+12/重さ+18
eq_0215,93,棍,ヘリオスロッド,180,,,,,光属性攻撃
eq_0215,93,棍,ヘリオスロッド,180,,,,,炎属性攻撃
eq_0215,93,棍,ヘリオスロッド,180,,,,,洒落+11/重さ+17
eq_0216,90,棍,極楽のこん,172,,,,,武器ガード率+2.0%
eq_0216,90,棍,極楽のこん,172,,,,,2.0%でターン消費なし(試合無効)
eq_0216,90,棍,極楽のこん,172,,,,,洒落+14/重さ+20
eq_0217,85,棍,ポップンロッド,164,,,,,会心率+3.0%
eq_0217,85,棍,ポップンロッド,164,,,,,開戦時50%でリベホイム
eq_0217,85,棍,ポップンロッド,164,,,,,HP+5/MP+5/洒落+11/重さ+17
eq_0218,80,棍,アポカリプス,155,,,,,光属性攻撃
eq_0218,80,棍,アポカリプス,155,,,,,闇属性攻撃
eq_0218,80,棍,アポカリプス,155,,,,,洒落+10/重さ+18
eq_0219,80,棍,デーモンロッド,150,,,,,悪魔系にダメージ+10%
eq_0219,80,棍,デーモンロッド,150,,,,,会心率+3.0%
eq_0219,80,棍,デーモンロッド,150,,,,,洒落+6/重さ+18
eq_0220,75,棍,陰陽道のこん,144,,,,,攻撃時5%でぶきみなひかり
eq_0220,75,棍,陰陽道のこん,144,,,,,洒落+12/重さ+18
eq_0221,70,棍,聖王のこん,128,,,,,ゾンビ系にダメージ+10%
eq_0221,70,棍,聖王のこん,128,,,,,HP+3/MP+3/洒落+16/重さ+18
eq_0222,65,棍,シェンロンロッド,112,,,,,ドラゴン系にダメージ+10%
eq_0222,65,棍,シェンロンロッド,112,,,,,洒落+13/重さ+14
eq_0223,60,棍,しゅらのこん,107,,,,,エレメント系にダメージ+10%
eq_0223,60,棍,しゅらのこん,107,,,,,MP+6/洒落+16/重さ+12
eq_0224,60,棍,なげきのこん,92,,,,,攻撃時2%で混乱
eq_0224,60,棍,なげきのこん,92,,,,,洒落+7/重さ+11
eq_0225,50,棍,白蛇のこん,89,,,,,攻撃時3%でルカニ
eq_0225,50,棍,白蛇のこん,89,,,,,洒落+10/重さ+11
eq_0226,50,棍,にちりんのこん,85,,,,,光属性攻撃
eq_0226,50,棍,にちりんのこん,85,,,,,洒落+10/重さ+11
eq_0227,42,棍,ドラゴンロッド,70,,,,,ドラゴン系にダメージ+10%
eq_0227,42,棍,ドラゴンロッド,70,,,,,洒落+10/重さ+8
eq_0228,42,棍,やしゃのこん,67,,,,,怪人系にダメージ+10%
eq_0228,42,棍,やしゃのこん,67,,,,,洒落+8/重さ+8
eq_0229,42,棍,ろうがぼう,63,,,,,試合時ダメージ+15%
eq_0229,42,棍,ろうがぼう,63,,,,,洒落+5/重さ+15
eq_0230,35,棍,らせつのこん,57,,,,,攻撃時2%でルカニ
eq_0230,35,棍,らせつのこん,57,,,,,洒落+6/重さ+6
eq_0231,35,棍,レイニーロッド,53,,,,,氷属性攻撃
eq_0231,35,棍,レイニーロッド,53,,,,,洒落+7/重さ+6
eq_0232,35,棍,クラッシュロッド,50,,,,,物質系にダメージ+10%
eq_0232,35,棍,クラッシュロッド,50,,,,,洒落+4/重さ+11
eq_0233,28,棍,まどろみのこん,44,,,,,攻撃時2%で眠り
eq_0233,28,棍,まどろみのこん,44,,,,,洒落+5/重さ+5
eq_0234,28,棍,スパイクロッド,40,,,,,試合時ダメージ+10%
eq_0234,28,棍,スパイクロッド,40,,,,,洒落+2/重さ+9
eq_0235,21,棍,セレモニーロッド,34,,,,,洒落+5/重さ+6
eq_0236,21,棍,えんぶのこん,31,,,,,身かわし率+1.0%
eq_0236,21,棍,えんぶのこん,31,,,,,洒落+5/重さ+5
eq_0237,14,棍,六角ぼう,25,,,,,洒落+3/重さ+5
eq_0238,14,棍,ぎょうじゃのこん,22,,,,,試合時ダメージ+5%
eq_0238,14,棍,ぎょうじゃのこん,22,,,,,洒落+2/重さ+3
eq_0239,7,棍,かしのこん,16,,,,,身かわし率+1.0%
eq_0239,7,棍,かしのこん,16,,,,,洒落+1/重さ+3
eq_0240,7,棍,てんびんぼう,13,,,,,洒落+1/重さ+3
eq_0241,1,棍,ものほしざお,8,,,,,洒落+1/重さ+2
eq_0242,132,爪,呪星のツメ,180,,,,,攻撃時6%で呪い
eq_0242,132,爪,呪星のツメ,180,,,,,攻撃時10.0%でルカニ2段階
eq_0243,130,爪,キャンサークロー,174,,,,,会心率+3.0%
eq_0243,130,爪,キャンサークロー,174,,,,,会心と暴走時ダメージ+100(試合無効)
eq_0243,130,爪,キャンサークロー,174,,,,,早さ+34/器用+34/洒落+15/重さ+14
eq_0244,128,爪,機殴竜殺,168,,,,,マシン系にダメージ+15%
eq_0244,128,爪,機殴竜殺,168,,,,,ドラゴン系にダメージ+15%
eq_0244,128,爪,機殴竜殺,168,,,,,早さ+34/器用+34/洒落+15/重さ+14
eq_0245,125,爪,オフビートクロー,162,,,,,全ての攻撃ダメージ+3.0%
eq_0245,125,爪,オフビートクロー,162,,,,,攻撃時10%でボミエ2段階
eq_0245,125,爪,オフビートクロー,162,,,,,早さ+34/器用+34/洒落+15/重さ+14
eq_0246,120,爪,セーラスクロー,156,,,,,会心率+3.0%
eq_0246,120,爪,セーラスクロー,156,,,,,会心と暴走時ダメージ+50(試合無効)
eq_0246,120,爪,セーラスクロー,156,,,,,早さ+32/器用+32/洒落+15/重さ+14
eq_0247,118,爪,ゴッドクロー,148,,,,,攻撃時5%でチャージ時間-10秒
eq_0247,118,爪,ゴッドクロー,148,,,,,会心率+3.0%
eq_0247,118,爪,ゴッドクロー,148,,,,,早さ+32/器用+32/洒落+15/重さ+14
eq_0248,115,爪,輝天のツメ,140,,,,,会心率+3.0%
eq_0248,115,爪,輝天のツメ,140,,,,,特技のダメージ+15(試合無効)
eq_0248,115,爪,輝天のツメ,140,,,,,早さ+32/器用+32/洒落+15/重さ+14
eq_0249,110,爪,ドラゴンクロー絶,132,,,,,ドラゴン系にダメージ+15%
eq_0249,110,爪,ドラゴンクロー絶,132,,,,,全ての攻撃ダメージ+3.0%
eq_0249,110,爪,ドラゴンクロー絶,132,,,,,早さ+32/器用+32/洒落+15/重さ+14
eq_0250,108,爪,呪眼のツメ,124,,,,,攻撃時6%で呪い
eq_0250,108,爪,呪眼のツメ,124,,,,,攻撃時10%でボミエ2段階
eq_0250,108,爪,呪眼のツメ,124,,,,,早さ+30/器用+30/洒落+15/重さ+14
eq_0251,105,爪,ルーンクラブクロー,116,,,,,会心率+3.0%
eq_0251,105,爪,ルーンクラブクロー,116,,,,,会心と暴走時ダメージ+50(試合無効)
eq_0251,105,爪,ルーンクラブクロー,116,,,,,洒落+15/重さ+14
eq_0252,100,爪,断罪のジャマダハル,109,,,,,全ての攻撃ダメージ+3.0%
eq_0252,100,爪,断罪のジャマダハル,109,,,,,早さ+28/器用+28/洒落+15/重さ+14
eq_0253,99,爪,疾風のジャマダハル,102,,,,,攻撃時4.0%でルカニ2段階
eq_0253,99,爪,疾風のジャマダハル,102,,,,,2.0%でターンを消費なし(試合無効)
eq_0253,99,爪,疾風のジャマダハル,102,,,,,早さ+25器用+25/洒落+14/重さ+14
eq_0254,96,爪,ドラゴンクロー改,95,,,,,ドラゴン系にダメージ+15%
eq_0254,96,爪,ドラゴンクロー改,95,,,,,会心率+1.0%
eq_0254,96,爪,ドラゴンクロー改,95,,,,,早さ+22器用+22/洒落+14/重さ+14
eq_0255,93,爪,ケイオスネイル,85,,,,,攻撃時10%でチャージ時間-10秒
eq_0255,93,爪,ケイオスネイル,85,,,,,攻撃時5%で呪い
eq_0255,93,爪,ケイオスネイル,85,,,,,/洒落+14/重さ+14
eq_0256,90,爪,マガツ鳥のツメ,76,,,,,全ての攻撃ダメージ+3.0%
eq_0256,90,爪,マガツ鳥のツメ,76,,,,,早さ+20器用+20/洒落+14/重さ+12
eq_0257,85,爪,エンシェントクロー,70,,,,,開戦時10%でチャージ時間-10秒
eq_0257,85,爪,エンシェントクロー,70,,,,,MP消費しない率4.0%(試合無効)
eq_0257,85,爪,エンシェントクロー,70,,,,,MP+15/早さ+20器用+20/洒落+14/重さ+10
eq_0258,80,爪,蒼炎のツメ,65,,,,,MP消費しない率4.0%(試合無効)
eq_0258,80,爪,蒼炎のツメ,65,,,,,攻撃時4%でボミエ
eq_0258,80,爪,蒼炎のツメ,65,,,,,洒落+14/重さ+10
eq_0259,80,爪,キャプテンクロー,61,,,,,通常ドロップ率1.1倍
eq_0259,80,爪,キャプテンクロー,61,,,,,洒落+12/重さ+8
eq_0260,75,爪,クリスタルクロー,57,,,,,攻撃ダメージの6.0%HPが回復
eq_0260,75,爪,クリスタルクロー,57,,,,,洒落+16/重さ+12
eq_0261,70,爪,聖王のツメ,54,,,,,マシン系にダメージ+10%
eq_0261,70,爪,聖王のツメ,54,,,,,洒落+14/重さ+12
eq_0262,65,爪,竜王のツメ,51,,,,,ドラゴン系にダメージ+20%
eq_0262,65,爪,竜王のツメ,51,,,,,洒落+14/重さ+12
eq_0263,60,爪,冥獣のツメ,47,,,,,獣系を攻撃時3%で魅了
eq_0263,60,爪,冥獣のツメ,47,,,,,獣系にダメージ+10%
eq_0263,60,爪,冥獣のツメ,47,,,,,洒落+12/重さ+12
eq_0264,60,爪,ファルコンクロー,42,,,,,鳥系にダメージ+10%
eq_0264,60,爪,ファルコンクロー,42,,,,,会心率+1.2%
eq_0264,60,爪,ファルコンクロー,42,,,,,洒落+10/重さ+11
eq_0265,50,爪,まじゅうのツメ,40,,,,,獣系にダメージ+7%
eq_0265,50,爪,まじゅうのツメ,40,,,,,鳥系にダメージ+7%
eq_0265,50,爪,まじゅうのツメ,40,,,,,洒落+10/重さ+11
eq_0266,50,爪,古武道のツメ,35,,,,,エレメント系にダメージ+10%
eq_0266,50,爪,古武道のツメ,35,,,,,会心率+1.2%
eq_0266,50,爪,古武道のツメ,35,,,,,洒落+10/重さ+11
eq_0267,42,爪,ドラゴンクロー,31,,,,,ドラゴン系にダメージ+10%
eq_0267,42,爪,ドラゴンクロー,31,,,,,洒落+10/重さ+8
eq_0268,42,爪,あくまのツメ,29,,,,,攻撃時3%で毒
eq_0268,42,爪,あくまのツメ,29,,,,,洒落+8/重さ+8
eq_0269,42,爪,プラチナクロー,28,,,,,試合時ダメージ+15%
eq_0269,42,爪,プラチナクロー,28,,,,,洒落+10/重さ+8
eq_0270,35,爪,こおりのツメ,25,,,,,戦いで使うと氷のつぶてで攻撃
eq_0270,35,爪,こおりのツメ,25,,,,,洒落+6/重さ+6
eq_0271,35,爪,ほのおのツメ,24,,,,,戦いで使うと火の玉が飛び出す
eq_0271,35,爪,ほのおのツメ,24,,,,,洒落+6/重さ+6
eq_0272,35,爪,はやぶさのツメ,23,,,,,鳥系を攻撃時3%で魅了
eq_0272,35,爪,はやぶさのツメ,23,,,,,洒落+6/重さ+6
eq_0273,28,爪,黒ヒョウのツメ,20,,,,,獣系にダメージ+10%
eq_0273,28,爪,黒ヒョウのツメ,20,,,,,洒落+5/重さ+5
eq_0274,28,爪,はがねのツメ,19,,,,,試合時ダメージ+10%
eq_0274,28,爪,はがねのツメ,19,,,,,洒落+5/重さ+5
eq_0275,21,爪,こあくまネイル,17,,,,,怪人系を攻撃時3%で魅了
eq_0275,21,爪,こあくまネイル,17,,,,,洒落+5/重さ+5
eq_0276,21,爪,シルバークロー,15,,,,,洒落+4/重さ+5
eq_0277,14,爪,まよけのツメ,13,,,,,エレメント系にダメージ+10%
eq_0277,14,爪,まよけのツメ,13,,,,,洒落+3/重さ+3
eq_0278,14,爪,てつのツメ,11,,,,,試合時ダメージ+5%
eq_0278,14,爪,てつのツメ,11,,,,,洒落+3/重さ+3
eq_0279,7,爪,キャットクロー,9,,,,,鳥系にダメージ+10%
eq_0279,7,爪,キャットクロー,9,,,,,洒落+2/重さ+2
eq_0280,7,爪,せいどうのツメ,7,,,,,洒落+2/重さ+2
eq_0281,1,爪,どうのツメ,5,,,,,洒落+1/重さ+2
eq_0282,132,ムチ,ミスティカルソーン,305,,,,,植物系にダメージ+15%
eq_0282,132,ムチ,ミスティカルソーン,305,,,,,行動時5%でチャージ時間-10秒
eq_0283,130,ムチ,グリンガムのムチ,297,,,,,攻撃特技使用時追加ダメージ+100(試合無効)
eq_0283,130,ムチ,グリンガムのムチ,297,,,,,攻撃特技の射程距離+1m
eq_0283,130,ムチ,グリンガムのムチ,297,,,,,攻魔+95/洒落+15/重さ+14
eq_0284,128,ムチ,星喰いの毒蛇,289,,,,,攻撃時15%で猛毒
eq_0284,128,ムチ,星喰いの毒蛇,289,,,,,毒時魔物にダメージ+30
eq_0284,128,ムチ,星喰いの毒蛇,289,,,,,攻魔+90/洒落+15/重さ+14
eq_0285,125,ムチ,モアクラッシュ,281,,,,,物質系にダメージ+15%
eq_0285,125,ムチ,モアクラッシュ,281,,,,,行動時5%でバイシオンとスカラ
eq_0285,125,ムチ,モアクラッシュ,281,,,,,攻魔+85/洒落+15/重さ+14
eq_0286,120,ムチ,セーラスウィップ,273,,,,,行動時5%でバイシオンとスカラ
eq_0286,120,ムチ,セーラスウィップ,273,,,,,特技のダメージ+15(試合無効)
eq_0286,120,ムチ,セーラスウィップ,273,,,,,攻魔+80/洒落+15/重さ+14
eq_0287,118,ムチ,ローズソーン,264,,,,,虫系にダメージ+15%
eq_0287,118,ムチ,ローズソーン,264,,,,,鳥系にダメージ+15%
eq_0287,118,ムチ,ローズソーン,264,,,,,攻魔+75/洒落+15/重さ+14
eq_0288,115,ムチ,輝天のムチ,254,,,,,会心率と呪文暴走率+2.0%
eq_0288,115,ムチ,輝天のムチ,254,,,,,攻撃時4.0％でルカニ2段階
eq_0288,115,ムチ,輝天のムチ,254,,,,,攻魔+70/洒落+15/重さ+14
eq_0289,110,ムチ,クラッシュチェーン,242,,,,,物質系にダメージ+15%
eq_0289,110,ムチ,クラッシュチェーン,242,,,,,行動時5%でバイシオンとスカラ
eq_0289,110,ムチ,クラッシュチェーン,242,,,,,攻魔+65/洒落+15/重さ+14
eq_0290,108,ムチ,妖蛇のムチ,222,,,,,状態異常系の成功率+10.0%
eq_0290,108,ムチ,妖蛇のムチ,222,,,,,コマンド間隔-0.5秒
eq_0290,108,ムチ,妖蛇のムチ,222,,,,,攻魔+60/洒落+15/重さ+14
eq_0291,105,ムチ,魔石球のムチ,192,,,,,行動時10%でチャージ時間-10秒
eq_0291,105,ムチ,魔石球のムチ,192,,,,,攻魔+55/洒落+15/重さ+14
eq_0292,100,ムチ,金剛のムチ,153,,,,,闇属性攻撃
eq_0292,100,ムチ,金剛のムチ,153,,,,,行動時5%でバイキルト
eq_0292,100,ムチ,金剛のムチ,153,,,,,HP+8/攻魔+50/洒落+15/重さ+14
eq_0293,99,ムチ,大獄獣のムチ,144,,,,,攻撃時3%でヘナトス
eq_0293,99,ムチ,大獄獣のムチ,144,,,,,全ての攻撃ダメージ+5.0%
eq_0293,99,ムチ,大獄獣のムチ,144,,,,,HP+8/攻魔+45/洒落+14/重さ+14
eq_0294,96,ムチ,アステルウィップ,135,,,,,状態異常系の成功率+10%
eq_0294,96,ムチ,アステルウィップ,135,,,,,攻撃時4%でルカニ
eq_0294,96,ムチ,アステルウィップ,135,,,,,HP+8/攻魔+40/洒落+14/重さ+14
eq_0295,93,ムチ,ボルケーノウィップ,125,,,,,炎属性攻撃
eq_0295,93,ムチ,ボルケーノウィップ,125,,,,,2.0%でターン消費なし(試合無効)
eq_0295,93,ムチ,ボルケーノウィップ,125,,,,,攻魔+35/器用+20/洒落+14/重さ+14
eq_0296,90,ムチ,スライムウィップ,121,,,,,開戦時75%でピオラ2段階
eq_0296,90,ムチ,スライムウィップ,121,,,,,全ての攻撃ダメージ+5.0%
eq_0296,90,ムチ,スライムウィップ,121,,,,,HP+8/攻魔+35/洒落+14/重さ+14
eq_0297,85,ムチ,クロスペンデュラム,98,,,,,状態異常の成功率+10%
eq_0297,85,ムチ,クロスペンデュラム,98,,,,,開戦時30%でバイシオン
eq_0297,85,ムチ,クロスペンデュラム,98,,,,,洒落+14/重さ+14
eq_0298,80,ムチ,ヴォイドアンカー,91,,,,,会心率+1.2%
eq_0298,80,ムチ,ヴォイドアンカー,91,,,,,開戦時10%でバイキルト
eq_0298,80,ムチ,ヴォイドアンカー,91,,,,,洒落+14/重さ+14
eq_0299,80,ムチ,フリーズウィップ,87,,,,,攻撃時2%でマヒ
eq_0299,80,ムチ,フリーズウィップ,87,,,,,攻撃時3%でヘナトス
eq_0299,80,ムチ,フリーズウィップ,87,,,,,洒落+13/重さ+14
eq_0300,75,ムチ,トライデントテイル,84,,,,,ゾンビ系にダメージ+10%
eq_0300,75,ムチ,トライデントテイル,84,,,,,水系にダメージ+10%
eq_0300,75,ムチ,トライデントテイル,84,,,,,MP+5/洒落+16/重さ+14
eq_0301,70,ムチ,聖王のムチ,74,,,,,怪人系にダメージ+10%
eq_0301,70,ムチ,聖王のムチ,74,,,,,洒落+15/重さ+14
eq_0302,65,ムチ,魔神のムチ,65,,,,,怪人系を攻撃時4%で魅了
eq_0302,65,ムチ,魔神のムチ,65,,,,,会心率+1.2%
eq_0302,65,ムチ,魔神のムチ,65,,,,,洒落+10/重さ+14
eq_0303,60,ムチ,女王のムチ,62,,,,,怪人系にダメージ+10%
eq_0303,60,ムチ,女王のムチ,62,,,,,洒落+20/重さ+12
eq_0304,60,ムチ,サーペントウィップ,55,,,,,水系にダメージ+10%
eq_0304,60,ムチ,サーペントウィップ,55,,,,,洒落+15/重さ+11
eq_0305,50,ムチ,カルベロビュート,53,,,,,エレ系にダメージ+10%
eq_0305,50,ムチ,カルベロビュート,53,,,,,MP+10/洒落+13/重さ+11
eq_0306,50,ムチ,あくまのムチ,51,,,,,悪魔系を攻撃時4%で魅了
eq_0306,50,ムチ,あくまのムチ,51,,,,,洒落+10/重さ+11
eq_0307,42,ムチ,ドラゴンテイル,44,,,,,ドラゴン系にダメージ+10%
eq_0307,42,ムチ,ドラゴンテイル,44,,,,,洒落+10/重さ+8
eq_0308,42,ムチ,バスターウィップ,42,,,,,試合時ダメージ+15%
eq_0308,42,ムチ,バスターウィップ,42,,,,,洒落+8/重さ+8
eq_0309,42,ムチ,スコーピオンテイル,40,,,,,攻撃時2%でマヒ
eq_0309,42,ムチ,スコーピオンテイル,40,,,,,洒落+10/重さ+8
eq_0310,35,ムチ,サイドワインダー,35,,,,,土属性攻撃
eq_0310,35,ムチ,サイドワインダー,35,,,,,洒落+6/重さ+6
eq_0311,35,ムチ,ビーストウィップ,34,,,,,獣系にダメージ+10%
eq_0311,35,ムチ,ビーストウィップ,34,,,,,洒落+6/重さ+6
eq_0312,35,ムチ,みわくのリボン,32,,,,,攻撃時2%で幻惑
eq_0312,35,ムチ,みわくのリボン,32,,,,,エレ系にダメージ+10%
eq_0312,35,ムチ,みわくのリボン,32,,,,,洒落+7/重さ+6
eq_0313,28,ムチ,パイソンウィップ,28,,,,,攻撃時2%で毒
eq_0313,28,ムチ,パイソンウィップ,28,,,,,洒落+5/重さ+5
eq_0314,28,ムチ,はがねのムチ,26,,,,,試合時ダメージ+10%
eq_0314,28,ムチ,はがねのムチ,26,,,,,洒落+5/重さ+5
eq_0315,21,ムチ,モーニングスター,23,,,,,物質系にダメージ+10%
eq_0315,21,ムチ,モーニングスター,23,,,,,洒落+3/重さ+5
eq_0316,21,ムチ,ローズウィップ,20,,,,,攻撃時2%で幻惑
eq_0316,21,ムチ,ローズウィップ,20,,,,,植物系にダメージ+10%
eq_0316,21,ムチ,ローズウィップ,20,,,,,洒落+5/重さ+5
eq_0317,14,ムチ,へびがわのムチ,17,,,,,洒落+3/重さ+3
eq_0318,14,ムチ,てつのムチ,15,,,,,試合時ダメージ+5%
eq_0318,14,ムチ,てつのムチ,15,,,,,洒落+3/重さ+3
eq_0319,7,ムチ,バトルリボン,11,,,,,洒落+2/重さ+2
eq_0320,7,ムチ,いばらのムチ,9,,,,,洒落+2/重さ+2
eq_0321,1,ムチ,皮のムチ,6,,,,,洒落+1/重さ+2
eq_0322,132,扇,名軍師の羽扇,260,,,,,必殺チャージ率+1%(左手装備時無効)
eq_0322,132,扇,名軍師の羽扇,260,,,,,必殺チャージ時チャージ時間-10秒
eq_0323,130,扇,花星のおうぎ,252,,,,,特技のダメージ+30(試合無効)
eq_0323,130,扇,花星のおうぎ,252,,,,,特技の効果範囲+1.0m
eq_0323,130,扇,花星のおうぎ,252,,,,,攻魔+130/回魔+85/洒落+42/重さ+3
eq_0324,128,扇,おとめの扇,244,,,,,行動時5%で聖女の守り
eq_0324,128,扇,おとめの扇,244,,,,,攻撃時5%でルカニとボミエ
eq_0324,128,扇,おとめの扇,244,,,,,攻魔+125/回魔+80/洒落+42/重さ+3
eq_0325,125,扇,星詠みの秘扇,235,,,,,呪文発動速度+5%
eq_0325,125,扇,星詠みの秘扇,235,,,,,行動時5%で魔力かくせいと聖なる祈り
eq_0325,125,扇,星詠みの秘扇,235,,,,,攻魔+120/回魔+75/洒落+42/重さ+3
eq_0326,120,扇,セーラスファン,225,,,,,行動時10%で早詠みの杖
eq_0326,120,扇,セーラスファン,225,,,,,特技の効果範囲+1.0m
eq_0326,120,扇,セーラスファン,225,,,,,攻魔+115/回魔+70/洒落+42/重さ+3
eq_0327,118,扇,クローリス,215,,,,,呪文と特技のダメージ+15(試合無効)
eq_0327,118,扇,クローリス,215,,,,,状態異常系の成功率+10%
eq_0327,118,扇,クローリス,215,,,,,攻魔+110/回魔+65/洒落+42/重さ+3
eq_0328,115,扇,輝天のおうぎ,205,,,,,必殺チャージ率+1%(左手装備時無効)
eq_0328,115,扇,輝天のおうぎ,205,,,,,開戦時10％でチャージ時間-10秒
eq_0328,115,扇,輝天のおうぎ,205,,,,,攻魔+105/回魔+60/洒落+42/重さ+3
eq_0329,110,扇,アロケルのおうぎ,175,,,,,呪文発動速度+5%
eq_0329,110,扇,アロケルのおうぎ,175,,,,,特技の効果範囲+1.0m
eq_0329,110,扇,アロケルのおうぎ,175,,,,,攻魔+100/回魔+55/洒落+42/重さ+3
eq_0330,108,扇,黒仙翼のおうぎ,167,,,,,土の攻撃ダメージ+5.0%
eq_0330,108,扇,黒仙翼のおうぎ,167,,,,,闇の攻撃ダメージ+5.0%
eq_0330,108,扇,黒仙翼のおうぎ,167,,,,,攻魔+95/洒落+42/重さ+3
eq_0331,105,扇,ラクシュミー,159,,,,,全ての属性攻撃ダメージ+3.0%
eq_0331,105,扇,ラクシュミー,159,,,,,回魔+50/洒落+42/重さ+3
eq_0332,100,扇,ガルーダテンペスト,151,,,,,全ての風攻撃ダメージ+5.0%
eq_0332,100,扇,ガルーダテンペスト,151,,,,,特技の効果範囲+1.0m
eq_0332,100,扇,ガルーダテンペスト,151,,,,,攻魔+90/早さ+65/洒落+41/重さ+3
eq_0333,99,扇,ブリガンティア,143,,,,,チャンス特技発生率+1%(左手装備時無効)
eq_0333,99,扇,ブリガンティア,143,,,,,行動時5%でメイクアップ
eq_0333,99,扇,ブリガンティア,143,,,,,攻魔+85/早さ+60/洒落+41/重さ+3
eq_0334,96,扇,プロセルピナ,134,,,,,全ての属性攻撃ダメージ+3.0%
eq_0334,96,扇,プロセルピナ,134,,,,,味方死亡時5%でためる(試合無効)
eq_0334,96,扇,プロセルピナ,134,,,,,攻魔+80/早さ+55/洒落+40/重さ+3
eq_0335,93,扇,妖貴妃のおうぎ,124,,,,,行動時10%で魔力かくせい
eq_0335,93,扇,妖貴妃のおうぎ,124,,,,,行動時10%で早詠みの杖
eq_0335,93,扇,妖貴妃のおうぎ,124,,,,,攻魔+50/早さ+52/洒落+41/重さ+3
eq_0336,90,扇,孔雀姫のおうぎ,119,,,,,攻撃時10%で魔道の書
eq_0336,90,扇,孔雀姫のおうぎ,119,,,,,MP消費しない率+4.0%(試合無効)
eq_0336,90,扇,孔雀姫のおうぎ,119,,,,,回魔+50/早さ+47/洒落+33/重さ+3
eq_0337,85,扇,ラヴィアンローズ,113,,,,,呪文発動速度+4%
eq_0337,85,扇,ラヴィアンローズ,113,,,,,開戦時10%でチャージ時間-10秒
eq_0337,85,扇,ラヴィアンローズ,113,,,,,早さ+42/洒落+26/重さ+3
eq_0338,80,扇,ハルジオン,107,,,,,MP消費しない率+4%(試合無効)
eq_0338,80,扇,ハルジオン,107,,,,,回魔+40/早さ+42/洒落+22/重さ+3
eq_0339,80,扇,青嵐のおうぎ,102,,,,,雷属性攻撃
eq_0339,80,扇,青嵐のおうぎ,102,,,,,風属性攻撃
eq_0339,80,扇,青嵐のおうぎ,102,,,,,早さ+42/洒落+20/重さ+4
eq_0340,75,扇,カレイドスコープ,99,,,,,戦闘勝利時にMPが1回復
eq_0340,75,扇,カレイドスコープ,99,,,,,早さ+40/洒落+20/重さ+4
eq_0341,70,扇,聖王のおうぎ,95,,,,,水系にダメージ+10%
eq_0341,70,扇,聖王のおうぎ,95,,,,,早さ+40/洒落+18/重さ+4
eq_0342,65,扇,風林火山,89,,,,,攻撃時10%でテンション下げ
eq_0342,65,扇,風林火山,89,,,,,メタル系にダメージ+1
eq_0342,65,扇,風林火山,89,,,,,早さ+38/洒落+15/重さ+4
eq_0343,60,扇,ひっさつのおうぎ,84,,,,,開戦時3%で必殺チャージ
eq_0343,60,扇,ひっさつのおうぎ,84,,,,,早さ+36/洒落+15/重さ+8
eq_0344,60,扇,天下泰平,74,,,,,開戦時5%でためる
eq_0344,60,扇,天下泰平,74,,,,,早さ+36/洒落+17/重さ+4
eq_0345,50,扇,ばしょうせん,70,,,,,風属性攻撃
eq_0345,50,扇,ばしょうせん,70,,,,,戦いで使うと風で敵を切り裂く
eq_0345,50,扇,ばしょうせん,70,,,,,早さ+34/洒落+10/重さ+2
eq_0346,50,扇,たいようのおうぎ,67,,,,,植物系を攻撃時3%で魅了
eq_0346,50,扇,たいようのおうぎ,67,,,,,早さ+33/洒落+13/重さ+4
eq_0347,42,扇,レインボーファン,57,,,,,攻撃時3%で幻惑
eq_0347,42,扇,レインボーファン,57,,,,,早さ+25/洒落+13/重さ+3
eq_0348,42,扇,月のおうぎ,54,,,,,攻撃時2%でマヒ
eq_0348,42,扇,月のおうぎ,54,,,,,早さ+25/洒落+10/重さ+3
eq_0349,42,扇,ましょうのおうぎ,51,,,,,試合時ダメージ+15%
eq_0349,42,扇,ましょうのおうぎ,51,,,,,早さ+25/洒落+8/重さ+5
eq_0350,35,扇,マジックファン,46,,,,,MP+8/早さ+18/洒落+6/重さ+4
eq_0351,35,扇,星のおうぎ,43,,,,,攻撃時2%で混乱
eq_0351,35,扇,星のおうぎ,43,,,,,早さ+18/洒落+7/重さ+2
eq_0352,35,扇,へびのおうぎ,39,,,,,雷属性攻撃
eq_0352,35,扇,へびのおうぎ,39,,,,,早さ+18/洒落+7/重さ+2
eq_0353,28,扇,くじゃくのおうぎ,35,,,,,試合時ダメージ+10%
eq_0353,28,扇,くじゃくのおうぎ,35,,,,,早さ+14/洒落+7/重さ+2
eq_0354,28,扇,ネコのおうぎ,31,,,,,氷属性攻撃
eq_0354,28,扇,ネコのおうぎ,31,,,,,早さ+14/洒落+6/重さ+2
eq_0355,21,扇,ナナホシのおうぎ,28,,,,,虫系にダメージ+10%
eq_0355,21,扇,ナナホシのおうぎ,28,,,,,早さ+11/洒落+4/重さ+2
eq_0356,21,扇,トリのおうぎ,24,,,,,炎属性攻撃
eq_0356,21,扇,トリのおうぎ,24,,,,,早さ+11/洒落+5/重さ+2
eq_0357,14,扇,カメのおうぎ,21,,,,,土属性攻撃
eq_0357,14,扇,カメのおうぎ,21,,,,,早さ+7/洒落+3/重さ+1
eq_0358,14,扇,てつのおうぎ,17,,,,,試合時ダメージ+5%
eq_0358,14,扇,てつのおうぎ,17,,,,,早さ+7/洒落+3/重さ+3
eq_0359,7,扇,バトルファン,14,,,,,早さ+4/洒落+2/重さ+2
eq_0360,7,扇,はねおうぎ,10,,,,,早さ+4/洒落+2/重さ+1
eq_0361,1,扇,白木のおうぎ,7,,,,,早さ+1/洒落+1/重さ+1
eq_0362,132,ハンマー,ポラリスハンマー,295,,,,,獣系にダメージ+15%
eq_0362,132,ハンマー,ポラリスハンマー,295,,,,,全てのダメージ+5.0%
eq_0363,130,ハンマー,アメジストライク,286,,,,,必殺チャージ率+1%(左手装備時無効)
eq_0363,130,ハンマー,アメジストライク,286,,,,,行動時5%でバイキルト
eq_0363,130,ハンマー,アメジストライク,286,,,,,洒落+12/重さ+45
eq_0364,128,ハンマー,ゾークハンマー,274,,,,,攻撃時10.0%でチャージ時間-10秒
eq_0364,128,ハンマー,ゾークハンマー,274,,,,,かいしん率+3.0%
eq_0364,128,ハンマー,ゾークハンマー,274,,,,,洒落+12/重さ+45
eq_0365,125,ハンマー,タウラスハンマー,261,,,,,攻撃時30%で土耐性ダウン
eq_0365,125,ハンマー,タウラスハンマー,261,,,,,状態異常の成功率+10%
eq_0365,125,ハンマー,タウラスハンマー,261,,,,,洒落+12/重さ+45
eq_0366,120,ハンマー,セーラスハンマー,248,,,,,必殺チャージ率+1%(左手装備時無効)
eq_0366,120,ハンマー,セーラスハンマー,248,,,,,休み状態の魔物にダメージ+100
eq_0366,120,ハンマー,セーラスハンマー,248,,,,,洒落+12/重さ+45
eq_0367,118,ハンマー,疾風怒濤,235,,,,,行動時10%でピオラ2段階
eq_0367,118,ハンマー,疾風怒濤,235,,,,,テンション時魔物にダメージ+300
eq_0367,118,ハンマー,疾風怒濤,235,,,,,洒落+12/重さ+45
eq_0368,115,ハンマー,輝天のハンマー,222,,,,,物質系にダメージ+15%
eq_0368,115,ハンマー,輝天のハンマー,222,,,,,全ての攻撃ダメージ+5.0%
eq_0368,115,ハンマー,輝天のハンマー,222,,,,,洒落+12/重さ+45
eq_0369,110,ハンマー,悪魔王の鉄槌,209,,,,,悪魔系にダメージ+15%
eq_0369,110,ハンマー,悪魔王の鉄槌,209,,,,,特技の効果範囲+1.0m
eq_0369,110,ハンマー,悪魔王の鉄槌,209,,,,,洒落+12/重さ+45
eq_0370,108,ハンマー,ヘビースタンプ,197,,,,,攻撃時2%でスタンショット
eq_0370,108,ハンマー,ヘビースタンプ,197,,,,,会心率 +3.0%
eq_0370,108,ハンマー,ヘビースタンプ,197,,,,,洒落+12/重さ+43
eq_0371,105,ハンマー,ディープブルー,186,,,,,水系にダメージ+15%
eq_0371,105,ハンマー,ディープブルー,186,,,,,洒落+12/重さ+42
eq_0372,100,ハンマー,星球の鉄槌,176,,,,,物質系にダメージ+15%
eq_0372,100,ハンマー,星球の鉄槌,176,,,,,全ての攻撃ダメージ+5.0%
eq_0372,100,ハンマー,星球の鉄槌,176,,,,,守備+18/洒落+12/重さ+41
eq_0373,99,ハンマー,神域のハンマー,166,,,,,行動時5%でチャージ時間-10秒
eq_0373,99,ハンマー,神域のハンマー,166,,,,,獣系にダメージ+10%
eq_0373,99,ハンマー,神域のハンマー,166,,,,,守備+14/洒落+11/重さ+38
eq_0374,96,ハンマー,アンタッチャブル,156,,,,,やいばのぼうぎょ時のダメージ5%減
eq_0374,96,ハンマー,アンタッチャブル,156,,,,,攻撃時2%でスタンショット
eq_0374,96,ハンマー,アンタッチャブル,156,,,,,守備+10/洒落+10/重さ+38
eq_0375,93,ハンマー,スカルブレイク,146,,,,,攻撃時10%でチャージ時間-10秒
eq_0375,93,ハンマー,スカルブレイク,146,,,,,会心率+3.0%
eq_0375,93,ハンマー,スカルブレイク,146,,,,,洒落+9/重さ+30
eq_0376,90,ハンマー,ギガスクラッパー,141,,,,,攻撃時5%でウェイトブレイク
eq_0376,90,ハンマー,ギガスクラッパー,141,,,,,物質系にダメージ+10%
eq_0376,90,ハンマー,ギガスクラッパー,141,,,,,洒落+9/重さ+27
eq_0377,85,ハンマー,魔炎のおおづち,134,,,,,炎属性攻撃
eq_0377,85,ハンマー,魔炎のおおづち,134,,,,,闇属性攻撃
eq_0377,85,ハンマー,魔炎のおおづち,134,,,,,洒落+9/重さ+25
eq_0378,80,ハンマー,天使の鉄槌,125,,,,,開戦時5%で天使の守り(試合無効)
eq_0378,80,ハンマー,天使の鉄槌,125,,,,,洒落+12/重さ+22
eq_0379,80,ハンマー,バレットハンマー,120,,,,,マシン系にダメージ+10%
eq_0379,80,ハンマー,バレットハンマー,120,,,,,物質系にダメージ+10%
eq_0379,80,ハンマー,バレットハンマー,120,,,,,洒落+8/重さ+25
eq_0380,75,ハンマー,大地くだき,116,,,,,会心率+1.0%
eq_0380,75,ハンマー,大地くだき,116,,,,,洒落+8/重さ+25
eq_0381,70,ハンマー,聖王のハンマー,110,,,,,物質系にダメージ+10%
eq_0381,70,ハンマー,聖王のハンマー,110,,,,,洒落+9/重さ+20
eq_0382,65,ハンマー,まじんのかなづち,105,,,,,攻撃時20%でミスする
eq_0382,65,ハンマー,まじんのかなづち,105,,,,,会心率+10.0%
eq_0382,65,ハンマー,まじんのかなづち,105,,,,,洒落+9/重さ+18
eq_0383,60,ハンマー,メガトンハンマー,96,,,,,マシン系にダメージ+10%
eq_0383,60,ハンマー,メガトンハンマー,96,,,,,洒落+8/重さ+22
eq_0384,60,ハンマー,ゴードンハンマー,83,,,,,炎属性攻撃
eq_0384,60,ハンマー,ゴードンハンマー,83,,,,,洒落+7/重さ+17
eq_0385,50,ハンマー,きょじんのハンマー,79,,,,,物質系にダメージ+10%
eq_0385,50,ハンマー,きょじんのハンマー,79,,,,,洒落+10/重さ+19
eq_0386,50,ハンマー,グレードハンマー,76,,,,,洒落+13/重さ+17
eq_0387,42,ハンマー,ボルカノハンマー,63,,,,,土属性攻撃
eq_0387,42,ハンマー,ボルカノハンマー,63,,,,,洒落+5/重さ+8
eq_0388,42,ハンマー,ツンドラハンマー,59,,,,,氷属性攻撃
eq_0388,42,ハンマー,ツンドラハンマー,59,,,,,洒落+5/重さ+13
eq_0389,42,ハンマー,プラチナハンマー,56,,,,,試合時ダメージ +15%
eq_0389,42,ハンマー,プラチナハンマー,56,,,,,洒落+10/重さ+10
eq_0390,35,ハンマー,マジックトンカチ,52,,,,,物質系にダメージ+10%
eq_0390,35,ハンマー,マジックトンカチ,52,,,,,MP+5/洒落+6/重さ+6
eq_0391,35,ハンマー,ボーンクラッシャー,48,,,,,ゾンビ系にダメージ+10%
eq_0391,35,ハンマー,ボーンクラッシャー,48,,,,,洒落+4/重さ+6
eq_0392,35,ハンマー,おにのかなぼう,45,,,,,洒落+4/重さ+7
eq_0393,28,ハンマー,バトルスタンパー,41,,,,,洒落+3/重さ+5
eq_0394,28,ハンマー,はがねのかなづち,37,,,,,試合時ダメージ+10%
eq_0394,28,ハンマー,はがねのかなづち,37,,,,,洒落+3/重さ+5
eq_0395,21,ハンマー,ウォーハンマー,33,,,,,洒落+3/重さ+4
eq_0396,21,ハンマー,ぎんのかなづち,30,,,,,洒落+4/重さ+5
eq_0397,14,ハンマー,おおかなづち,25,,,,,洒落+2/重さ+3
eq_0398,14,ハンマー,てつのかなぼう,22,,,,,試合時ダメージ+5%
eq_0398,14,ハンマー,てつのかなぼう,22,,,,,洒落+2/重さ+3
eq_0399,7,ハンマー,せいどうのかなづち,17,,,,,洒落+1/重さ+2
eq_0400,7,ハンマー,おおきづち,14,,,,,洒落+1/重さ+2
eq_0401,1,ハンマー,こんぼう,9,,,,,洒落+1/重さ+1
eq_0402,132,ブーメラン,クリスターライト,273,,,,,特技のダメージ+20(試合無効)
eq_0402,132,ブーメラン,クリスターライト,273,,,,,コマンド間隔-0.5秒
eq_0403,130,ブーメラン,ピスケスエッジ,264,,,,,攻撃時5%でヘナトスとルカニ
eq_0403,130,ブーメラン,ピスケスエッジ,264,,,,,状態異常系の成功率+10%
eq_0403,130,ブーメラン,ピスケスエッジ,264,,,,,攻魔+115/回魔+115/洒落+26/重さ+11
eq_0404,128,ブーメラン,ステラトルネード,255,,,,,開戦時100%で早詠みの杖
eq_0404,128,ブーメラン,ステラトルネード,255,,,,,行動時5%でチャージ時間-10秒
eq_0404,128,ブーメラン,ステラトルネード,255,,,,,攻魔+110/回魔+110/洒落+26/重さ+11
eq_0405,125,ブーメラン,フォーリンスター,246,,,,,呪文発動速度+5%
eq_0405,125,ブーメラン,フォーリンスター,246,,,,,行動時5%で早詠みの杖
eq_0405,125,ブーメラン,フォーリンスター,246,,,,,攻魔+105/回魔+105/洒落+26/重さ+11
eq_0406,120,ブーメラン,セーラスエッジ,236,,,,,会心率+3.0%
eq_0406,120,ブーメラン,セーラスエッジ,236,,,,,コマンド間隔-0.5秒
eq_0406,120,ブーメラン,セーラスエッジ,236,,,,,攻魔+100/回魔+100/洒落+26/重さ+11
eq_0407,118,ブーメラン,ゴッドスロウ,221,,,,,特技のダメージ+20(試合無効)
eq_0407,118,ブーメラン,ゴッドスロウ,221,,,,,行動時10%できようさ+60
eq_0407,118,ブーメラン,ゴッドスロウ,221,,,,,攻魔+95/回魔+95/洒落+26/重さ+11
eq_0408,115,ブーメラン,輝天のブーメラン,204,,,,,行動時10%でピオラ2段階
eq_0408,115,ブーメラン,輝天のブーメラン,204,,,,,行動時5%で早詠みの杖
eq_0408,115,ブーメラン,輝天のブーメラン,204,,,,,攻魔+90/回魔+90/洒落+26/重さ+11
eq_0409,110,ブーメラン,ファルコンウィング,185,,,,,呪文発動速度+5%
eq_0409,110,ブーメラン,ファルコンウィング,185,,,,,攻撃時10%で呪文威力低下
eq_0409,110,ブーメラン,ファルコンウィング,185,,,,,攻魔+85/回魔+85/洒落+26/重さ+11
eq_0410,108,ブーメラン,希水晶のブーメラン,167,,,,,特技のダメージ+20(試合無効)
eq_0410,108,ブーメラン,希水晶のブーメラン,167,,,,,行動時10%でバイシオン
eq_0410,108,ブーメラン,希水晶のブーメラン,167,,,,,攻魔+80/回魔+80/洒落+26/重さ+11
eq_0411,105,ブーメラン,ドラゴンウィング,150,,,,,呪文発動速度+5%
eq_0411,105,ブーメラン,ドラゴンウィング,150,,,,,行動時5%で早詠みの杖
eq_0411,105,ブーメラン,ドラゴンウィング,150,,,,,攻魔+75/回魔+75/洒落+26/重さ+11
eq_0412,100,ブーメラン,ステラツイスター,132,,,,,行動時5%でチャージ時間-10秒
eq_0412,100,ブーメラン,ステラツイスター,132,,,,,開戦時50%で早詠みの杖
eq_0412,100,ブーメラン,ステラツイスター,132,,,,,攻魔+70/回魔+70/洒落+26/重さ+11
eq_0413,99,ブーメラン,アカシックウィング,124,,,,,状態異常系の成功率+10%
eq_0413,99,ブーメラン,アカシックウィング,124,,,,,呪文発動速度+5%
eq_0413,99,ブーメラン,アカシックウィング,124,,,,,攻魔+65/回魔+65/洒落+24/重さ+11
eq_0414,96,ブーメラン,エンジェルウィング,116,,,,,行動時5%で早詠みの杖
eq_0414,96,ブーメラン,エンジェルウィング,116,,,,,開戦時10%で天使の守り(試合無効)
eq_0414,96,ブーメラン,エンジェルウィング,116,,,,,攻魔+60/回魔+60/洒落+24/重さ+11
eq_0415,93,ブーメラン,黒曜のマンダラ,106,,,,,呪文発動速度+5%
eq_0415,93,ブーメラン,黒曜のマンダラ,106,,,,,MP消費しない率+4%(試合無効)
eq_0415,93,ブーメラン,黒曜のマンダラ,106,,,,,攻魔+55/回魔+55/洒落+24/重さ+11
eq_0416,90,ブーメラン,ビーナスエッジ,101,,,,,開戦時50%で聖なる祈り
eq_0416,90,ブーメラン,ビーナスエッジ,101,,,,,呪文暴走率+1.2%
eq_0416,90,ブーメラン,ビーナスエッジ,101,,,,,回魔+40/洒落+18/重さ+10
eq_0417,85,ブーメラン,妖鳥のくちばし,97,,,,,攻撃時15%でマホ系解除
eq_0417,85,ブーメラン,妖鳥のくちばし,97,,,,,攻撃時3%でヘナトス
eq_0417,85,ブーメラン,妖鳥のくちばし,97,,,,,洒落+12/重さ+9
eq_0418,80,ブーメラン,ダークスター,91,,,,,開戦時10%でバイキルト
eq_0418,80,ブーメラン,ダークスター,91,,,,,呪文発動速度+5%
eq_0418,80,ブーメラン,ダークスター,91,,,,,洒落+12/重さ+8
eq_0419,80,ブーメラン,トライチャクラム,88,,,,,会心率+1.2%
eq_0419,80,ブーメラン,トライチャクラム,88,,,,,呪文暴走率+1.2%
eq_0419,80,ブーメラン,トライチャクラム,88,,,,,攻魔+40/回魔+40/洒落+14/重さ+6
eq_0420,75,ブーメラン,ブルーファルコン,86,,,,,攻撃時3%でヘナトス
eq_0420,75,ブーメラン,ブルーファルコン,86,,,,,MP+5/洒落+12/重さ+8
eq_0421,70,ブーメラン,聖王のブーメラン,80,,,,,スライム系にダメージ+10%
eq_0421,70,ブーメラン,聖王のブーメラン,80,,,,,洒落+17/重さ+8
eq_0422,65,ブーメラン,メテオエッジ,76,,,,,雷属性攻撃
eq_0422,65,ブーメラン,メテオエッジ,76,,,,,洒落+17/重さ+8
eq_0423,60,ブーメラン,ペンタグラム,70,,,,,攻撃時3%で混乱
eq_0423,60,ブーメラン,ペンタグラム,70,,,,,洒落+16/重さ+8
eq_0424,60,ブーメラン,メタルウィング,62,,,,,メタル系にダメージ+1
eq_0424,60,ブーメラン,メタルウィング,62,,,,,スライム系を攻撃時3%で魅了
eq_0424,60,ブーメラン,メタルウィング,62,,,,,洒落+14/重さ+7
eq_0425,50,ブーメラン,サザンクロス,58,,,,,ゾンビ系にダメージ+10%
eq_0425,50,ブーメラン,サザンクロス,58,,,,,洒落+13/重さ+7
eq_0426,50,ブーメラン,ブラックコンドル,56,,,,,虫系にダメージ+10%
eq_0426,50,ブーメラン,ブラックコンドル,56,,,,,洒落+10/重さ+7
eq_0427,42,ブーメラン,ほのおのブーメラン,47,,,,,炎属性攻撃
eq_0427,42,ブーメラン,ほのおのブーメラン,47,,,,,洒落+8/重さ+5
eq_0428,42,ブーメラン,こおりのブーメラン,44,,,,,氷属性攻撃
eq_0428,42,ブーメラン,こおりのブーメラン,44,,,,,洒落+8/重さ+5
eq_0429,42,ブーメラン,プラチナウィング,42,,,,,試合時ダメージ +15%
eq_0429,42,ブーメラン,プラチナウィング,42,,,,,洒落+13/重さ+5
eq_0430,35,ブーメラン,マジックチャクラム,37,,,,,虫系にダメージ+10%
eq_0430,35,ブーメラン,マジックチャクラム,37,,,,,洒落+6/重さ+4
eq_0431,35,ブーメラン,ツインスワロー,35,,,,,MP+6/洒落+7/重さ+4
eq_0432,35,ブーメラン,ニンジャカッター,33,,,,,闇属性攻撃
eq_0432,35,ブーメラン,ニンジャカッター,33,,,,,洒落+6/重さ+4
eq_0433,28,ブーメラン,かぜのブーメラン,29,,,,,風属性攻撃
eq_0433,28,ブーメラン,かぜのブーメラン,29,,,,,洒落+5/重さ+3
eq_0434,28,ブーメラン,はがねのブーメラン,27,,,,,試合時ダメージ+10%
eq_0434,28,ブーメラン,はがねのブーメラン,27,,,,,洒落+3/重さ+3
eq_0435,21,ブーメラン,ウイングエッジ,23,,,,,虫系にダメージ+10%
eq_0435,21,ブーメラン,ウイングエッジ,23,,,,,洒落+4/重さ+3
eq_0436,21,ブーメラン,シルバーサークル,21,,,,,洒落+5/重さ+3
eq_0437,14,ブーメラン,クロスブーメラン,17,,,,,洒落+3/重さ+2
eq_0438,14,ブーメラン,アイアンウィング,15,,,,,試合時ダメージ+5%
eq_0438,14,ブーメラン,アイアンウィング,15,,,,,洒落+2/重さ+2
eq_0439,7,ブーメラン,やいばのブーメラン,11,,,,,洒落+1/重さ+1
eq_0440,7,ブーメラン,ブロンズブーメラン,9,,,,,洒落+1/重さ+1
eq_0441,1,ブーメラン,かしのブーメラン,6,,,,,洒落+1/重さ+1
eq_0442,132,弓,ニンフの妖弓,325,,,,,かいしん率2.0%
eq_0442,132,弓,ニンフの妖弓,325,,,,,攻撃時10%でルカニとぶきみなひかり
eq_0443,130,弓,フルムの弓,315,,,,,全ての属性攻撃ダメージ+3.0%
eq_0443,130,弓,フルムの弓,315,,,,,呪文と特技の効果範囲+1.0m
eq_0443,130,弓,フルムの弓,315,,,,,攻魔+105/回魔+105/洒落+11/重さ+15
eq_0444,128,弓,光陰如箭,305,,,,,攻撃時8.0%で光と闇耐性低下
eq_0444,128,弓,光陰如箭,305,,,,,行動時10%で早詠みの杖
eq_0444,128,弓,光陰如箭,305,,,,,攻魔+100/回魔+100/洒落+11/重さ+15
eq_0445,125,弓,パピルサグの弓,295,,,,,特技のダメージ+20(試合無効)
eq_0445,125,弓,パピルサグの弓,295,,,,,全ての光攻撃ダメージ+5.0%
eq_0445,125,弓,パピルサグの弓,295,,,,,攻魔+95/回魔+95/洒落+11/重さ+15
eq_0446,120,弓,セーラスショット,282,,,,,怪人系にダメージ+15%
eq_0446,120,弓,セーラスショット,282,,,,,状態異常系の成功率+10%
eq_0446,120,弓,セーラスショット,282,,,,,攻魔+90/回魔+90/洒落+11/重さ+15
eq_0447,118,弓,ムーンシューター,266,,,,,必殺チャージ率+1%
eq_0447,118,弓,ムーンシューター,266,,,,,必殺チャージ時早読みの杖
eq_0447,118,弓,ムーンシューター,266,,,,,攻魔+85/回魔+85/洒落+11/重さ+15
eq_0448,115,弓,輝天の弓,250,,,,,攻撃時8％で光耐性低下
eq_0448,115,弓,輝天の弓,250,,,,,攻撃時8％で闇耐性低下
eq_0448,115,弓,輝天の弓,250,,,,,攻魔+80/回魔+80/洒落+11/重さ+15
eq_0449,110,弓,シェキナーの弓,234,,,,,特技のダメージ+20(試合無効)
eq_0449,110,弓,シェキナーの弓,234,,,,,全ての光攻撃ダメージ+5.0%
eq_0449,110,弓,シェキナーの弓,234,,,,,攻魔+75/回魔+75/洒落+11/重さ+15
eq_0450,108,弓,緋赤鳥の弓,220,,,,,呪文発動速度+5%
eq_0450,108,弓,緋赤鳥の弓,220,,,,,攻撃時5%でルカニ
eq_0450,108,弓,緋赤鳥の弓,220,,,,,攻魔+70/回魔+70/洒落+11/重さ+15
eq_0451,105,弓,威光弓,208,,,,,攻撃時8%で光耐性ダウン
eq_0451,105,弓,威光弓,208,,,,,攻魔+65/回魔+65/洒落+11/重さ+15
eq_0452,100,弓,イルミンズールの弓,198,,,,,開戦時50%でチャージ時間-10秒
eq_0452,100,弓,イルミンズールの弓,198,,,,,呪文発動速度+5%
eq_0452,100,弓,イルミンズールの弓,198,,,,,攻魔+60/回魔+60/洒落+10/重さ+15
eq_0453,99,弓,蒼穹の王,188,,,,,鳥系にダメージ+15%
eq_0453,99,弓,蒼穹の王,188,,,,,攻魔+55/回魔+55/洒落+10/重さ+15
eq_0454,96,弓,ヒュドラの弓,177,,,,,攻撃時6%で光耐性ダウン
eq_0454,96,弓,ヒュドラの弓,177,,,,,攻撃時5%で魔導の書
eq_0454,96,弓,ヒュドラの弓,177,,,,,洒落+8/重さ+15
eq_0455,93,弓,魔弓サジタリウス,167,,,,,攻撃時6%で闇耐性ダウン
eq_0455,93,弓,魔弓サジタリウス,167,,,,,呪文発動速度+4%
eq_0455,93,弓,魔弓サジタリウス,167,,,,,洒落+8/重さ+15
eq_0456,90,弓,スライムショット,160,,,,,開戦時50%でチャージ時間-10秒
eq_0456,90,弓,スライムショット,160,,,,,呪文発動速度+4%
eq_0456,90,弓,スライムショット,160,,,,,洒落+8/重さ+15
eq_0457,85,弓,あやかしの魔弓,153,,,,,呪文発動速度+4%
eq_0457,85,弓,あやかしの魔弓,153,,,,,MP消費しない率+4%(試合無効)
eq_0457,85,弓,あやかしの魔弓,153,,,,,洒落+8/重さ+15
eq_0458,80,弓,オルフェウスの弓,147,,,,,攻撃時3%でヘナトス
eq_0458,80,弓,オルフェウスの弓,147,,,,,攻撃時5%で眠り
eq_0458,80,弓,オルフェウスの弓,147,,,,,洒落+10/重さ+15
eq_0459,80,弓,アンフィスバエナ,144,,,,,攻撃時3%で猛毒
eq_0459,80,弓,アンフィスバエナ,144,,,,,攻撃ダメージの6%HPが回復
eq_0459,80,弓,アンフィスバエナ,144,,,,,洒落+7/重さ+15
eq_0460,75,弓,オーディーンボウ,141,,,,,攻撃時5%で魔導の書
eq_0460,75,弓,オーディーンボウ,141,,,,,洒落+12/重さ+17
eq_0461,70,弓,聖王の弓,122,,,,,鳥系にダメージ+10%
eq_0461,70,弓,聖王の弓,122,,,,,洒落+17/重さ+17
eq_0462,65,弓,天使の弓,110,,,,,悪魔系にダメージ+10%
eq_0462,65,弓,天使の弓,110,,,,,洒落+20/重さ+17
eq_0463,60,弓,じごくの弓,105,,,,,闇属性攻撃
eq_0463,60,弓,じごくの弓,105,,,,,洒落+12/重さ+17
eq_0464,60,弓,バジリスクの弓,96,,,,,攻撃時2%でマヒ
eq_0464,60,弓,バジリスクの弓,96,,,,,洒落+7/重さ+21
eq_0465,50,弓,アルテミスの弓,92,,,,,攻撃時2%で混乱
eq_0465,50,弓,アルテミスの弓,92,,,,,洒落+8/重さ+18
eq_0466,50,弓,ケイロンの弓,89,,,,,戦いで使うとHPが回復する
eq_0466,50,弓,ケイロンの弓,89,,,,,洒落+10/重さ+15
eq_0467,42,弓,ナイトスナイパー,75,,,,,闇属性攻撃
eq_0467,42,弓,ナイトスナイパー,75,,,,,器用+5/洒落+8/重さ+12
eq_0468,42,弓,すざくの弓,72,,,,,鳥系を攻撃時3%で魅了
eq_0468,42,弓,すざくの弓,72,,,,,洒落+10/重さ+12
eq_0469,42,弓,むげんの弓,66,,,,,試合時ダメージ+15%
eq_0469,42,弓,むげんの弓,66,,,,,洒落+8/重さ+12
eq_0470,35,弓,月光の弓,64,,,,,攻撃時2%で混乱
eq_0470,35,弓,月光の弓,64,,,,,洒落+6/重さ+9
eq_0471,35,弓,白鳥の弓,61,,,,,洒落+9/重さ+9
eq_0472,35,弓,ゆうわくの弓,54,,,,,攻撃時2%で魅了
eq_0472,35,弓,ゆうわくの弓,54,,,,,洒落+9/重さ+9
eq_0473,28,弓,かぜきりの弓,47,,,,,風属性攻撃
eq_0473,28,弓,かぜきりの弓,47,,,,,洒落+5/重さ+8
eq_0474,28,弓,エロスの弓,42,,,,,試合時ダメージ+10%
eq_0474,28,弓,エロスの弓,42,,,,,洒落+6/重さ+6
eq_0475,21,弓,こあくまの弓,37,,,,,洒落+6/重さ+6
eq_0476,21,弓,かりうどの弓,32,,,,,鳥系にダメージ+10%
eq_0476,21,弓,かりうどの弓,32,,,,,洒落+4/重さ+6
eq_0477,14,弓,したんの弓,27,,,,,洒落+3/重さ+5
eq_0478,14,弓,ロングボウ,23,,,,,試合時ダメージ+5%
eq_0478,14,弓,ロングボウ,23,,,,,洒落+3/重さ+5
eq_0479,7,弓,古木の弓,18,,,,,洒落+2/重さ+3
eq_0480,7,弓,若木の弓,14,,,,,洒落+1/重さ+3
eq_0481,1,弓,青竹の弓,9,,,,,洒落+1/重さ+2
eq_0482,132,鎌,レイヴンサイズ,313,,,,,闇属性のダメージ+3.0%
eq_0482,132,鎌,レイヴンサイズ,313,,,,,行動時5%でピオラ2段階
eq_0483,130,鎌,蛮災の鎌,305,,,,,呪文ダメージ+5%(試合無効)
eq_0483,130,鎌,蛮災の鎌,305,,,,,行動時10%で早詠みの杖
eq_0483,130,鎌,蛮災の鎌,305,,,,,攻魔+130/回魔+105/洒落+13/重さ+47
eq_0484,128,鎌,スコーピオサイス,297,,,,,必殺チャージ率+1%
eq_0484,128,鎌,スコーピオサイス,297,,,,,必殺チャージ時バイキルト
eq_0484,128,鎌,スコーピオサイス,297,,,,,攻魔+125/回魔+100/洒落+13/重さ+47
eq_0485,125,鎌,ウィズダムサイズ,289,,,,,コマンド間隔-0.5秒
eq_0485,125,鎌,ウィズダムサイズ,289,,,,,呪文発動速度+5%
eq_0485,125,鎌,ウィズダムサイズ,289,,,,,攻魔+120/回魔+95/洒落+13/重さ+47
eq_0486,120,鎌,セーラスサイズ,278,,,,,行動時10%で攻撃力と攻撃魔力+60
eq_0486,120,鎌,セーラスサイズ,278,,,,,行動時10%で魔力かくせい
eq_0486,120,鎌,セーラスサイズ,278,,,,,攻魔+115/回魔+90/洒落+13/重さ+47
eq_0487,118,鎌,神緋の鎌,265,,,,,特技のダメージ+10(試合無効)
eq_0487,118,鎌,神緋の鎌,265,,,,,2.0%でターン消費なし(試合無効)
eq_0487,118,鎌,神緋の鎌,265,,,,,攻魔+110/回魔+85/洒落+13/重さ+47
eq_0488,115,鎌,輝天の鎌,252,,,,,呪文発動速度+5％
eq_0488,115,鎌,輝天の鎌,252,,,,,呪文の回復量+10％
eq_0488,115,鎌,輝天の鎌,252,,,,,攻魔+105/回魔+80/洒落+13/重さ+47
eq_0489,110,鎌,ビターローズ,239,,,,,会心率と呪文暴走率+3.0%
eq_0489,110,鎌,ビターローズ,239,,,,,MP消費しない率+5.0%(試合無効)
eq_0489,110,鎌,ビターローズ,239,,,,,攻魔+100/洒落+13/重さ+47
eq_0490,108,鎌,サイレントアンガー,229,,,,,全ての攻撃時4%でためる
eq_0490,108,鎌,サイレントアンガー,229,,,,,行動時5%で呪文暴走アップ
eq_0490,108,鎌,サイレントアンガー,229,,,,,攻魔+95/洒落+13/重さ+49
eq_0491,105,鎌,ワルキューレ,218,,,,,行動時5%で魔力かくせい
eq_0491,105,鎌,ワルキューレ,218,,,,,呪文発動速度+5%
eq_0491,105,鎌,ワルキューレ,218,,,,,攻魔+90/洒落+13/重さ+49
eq_0492,100,鎌,サリエルの大鎌,210,,,,,攻撃時4%でヘナトス
eq_0492,100,鎌,サリエルの大鎌,210,,,,,攻撃時4%でルカニ
eq_0492,100,鎌,サリエルの大鎌,210,,,,,攻魔+85/洒落+12/重さ+49
eq_0493,90,鎌,デーモンサイズ,161,,,,,悪魔系にダメージ+10%
eq_0493,90,鎌,デーモンサイズ,161,,,,,会心率+1.0%
eq_0493,90,鎌,デーモンサイズ,161,,,,,攻魔+60/洒落+9/重さ+43
eq_0494,80,鎌,魔導の鎌,148,,,,,MP消費しない率+3.0%(試合無効)
eq_0494,80,鎌,魔導の鎌,148,,,,,呪文発動速度+5%
eq_0494,80,鎌,魔導の鎌,148,,,,,攻魔+45/洒落+10/重さ+41
eq_0495,70,鎌,さばきの鎌,120,,,,,悪魔系にダメージ+10%
eq_0495,70,鎌,さばきの鎌,120,,,,,攻魔+41/洒落+17/重さ+40
eq_0496,60,鎌,ダークサイズ,101,,,,,闇属性攻撃
eq_0496,60,鎌,ダークサイズ,101,,,,,攻魔+36/洒落+12/重さ+35
eq_0497,50,鎌,魔除けの鎌,86,,,,,悪魔系にダメージ+10%
eq_0497,50,鎌,魔除けの鎌,86,,,,,攻魔+25/洒落+8/重さ+30
eq_0498,132,スティック,ピュアリィタクト,,160,228,,,呪文発動速度+3%
eq_0498,132,スティック,ピュアリィタクト,,160,228,,,行動時7%で聖なる祈り
eq_0499,130,スティック,天象のスティック,,155,219,,,全ての属性ダメージ+3.0%
eq_0499,130,スティック,天象のスティック,,155,219,,,ザオ系の射程距離+1.5m
eq_0499,130,スティック,天象のスティック,,155,219,,,HP+6/攻撃+85/洒落+20/重さ+10/MP吸収+4.5%
eq_0500,128,スティック,ルーナステッキ,,150,211,,,呪文の回復量+30（試合無効）
eq_0500,128,スティック,ルーナステッキ,,150,211,,,呪文発動速度+3%
eq_0500,128,スティック,ルーナステッキ,,150,211,,,HP+6/攻撃+84/洒落+20/重さ+10/MP吸収+4.5%
eq_0501,125,スティック,ひつじ雲スティック,,145,204,,,行動時5%で女神の祝福
eq_0501,125,スティック,ひつじ雲スティック,,145,204,,,チャージ時間-5秒
eq_0501,125,スティック,ひつじ雲スティック,,145,204,,,HP+6/攻撃+83/洒落+20/重さ+10/MP吸収+4.5%
eq_0502,120,スティック,セーラススティック,,140,198,,,ホイミ系射程距離+5m
eq_0502,120,スティック,セーラススティック,,140,198,,,ベホマラーの効果範囲+2.0m
eq_0502,120,スティック,セーラススティック,,140,198,,,HP+5/攻撃+82/洒落+20/重さ+10/MP吸収+4.5%
eq_0503,118,スティック,祈星のスティック,,130,188,,,ザオ系の射程距離+1.5m
eq_0503,118,スティック,祈星のスティック,,130,188,,,行動時2%でキラキラポーン
eq_0503,118,スティック,祈星のスティック,,130,188,,,HP+5/攻撃+80/洒落+20/重さ+10/MP吸収+4.5%
eq_0504,115,スティック,輝天のスティック,,120,174,,,呪文発動速度+3%
eq_0504,115,スティック,輝天のスティック,,120,174,,,行動時6%で聖なる祈り
eq_0504,115,スティック,輝天のスティック,,120,174,,,HP+5/攻撃+77/洒落+20/重さ+10/MP吸収+4.5%
eq_0505,110,スティック,エイルのスティック,,110,146,,,呪文と特技の回復量+10%
eq_0505,110,スティック,エイルのスティック,,110,146,,,行動時3%で聖女の守り
eq_0505,110,スティック,エイルのスティック,,110,146,,,HP+5/攻撃+73/洒落+20/重さ+10/MP吸収+4.5%
eq_0506,108,スティック,ピンキーエッグ,,70,138,,,呪文発動速度+3%
eq_0506,108,スティック,ピンキーエッグ,,70,138,,,死亡時30.0%で呪文回復上昇が消えない
eq_0506,108,スティック,ピンキーエッグ,,70,138,,,攻撃+68/洒落+20/重さ+10/MP吸収+4.5%
eq_0507,105,スティック,シビュラスティック,,65,130,,,行動時5%で聖なる祈り
eq_0507,105,スティック,シビュラスティック,,65,130,,,攻撃+62/洒落+20/重さ+10/MP吸収+4.5%
eq_0508,100,スティック,ルネッサンステッキ,,60,122,,,開戦時60%で聖なる祈り
eq_0508,100,スティック,ルネッサンステッキ,,60,122,,,ザオラルの射程距離+1.5m
eq_0508,100,スティック,ルネッサンステッキ,,60,122,,,HP+8/攻撃+56/洒落+19/重さ+10/MP吸収+4.5%
eq_0509,99,スティック,双月のスティック,,55,114,,,開戦時50%で早詠みの杖
eq_0509,99,スティック,双月のスティック,,55,114,,,行動時3%でマホトラのころも
eq_0509,99,スティック,双月のスティック,,55,114,,,HP+8/攻撃+53/洒落+19/重さ+9/MP吸収+4.5%
eq_0510,96,スティック,バージニアステッキ,,50,106,,,開戦時50%で聖なる祈り
eq_0510,96,スティック,バージニアステッキ,,50,106,,,行動時2%で聖なる祈り
eq_0510,96,スティック,バージニアステッキ,,50,106,,,HP+8/攻撃+50/洒落+18/重さ+8/MP吸収+4.5%
eq_0511,93,スティック,リトルフェザー,,43,95,,,開戦時50%で聖なる祈り
eq_0511,93,スティック,リトルフェザー,,43,95,,,呪文発動速度2%
eq_0511,93,スティック,リトルフェザー,,43,95,,,HP+7/攻撃+43/洒落+18/重さ+6/MP吸収+4.5%
eq_0512,90,スティック,栄華の王錫,,40,88,,,呪文発動速度+2%
eq_0512,90,スティック,栄華の王錫,,40,88,,,MP消費しない率+3.0%(試合無効)
eq_0512,90,スティック,栄華の王錫,,40,88,,,HP+7/攻撃+43/洒落+18/重さ+8/MP吸収+4.5%
eq_0513,85,スティック,エンシェントタクト,,37,81,,,開戦時50%で聖なる祈り
eq_0513,85,スティック,エンシェントタクト,,37,81,,,呪文回復量上昇の効果時間+5秒
eq_0513,85,スティック,エンシェントタクト,,37,81,,,HP+6/攻撃+43/洒落+18/重さ+4/MP吸収+4.5%
eq_0514,80,スティック,ラクリマタクト,,33,76,,,MP消費しない率+3.0%(試合無効)
eq_0514,80,スティック,ラクリマタクト,,33,76,,,開戦時30%で聖なる祈り
eq_0514,80,スティック,ラクリマタクト,,33,76,,,HP+6/MP+6/攻撃+41/洒落+18/重さ+4/MP吸収+4.5%
eq_0515,80,スティック,ファンタスティック,,33,73,,,開戦時50%でキラキラポーン
eq_0515,80,スティック,ファンタスティック,,33,73,,,HP+6/MP+12/攻撃+36/洒落+18/重さ+4/MP吸収+4.5%
eq_0516,75,スティック,ひかりのタクト,,32,69,,,呪文発動速度+2%
eq_0516,75,スティック,ひかりのタクト,,32,69,,,HP+6/攻撃+36/洒落+18/重さ+4/MP吸収+4.5%
eq_0517,70,スティック,聖王のスティック,,29,64,,,悪魔系にダメージ+10%
eq_0517,70,スティック,聖王のスティック,,29,64,,,HP+4/攻撃+35/洒落+18/重さ+4/MP吸収+4.5%
eq_0518,65,スティック,タイタニアステッキ,,28,62,,,虫系を攻撃時3%で魅了
eq_0518,65,スティック,タイタニアステッキ,,28,62,,,HP+2/MP+2/攻撃+33/洒落+16/重さ+4/MP吸収+4.5%
eq_0519,60,スティック,ゴシックパラソル,,27,58,,,攻撃+32/洒落+20/重さ+4/MP吸収+5.0%
eq_0520,60,スティック,あくまのタクト,,24,53,,,闇属性攻撃
eq_0520,60,スティック,あくまのタクト,,24,53,,,攻撃時2%でルカニ
eq_0520,60,スティック,あくまのタクト,,24,53,,,攻撃+29/洒落+15/重さ+4/MP吸収+4.0%
eq_0521,50,スティック,天使のタクト,,22,48,,,MP+5/攻撃+27/洒落+20/重さ+4/MP吸収+4.0%
eq_0522,50,スティック,ユグドラシル,,19,42,,,虫系を攻撃時3%で魅了
eq_0522,50,スティック,ユグドラシル,,19,42,,,HP+5/攻撃+25/洒落+13/重さ+4/MP吸収+4.0%
eq_0523,42,スティック,ドラゴンスティック,,17,37,,,ドラゴン系MP吸収率+2%
eq_0523,42,スティック,ドラゴンスティック,,17,37,,,攻撃+22/洒落+10/重さ+3/MP吸収+3.5%
eq_0524,42,スティック,パラソルスティック,,17,36,,,攻撃+21/洒落+13/重さ+3/MP吸収+3.5%
eq_0525,42,スティック,ペロリンステッキ,,16,35,,,攻撃時3%で混乱
eq_0525,42,スティック,ペロリンステッキ,,16,35,,,攻撃+20/洒落+10/重さ+3/MP吸収+3.5%
eq_0526,35,スティック,マポレーナステッキ,,14,31,,,悪魔系MP吸収率+2%
eq_0526,35,スティック,マポレーナステッキ,,14,31,,,攻撃+18/洒落+6/重さ+2/MP吸収+3.0%
eq_0527,35,スティック,マジカルスティック,,14,30,,,MP+8/攻撃+17/洒落+9/重さ+2/MP吸収+3.0%
eq_0528,35,スティック,まてきのスティック,,13,29,,,攻撃時2%で魅了
eq_0528,35,スティック,まてきのスティック,,13,29,,,攻撃+16/洒落+6/重さ+2/MP吸収+3.0%
eq_0529,28,スティック,スラタワーステッキ,,11,25,,,スライム系MP吸収+2%
eq_0529,28,スティック,スラタワーステッキ,,11,25,,,攻撃+14/洒落+5/重さ+2/MP吸収+2.5%
eq_0530,28,スティック,ラブリースティック,,11,24,,,攻撃時3%で魅了
eq_0530,28,スティック,ラブリースティック,,11,24,,,攻撃+12/洒落+6/重さ+2/MP吸収+2.5%
eq_0531,21,スティック,フェザースティック,,9,20,,,風属性攻撃
eq_0531,21,スティック,フェザースティック,,9,20,,,攻撃+11/洒落+5/重さ+2/MP吸収+2.5%
eq_0532,21,スティック,モーモンスティック,,8,19,,,悪魔系MP吸収率+2%
eq_0532,21,スティック,モーモンスティック,,8,19,,,攻撃+10/洒落+4/重さ+2/MP吸収+2.0%
eq_0533,14,スティック,ツインクルタクト,,6,15,,,攻撃時2%で混乱
eq_0533,14,スティック,ツインクルタクト,,6,15,,,攻撃+8/洒落+3/重さ+1/MP吸収+2.0%
eq_0534,14,スティック,スライムステッキ,,6,14,,,スライム系MP吸収+2%
eq_0534,14,スティック,スライムステッキ,,6,14,,,攻撃+6/洒落+3/重さ+1/MP吸収+2.0%
eq_0535,7,スティック,フラワースティック,,4,10,,,虫系を攻撃時3%で魅了
eq_0535,7,スティック,フラワースティック,,4,10,,,HP+3/攻撃+5/洒落+2/重さ+1/MP吸収+1.5%
eq_0536,7,スティック,ピンスティック,,3,9,,,攻撃+4/洒落+2/重さ+1/MP吸収+1.5%
eq_0537,1,スティック,ローリエの小枝,,1,5,,,攻撃+2/洒落+1/重さ+1/MP吸収+1.0%
eq_0538,132,両手杖,妖夢の杖,,276,170,,,行動時5%で魔力かくせいと早読みの杖
eq_0538,132,両手杖,妖夢の杖,,276,170,,,行動時5%でチャージ時間-10秒
eq_0539,130,両手杖,プリエールの杖,,266,165,,,呪文と特技の回復量+30(試合無効)
eq_0539,130,両手杖,プリエールの杖,,266,165,,,行動時5%で魔力覚醒と聖なる祈り
eq_0539,130,両手杖,プリエールの杖,,266,165,,,攻撃+83/洒落+16/重さ+12/MP吸収+7.5%
eq_0540,128,両手杖,ソールワンド,,256,160,,,開戦時100%で魔力かくせいと早詠みの杖
eq_0540,128,両手杖,ソールワンド,,256,160,,,死亡時50.0%で呪文威力上昇と早詠みの杖残
eq_0540,128,両手杖,ソールワンド,,256,160,,,攻撃+80/洒落+16/重さ+12/MP吸収+7.5%
eq_0541,125,両手杖,アリエススタッフ,,246,155,,,全ての属性ダメージ+3.0%
eq_0541,125,両手杖,アリエススタッフ,,246,155,,,必殺チャージ率+1%
eq_0541,125,両手杖,アリエススタッフ,,246,155,,,攻撃+77/洒落+16/重さ+12/MP吸収+7.5%
eq_0542,120,両手杖,セーラスワンド,,236,150,,,会心率と呪文暴走率+2.0%
eq_0542,120,両手杖,セーラスワンド,,236,150,,,会心と暴走時魔物にダメージ+100
eq_0542,120,両手杖,セーラスワンド,,236,150,,,攻撃+74/洒落+16/重さ+12/MP吸収+7.5%
eq_0543,118,両手杖,ブルームワンド,,216,135,,,行動時5%で魔力かくせい
eq_0543,118,両手杖,ブルームワンド,,216,135,,,行動時5%でチャージタイム-10秒
eq_0543,118,両手杖,ブルームワンド,,216,135,,,攻撃+71/洒落+16/重さ+12/MP吸収+7.5%
eq_0544,115,両手杖,輝天の杖,,186,110,,,呪文発動速度+3%
eq_0544,115,両手杖,輝天の杖,,186,110,,,コマンド間隔-0.5秒
eq_0544,115,両手杖,輝天の杖,,186,110,,,攻撃+68/洒落+16/重さ+12/MP吸収+7.5%
eq_0545,110,両手杖,征魔の黒杖,,156,75,,,全ての属性攻撃ダメージ+3.0%
eq_0545,110,両手杖,征魔の黒杖,,156,75,,,MP+10/攻撃+65/洒落+16/重さ+12/MP吸収+7.5%
eq_0546,108,両手杖,セレニティワンド,,146,70,,,2.0%でターン消費なし(試合無効)
eq_0546,108,両手杖,セレニティワンド,,146,70,,,死亡時50.0%で詠唱時間短縮が消えない
eq_0546,108,両手杖,セレニティワンド,,146,70,,,攻撃+62/洒落+16/重さ+12/MP吸収+7.5%
eq_0547,105,両手杖,ミネルバの聖杖,,136,65,,,行動時5%で魔力かくせい
eq_0547,105,両手杖,ミネルバの聖杖,,136,65,,,呪文暴走率+2.0%
eq_0547,105,両手杖,ミネルバの聖杖,,136,65,,,攻撃+59/洒落+16/重さ+12/MP吸収+7.5%
eq_0548,100,両手杖,黄昏の魔杖,,126,60,,,開戦時60%で魔力かくせい
eq_0548,100,両手杖,黄昏の魔杖,,126,60,,,たまに同じ呪文が2回唱えられる
eq_0548,100,両手杖,黄昏の魔杖,,126,60,,,HP+5/攻撃+56/洒落+16/重さ+12/MP吸収+7.5%
eq_0549,99,両手杖,神域の杖,,116,55,,,死亡時50%で詠唱時間短縮が消えない
eq_0549,99,両手杖,神域の杖,,116,55,,,2.0%で行動ターンを消費しない(試合無効)
eq_0549,99,両手杖,神域の杖,,116,55,,,HP+5/攻撃+53/洒落+14/重さ+11/MP吸収+7.5%
eq_0550,96,両手杖,天恵石の杖,,107,50,,,行動時5%で魔力かくせい
eq_0550,96,両手杖,天恵石の杖,,107,50,,,呪文威力上昇の時間が15秒増加
eq_0550,96,両手杖,天恵石の杖,,107,50,,,HP+5/攻撃+/洒落+12/重さ+10/MP吸収+7.5%
eq_0551,93,両手杖,エンシェントワンド,,95,43,,,開戦時50%で魔力かくせい
eq_0551,93,両手杖,エンシェントワンド,,95,43,,,開戦時50%で早詠みの杖
eq_0551,93,両手杖,エンシェントワンド,,95,43,,,HP+5/攻撃+47/洒落+10/重さ+8/MP吸収+7.5%
eq_0552,90,両手杖,邪術皇の杖,,88,40,,,死亡時15.0%で呪文威力上昇残り
eq_0552,90,両手杖,邪術皇の杖,,88,40,,,呪文暴走率+2.0%
eq_0552,90,両手杖,邪術皇の杖,,88,40,,,攻撃+47/洒落+10/重さ+8/MP吸収+7.5%
eq_0553,85,両手杖,万物流転の杖,,81,37,,,開戦時20%で早詠みの杖
eq_0553,85,両手杖,万物流転の杖,,81,37,,,2.0%でターン消費なし(試合無効)
eq_0553,85,両手杖,万物流転の杖,,81,37,,,HP+5/攻撃47+/洒落+10/重さ+8/MP吸収+7.5%
eq_0554,80,両手杖,不死者の魔杖,,76,33,,,MP消費しない率3.0%(試合無効)
eq_0554,80,両手杖,不死者の魔杖,,76,33,,,攻撃時30%でマホ系解除
eq_0554,80,両手杖,不死者の魔杖,,76,33,,,HP+5/攻撃+45/洒落+10/重さ+8/MP吸収+7.5%
eq_0555,80,両手杖,イーリスの杖,,73,33,,,呪文発動速度+2%
eq_0555,80,両手杖,イーリスの杖,,73,33,,,HP+5/攻撃+43/洒落+18/重さ+10/MP吸収+7.5%
eq_0556,75,両手杖,ひかりの杖,,69,32,,,開戦時5%でマホトラのころも
eq_0556,75,両手杖,ひかりの杖,,69,32,,,HP+5/攻撃+40/洒落+16/重さ+12/MP吸収+7.5%
eq_0557,70,両手杖,聖王の杖,,64,29,,,悪魔系にダメージ+10%
eq_0557,70,両手杖,聖王の杖,,64,29,,,HP+5/MP+5/攻撃+37/洒落+16/重さ+12/MP吸収+7.5%
eq_0558,65,両手杖,ドラゴンの杖,,61,28,,,戦いで使うと火の玉が飛び出す
eq_0558,65,両手杖,ドラゴンの杖,,61,28,,,ドラゴン系MP吸収率+3%
eq_0558,65,両手杖,ドラゴンの杖,,61,28,,,HP+3/MP+5/攻撃+34/洒落+13/重さ+12/MP吸収+7.5%
eq_0559,60,両手杖,女神の杖,,58,27,,,悪魔系にダメージ+10%
eq_0559,60,両手杖,女神の杖,,58,27,,,MP+10/攻撃+33/洒落+16/重さ+12/MP吸収+7.0%
eq_0560,60,両手杖,賢者の杖,,54,25,,,戦いで使うとブレスに強くなる
eq_0560,60,両手杖,賢者の杖,,54,25,,,MP+8/攻撃+30/洒落+10/重さ+11/MP吸収+7.0%
eq_0561,50,両手杖,アークワンド,,50,23,,,MP+10/攻撃+26/洒落+10/重さ+11/MP吸収+7.0%
eq_0562,50,両手杖,福音の杖,,44,20,,,戦いで使うとHPが回復する
eq_0562,50,両手杖,福音の杖,,44,20,,,攻撃+28/洒落+10/重さ+11/MP吸収+6.5%
eq_0563,42,両手杖,まがんの杖,,43,20,,,攻撃時2%でマヒ
eq_0563,42,両手杖,まがんの杖,,43,20,,,MP+9/攻撃+21/洒落+8/重さ+8/MP吸収+6.0%
eq_0564,42,両手杖,セイレーンの杖,,37,17,,,戦いで使うと呪文に強くなる
eq_0564,42,両手杖,セイレーンの杖,,37,17,,,攻撃時2%で魅了
eq_0564,42,両手杖,セイレーンの杖,,37,17,,,MP+6/攻撃+23/洒落+10/重さ+8/MP吸収+6.0%
eq_0565,42,両手杖,こおりの杖,,36,17,,,戦いで使うと氷のつぶてで攻撃
eq_0565,42,両手杖,こおりの杖,,36,17,,,攻撃+22/洒落+8/重さ+8/MP吸収+6.0%
eq_0566,35,両手杖,せいれいの杖,,36,17,,,MP+10/攻撃+19/洒落+7/重さ+6/MP吸収+5.0%
eq_0567,35,両手杖,ルーンスタッフ,,34,16,,,攻撃時2%でマヒ
eq_0567,35,両手杖,ルーンスタッフ,,34,16,,,MP+6/攻撃+17/洒落+6/重さ+6/MP吸収+5.0%
eq_0568,35,両手杖,マグマの杖,,30,14,,,戦いで使うとマグマで攻撃
eq_0568,35,両手杖,マグマの杖,,30,14,,,攻撃+18/洒落+6/重さ+9/MP吸収+5.0%
eq_0569,28,両手杖,ピオラの杖,,25,11,,,戦いで使うとすばやくなる
eq_0569,28,両手杖,ピオラの杖,,25,11,,,攻撃+15/洒落+5/重さ+5/MP吸収+4.0%
eq_0570,28,両手杖,いかずちの杖,,24,11,,,戦いで使うと電撃を放つ
eq_0570,28,両手杖,いかずちの杖,,24,11,,,攻撃+13/洒落+6/重さ+5/MP吸収+4.0%
eq_0571,21,両手杖,ようせいの杖,,20,9,,,MP+4/攻撃+12/洒落+5/重さ+5/MP吸収+4.0%
eq_0572,21,両手杖,うみなりの杖,,19,8,,,水系にダメージ+10%
eq_0572,21,両手杖,うみなりの杖,,19,8,,,水系MP吸収率+2%
eq_0572,21,両手杖,うみなりの杖,,19,8,,,攻撃+11/洒落+4/重さ+5/MP吸収+3.0%
eq_0573,14,両手杖,まふうじの杖,,15,6,,,戦いで使うと相手の呪文を封じる
eq_0573,14,両手杖,まふうじの杖,,15,6,,,攻撃+9/洒落+2/重さ+3/MP吸収+3.0%
eq_0574,14,両手杖,あまぐもの杖,,14,6,,,水系にダメージ+10%
eq_0574,14,両手杖,あまぐもの杖,,14,6,,,攻撃+7/洒落+3/重さ+3/MP吸収+3.0%
eq_0575,7,両手杖,さばきの杖,,10,4,,,戦いで使うと風で敵を切り裂く
eq_0575,7,両手杖,さばきの杖,,10,4,,,攻撃+6/洒落+2/重さ+2/MP吸収+2.0%
eq_0576,7,両手杖,まどうしの杖,,9,3,,,戦いで使うと火の玉が放たれる
eq_0576,7,両手杖,まどうしの杖,,9,3,,,攻撃+5/洒落+2/重さ+2/MP吸収+2.0%
eq_0577,1,両手杖,かしの杖,,5,1,,,攻撃+3/洒落+1/重さ+2/MP吸収+2.0%
eq_0578,132,小盾,輝紋章の盾,,,,29,5.20%,行動時5.0%でキラキラポーン
eq_0578,132,小盾,輝紋章の盾,,,,29,5.20%,ガード時30%で必殺チャージ
eq_0579,130,小盾,プロミネンスの盾,,,,28,5.20%,全属性耐性+3%
eq_0579,130,小盾,プロミネンスの盾,,,,28,5.20%,行動時5%でビッグシールド
eq_0579,130,小盾,プロミネンスの盾,,,,28,5.20%,HP+6/洒落+13/重さ+21
eq_0580,128,小盾,アクエリアスガード,,,,27,5.20%,ブレス系ダメージ12%減
eq_0580,128,小盾,アクエリアスガード,,,,27,5.20%,ガード時50%でバーハ
eq_0580,128,小盾,アクエリアスガード,,,,27,5.20%,HP+6/洒落+13/重さ+21
eq_0581,125,小盾,メテオシールド,,,,26,5.20%,攻撃呪文耐性+12%
eq_0581,125,小盾,メテオシールド,,,,26,5.20%,ガード時50%で魔結界
eq_0581,125,小盾,メテオシールド,,,,26,5.20%,HP+6/洒落+13/重さ+21
eq_0582,120,小盾,プシューケーの盾,,,,25,5.20%,受けるダメージ-5
eq_0582,120,小盾,プシューケーの盾,,,,25,5.20%,どくガード+20%
eq_0582,120,小盾,プシューケーの盾,,,,25,5.20%,HP+5/洒落+13/重さ+21
eq_0583,118,小盾,りんねの盾,,,,24,5.20%,全属性耐性+3%
eq_0583,118,小盾,りんねの盾,,,,24,5.20%,HP+5/洒落+13/重さ+21
eq_0584,115,小盾,輝天の盾,,,,23,5.20%,攻撃呪文耐性+6%
eq_0584,115,小盾,輝天の盾,,,,23,5.20%,ガード時50%で聖女の守り
eq_0584,115,小盾,輝天の盾,,,,23,5.20%,HP+5/洒落+13/重さ+21
eq_0585,110,小盾,ミニュアデスの盾,,,,22,5.20%,混乱ガード+20%
eq_0585,110,小盾,ミニュアデスの盾,,,,22,5.20%,封印ガード+20%
eq_0585,110,小盾,ミニュアデスの盾,,,,22,5.20%,HP+5/洒落+13/重さ+21
eq_0586,108,小盾,ブレスガーダー,,,,21,5.20%,ブレス耐性+10%
eq_0586,108,小盾,ブレスガーダー,,,,21,5.20%,HP+5/洒落+13/重さ+21
eq_0587,105,小盾,ブルバックラー,,,,20,5.20%,攻撃呪文耐性+10%
eq_0587,105,小盾,ブルバックラー,,,,20,5.20%,HP+5/洒落+13/重さ+21
eq_0588,100,小盾,鷲王の盾,,,,18,5.20%,光耐性+8%
eq_0588,100,小盾,鷲王の盾,,,,18,5.20%,開戦時50%でスカラ2段階
eq_0588,100,小盾,鷲王の盾,,,,18,5.20%,洒落+12/重さ+201
eq_0589,96,小盾,ブルームシールド,,,,15,5.20%,風耐性+8%
eq_0589,96,小盾,ブルームシールド,,,,15,5.20%,ブレス耐性+8%
eq_0589,96,小盾,ブルームシールド,,,,15,5.20%,洒落+11/重さ+18
eq_0590,93,小盾,ドワチャカシールド,,,,11,5.20%,攻撃呪文耐性+6%
eq_0590,93,小盾,ドワチャカシールド,,,,11,5.20%,ブレス耐性+6%
eq_0590,93,小盾,ドワチャカシールド,,,,11,5.20%,洒落+11/重さ+15
eq_0591,85,小盾,星辰の盾,,,,10,5.00%,攻撃呪文耐性+5%
eq_0591,85,小盾,星辰の盾,,,,10,5.00%,ブレス耐性+6%
eq_0591,85,小盾,星辰の盾,,,,10,5.00%,洒落+10/重さ+14
eq_0592,80,小盾,聖女の盾,,,,7,5.00%,攻撃呪文耐性+5%
eq_0592,80,小盾,聖女の盾,,,,7,5.00%,開戦時5%で聖女の守り
eq_0592,80,小盾,聖女の盾,,,,7,5.00%,攻魔+3/回魔+3/洒落+10/重さ+12
eq_0593,70,小盾,聖王の盾,,,,7,5.00%,呪いガード+10%
eq_0593,70,小盾,聖王の盾,,,,7,5.00%,攻撃呪文耐性+5%
eq_0593,70,小盾,聖王の盾,,,,7,5.00%,洒落+10/重さ+12
eq_0594,60,小盾,メタスラの盾,,,,7,5.00%,攻撃呪文耐性+5%
eq_0594,60,小盾,メタスラの盾,,,,7,5.00%,洒落+10/重さ+12
eq_0595,50,小盾,ルーンバックラー,,,,6,4.50%,攻魔+7/回魔+7/洒落+10/重さ+12
eq_0596,50,小盾,みかがみの盾,,,,5,4.50%,攻撃呪文耐性+5%
eq_0596,50,小盾,みかがみの盾,,,,5,4.50%,MP吸収ガード+6%
eq_0596,50,小盾,みかがみの盾,,,,5,4.50%,洒落+10/重さ+11
eq_0597,42,小盾,ルフの盾,,,,4,4.50%,ブレス耐性+6%
eq_0597,42,小盾,ルフの盾,,,,4,4.50%,風耐性+6%
eq_0597,42,小盾,ルフの盾,,,,4,4.50%,洒落+8/重さ+10
eq_0598,42,小盾,オニグモの盾,,,,5,4.00%,洒落+5/重さ+10
eq_0599,42,小盾,プラチナトレイ,,,,4,4.00%,洒落+10/重さ+9
eq_0600,35,小盾,ふうまの盾,,,,3,4.00%,攻撃呪文耐性+5%
eq_0600,35,小盾,ふうまの盾,,,,3,4.00%,洒落+6/重さ+8
eq_0601,35,小盾,カイトバックラー,,,,4,3.50%,洒落+6/重さ+8
eq_0602,35,小盾,まほうの盾,,,,3,3.50%,攻撃呪文耐性+3%
eq_0602,35,小盾,まほうの盾,,,,3,3.50%,洒落+9/重さ+7
eq_0603,28,小盾,スライムベストレイ,,,,2,3.50%,洒落+5/重さ+6
eq_0604,28,小盾,ホワイトバックラー,,,,2,2.80%,炎耐性+6%
eq_0604,28,小盾,ホワイトバックラー,,,,2,2.80%,洒落+6/重さ+6
eq_0605,21,小盾,こぞうバックラー,,,,3,2.80%,洒落+8/重さ+5
eq_0606,21,小盾,シルバートレイ,,,,2,2.30%,洒落+5/重さ+4
eq_0607,14,小盾,スライムトレイ,,,,2,2.30%,洒落+3/重さ+4
eq_0608,14,小盾,ライトバックラー,,,,2,1.80%,洒落+3/重さ+3
eq_0609,7,小盾,せいどうの盾,,,,2,1.80%,洒落+1/重さ+2
eq_0610,7,小盾,うろこの盾,,,,1,1.30%,洒落+1/重さ+1
eq_0611,1,小盾,皮の盾,,,,1,0.80%,洒落+1/重さ+1
eq_0612,132,大盾,神樹の大盾,,,,92,7.20%,風・雷ダメージ10%減
eq_0612,132,大盾,神樹の大盾,,,,92,7.20%,行動時10%で魔結界
eq_0613,130,大盾,古代鏡の大盾,,,,87,7.20%,ブレス耐性+13%
eq_0613,130,大盾,古代鏡の大盾,,,,87,7.20%,行動時5%でバーハと魔結界
eq_0613,130,大盾,古代鏡の大盾,,,,87,7.20%,HP+24/洒落+11/重さ+48
eq_0614,128,大盾,みずがめの大盾,,,,82,7.20%,呪いガード+100%
eq_0614,128,大盾,みずがめの大盾,,,,82,7.20%,いてつくはどうガード+10%
eq_0614,128,大盾,みずがめの大盾,,,,82,7.20%,HP+23/洒落+11/重さ+47
eq_0615,125,大盾,天球の大盾,,,,77,7.20%,攻撃呪文耐性+6%
eq_0615,125,大盾,天球の大盾,,,,77,7.20%,ブレス耐性+6%
eq_0615,125,大盾,天球の大盾,,,,77,7.20%,HP+22/洒落+11/重さ+46
eq_0616,120,大盾,フォースシールド,,,,72,7.20%,受けるダメージ-10
eq_0616,120,大盾,フォースシールド,,,,72,7.20%,ガード時50%で全属性耐性+5%
eq_0616,120,大盾,フォースシールド,,,,72,7.20%,HP+21/洒落+11/重さ+45
eq_0617,118,大盾,守護神の大盾,,,,67,7.20%,攻撃呪文耐性+7%
eq_0617,118,大盾,守護神の大盾,,,,67,7.20%,ガード時50%で守備力+60
eq_0617,118,大盾,守護神の大盾,,,,67,7.20%,HP+20/洒落+11/重さ+44
eq_0618,115,大盾,輝天の大盾,,,,62,7.20%,光耐性+10%
eq_0618,115,大盾,輝天の大盾,,,,62,7.20%,ブレス耐性+10%
eq_0618,115,大盾,輝天の大盾,,,,62,7.20%,HP+19/洒落+11/重さ+43
eq_0619,110,大盾,不落の大盾,,,,57,7.20%,受けるダメージ-10
eq_0619,110,大盾,不落の大盾,,,,57,7.20%,HP+18/洒落+11/重さ+42
eq_0620,108,大盾,獅子王の大盾,,,,52,7.20%,攻撃呪文耐性+7%
eq_0620,108,大盾,獅子王の大盾,,,,52,7.20%,雷耐性+10%
eq_0620,108,大盾,獅子王の大盾,,,,52,7.20%,HP+18/洒落+11/重さ+41
eq_0621,105,大盾,魔界の大盾,,,,47,7.20%,ブレス耐性+10%
eq_0621,105,大盾,魔界の大盾,,,,47,7.20%,ふっとびガード+6%
eq_0621,105,大盾,魔界の大盾,,,,47,7.20%,HP+16/洒落+11/重さ+40
eq_0622,100,大盾,重装兵の大盾,,,,42,7.20%,闇耐性+10%
eq_0622,100,大盾,重装兵の大盾,,,,42,7.20%,行動時5%でスカラとヘヴィチャージ
eq_0622,100,大盾,重装兵の大盾,,,,42,7.20%,HP+16/洒落+11/重さ+38
eq_0623,99,大盾,鉄壁の大盾,,,,37,7.20%,会心完全ガード+10%
eq_0623,99,大盾,鉄壁の大盾,,,,37,7.20%,盾ガード時10%でヘナトス
eq_0623,99,大盾,鉄壁の大盾,,,,37,7.20%,HP+14/洒落+10/重さ+35
eq_0624,96,大盾,雷竜の大盾,,,,32,7.20%,雷耐性+10%
eq_0624,96,大盾,雷竜の大盾,,,,32,7.20%,ブレス耐性+10%
eq_0624,96,大盾,雷竜の大盾,,,,32,7.20%,HP+14/洒落+10/重さ+32
eq_0625,93,大盾,風雲の大盾,,,,26,7.20%,風耐性+10%
eq_0625,93,大盾,風雲の大盾,,,,26,7.20%,攻撃呪文耐性+5%
eq_0625,93,大盾,風雲の大盾,,,,26,7.20%,HP+10/洒落+10/重さ+30
eq_0626,90,大盾,シャーマンシールド,,,,23,7.20%,ブレス耐性+6%
eq_0626,90,大盾,シャーマンシールド,,,,23,7.20%,ふっとびガード+5%
eq_0626,90,大盾,シャーマンシールド,,,,23,7.20%,HP+10/洒落+10/重さ+29
eq_0627,85,大盾,炎帝の大盾,,,,20,7.20%,炎耐性+10%
eq_0627,85,大盾,炎帝の大盾,,,,20,7.20%,いてつくはどうガード+10%
eq_0627,85,大盾,炎帝の大盾,,,,20,7.20%,HP+5/洒落+10/重さ+28
eq_0628,80,大盾,ゼレスタイトの大盾,,,,17,7.20%,攻撃呪文耐性+5%
eq_0628,80,大盾,ゼレスタイトの大盾,,,,17,7.20%,MP+15/洒落+8/重さ+28
eq_0629,80,大盾,ウルベアの大盾,,,,17,7.20%,HP+10/洒落+8/重さ+28
eq_0630,70,大盾,聖王の大盾,,,,16,7.20%,封印ガード+10%
eq_0630,70,大盾,聖王の大盾,,,,16,7.20%,ブレス耐性+10%
eq_0630,70,大盾,聖王の大盾,,,,16,7.20%,洒落+8/重さ+25
eq_0631,65,大盾,邪眼の大盾,,,,16,7.20%,盾ガード時50%で眠り
eq_0631,65,大盾,邪眼の大盾,,,,16,7.20%,洒落+6/重さ+25
eq_0632,60,大盾,オーガシールド,,,,14,7.20%,ブレス耐性+10%
eq_0632,60,大盾,オーガシールド,,,,14,7.20%,洒落+4/重さ+26
eq_0633,60,大盾,聖騎士の大盾,,,,11,6.60%,闇耐性+10%
eq_0633,60,大盾,聖騎士の大盾,,,,11,6.60%,攻撃呪文耐性+5%
eq_0633,60,大盾,聖騎士の大盾,,,,11,6.60%,洒落+12/重さ+23
eq_0634,50,大盾,おやぶんの大盾,,,,9,6.60%,戦闘で使うと敵をおびえさせる
eq_0634,50,大盾,おやぶんの大盾,,,,9,6.60%,洒落+4/重さ+19
eq_0635,42,大盾,ドラゴンシールド,,,,6,6.60%,ブレス耐性+10%
eq_0635,42,大盾,ドラゴンシールド,,,,6,6.60%,洒落+5/重さ+13
eq_0636,42,大盾,プラチナシールド,,,,5,6.10%,炎耐性+6%
eq_0636,42,大盾,プラチナシールド,,,,5,6.10%,洒落+10/重さ+15
eq_0637,35,大盾,戦士の大盾,,,,5,5.00%,攻撃呪文耐性+3%
eq_0637,35,大盾,戦士の大盾,,,,5,5.00%,洒落+4/重さ+11
eq_0638,28,大盾,はがねの大盾,,,,4,4.40%,洒落+5/重さ+10
eq_0639,14,大盾,てつの大盾,,,,3,2.80%,洒落+2/重さ+8
eq_0640,1,大盾,かしの大盾,,,,2,1.30%,洒落+1/重さ+6
