monster_id,monster_name,monster_type,exp,gold,normal_drop,rare_drop,white_box,orbs,habitats
1,スライム,スライム系,2,1,やくそう,スライムゼリー,どうのつるぎ｜ブロンズナイフ｜ものほしざお,,ランガーオ山地｜ラニアッカ断層帯｜ツスクル平野｜プクレット地方｜コルット地方｜アクロニア鉱山｜偽りの育みの大地｜サザミレ草原｜古・エテーネ王国領｜辺境の雪山｜現・エテーネ王国領｜天涙の大水源
2,スライムベス,スライム系,3,1,やくそう,スライムゼリー,どうのつるぎ｜ブロンズナイフ｜ものほしざお,,グレン領東｜オルフェア地方東｜ガタラ原野｜アズラン地方｜ミューズ海岸｜天涙の大水源｜三闘士の憤怒｜フォーリオン造成地
3,いたずらもぐら,けもの系,3,2,どうのこうせき,おうごんのかけら,かしのこん,,アクロニア鉱山｜灼熱の溶岩窟
4,ビッグハット,けもの系,3,1,まほうの小ビン,おうごんのかけら,さばきの杖,,ランガーオ山地｜ゴズ渓谷｜真のロヴォス高地｜辺境の雪山
5,ナスビナーラ,植物系,3,2,やくそう,パープルアイ,いばらのムチ,,ツスクル平野｜サザミレ草原｜古ロヴォス高地
6,おむつっこり,植物系,3,2,やくそう,せいれいせき,バトルリボン,,プクレット地方｜メギストリス領｜エピステーサ丘陵｜エルトナの混沌
7,モーモン,あくま系,3,1,やくそう,ホワイトパール,モーモンスティック,,コルット地方｜偽りの育みの大地｜真の育みの大地
8,いっかくウサギ,けもの系,4,2,ふさふさの毛皮,ホワイトパール,ロングスピア,,ランガーオ山地｜偽りの育みの大地｜真のロヴォス高地｜真の育みの大地
9,ファーラット,けもの系,4,3,ふさふさの毛皮,ウルベア銅貨,てんびんぼう,,プクレット地方｜自然遺産保護区
10,さそりばち,虫系,4,2,小さなこうら,おうごんのかけら,聖なるナイフ,,ラニアッカ断層帯
11,ドラキー,鳥系,4,2,こうもりのはね,ブラックパール,ローリエの小枝｜かしの杖｜白木のおうぎ,,ランガーオ山地｜ラニアッカ断層帯｜ツスクル平野｜プクレット地方｜コルット地方｜アクロニア鉱山｜サザミレ草原
12,メラゴースト,エレメント系,5,2,まほうの小ビン,ウルベア銅貨,まどうしの杖,,ラニアッカ断層帯｜アクロニア鉱山｜清き水の洞くつ
13,しましまキャット,けもの系,5,2,するどい爪,ホワイトパール,キャットクロー,,コルット地方｜偽りの育みの大地｜真の育みの大地
14,クックルー,鳥系,5,2,まほうの小ビン,かぜきりのはね,はねおうぎ,,プクレット地方
15,おおきづち,怪人系,5,3,やくそう,ウルベア銅貨,おおきづち,,ラニアッカ断層帯｜ツスクル平野｜偽りの育みの大地｜真の育みの大地
16,プチアーノン,水系,5,3,小さな貝がら,ピンクパール,ピンスティック,,ポーポラ地方｜地底湖の洞くつ｜スレア海岸｜オーフィーヌ海底｜古・エテーネ王国領｜現・エテーネ王国領
17,ねこまどう,けもの系,7,4,まほうの小ビン,イエローアイ,まどうしの杖,,コルット地方｜レーナム緑野
18,オニオーン,植物系,7,3,やくそう,おうごんのかけら,せいどうのオノ,,ラニアッカ断層帯｜ツスクル平野｜ロンダの氷穴｜アクロニア鉱山｜地底湖の洞くつ｜オルフェア地方東｜ジュレー島下層｜ウルベア地下遺跡｜カルデア洞穴｜偽りの育みの大地｜真の育みの大地
19,ゴースト,ゾンビ系,9,3,まほうの小ビン,ウルベア銅貨,レイピア,,けがれの谷
20,スライムつむり,スライム系,9,3,大きな貝がら,ホワイトパール,ビッグブレード,,コルット地方｜ポーポラ地方｜レーナム緑野｜地底湖の洞くつ｜サザミレ草原｜オーフィーヌ海底｜天涙の大水源
21,キラースコップ,けもの系,9,4,小さな化石,おうごんのかけら,かしのこん,,ロンダの氷穴
22,みならいあくま,あくま系,9,4,まほうの小ビン,レッドアイ,フラワースティック,,ツスクル平野｜久遠の森
23,バブルスライム,スライム系,13,5,どくけしそう,緑の宝石,どくがのナイフ,,レーナム緑野｜グレン領東｜モガリム街道｜オルフェア地方東｜アズラン地方｜サザミレ草原｜天涙の大水源
24,メラリザード,ドラゴン系,15,6,小さなうろこ,レッドアイ,うろこのよろい上,,ラニアッカ断層帯｜ロンダの氷穴｜アクロニア鉱山｜太古の氷穴
25,タホドラキー,鳥系,12,4,まほうの小ビン,グリーンアイ,バトルファン,,レーナム緑野｜
26,おばけキャンドル,物質系,11,5,まほうの小ビン,イエローアイ,レイピア,,久遠の森
27,ホイップゴースト,エレメント系,11,3,花のみつ,ホワイトパール,せいどうのオノ,,アクロニア鉱山
28,メーダ,虫系,11,4,ガマのあぶら,ウルベア銅貨,バトルリボン,,地底湖の洞くつ
29,メタッピー,マシン系,12,4,てっこうせき,おうごんのかけら,せいどうのよろい上,,アクロニア鉱山｜楽園
30,ボーンバット,ゾンビ系,12,4,小さなホネ,ホワイトパール,やいばのブーメラン,,けがれの谷
31,ホイミスライム,スライム系,15,4,まほうの小ビン,スライムゼリー,いやしの服,,レーナム緑野｜久遠の森｜けがれの谷｜スイの塔｜清き水の洞くつ｜スレア海岸｜ポルネア山｜天涙の大水源
32,どくイモムシ,虫系,16,5,どくがのこな,グリーンアイ,どくがのナイフ,,ツスクル平野｜久遠の森｜けがれの谷
33,ブラウニー,怪人系,16,5,ふさふさの毛皮,おうごんのかけら,おおかなづち,,ランガーオ山地
34,おにこぞう,怪人系,15,6,まほうの小ビン,ウルベア銅貨,せいどうのつるぎ,,ランガーオ山地
35,リリパット,怪人系,16,5,まほうの小ビン,ウルベア銅貨,きぬのローブ上,,ポーポラ地方｜レーナム緑野｜ポルネア山
36,つちわらし,怪人系,17,6,まりょくの土,ウルベア銅貨,せいどうのツメ,,ラニアッカ断層帯｜ツスクル平野
37,ぬすっとウサギ,けもの系,21,6,けものの皮,ウルベア銅貨,ぬすっとの服,,ランガーオ山地｜サザミレ草原
38,フェアリードラゴン,ドラゴン系,22,5,ちょうのはね,緑の宝石,サフランローブ下,,ポーポラ地方
39,キャタピラー,虫系,19,5,ちょうのはね,緑の宝石,サフランローブ上,,ラニアッカ断層帯｜グレン領東｜モガリム街道｜サザミレ草原
40,もみじこぞう,植物系,24,5,まんげつそう,レッドアイ,六角ぼう,,キリカ草原｜スイのやしろ
41,どくろあらい,けもの系,21,6,けものの皮,おうごんのかけら,くさりかたびら下,,グレン領東｜グレン領西
42,さまようたましい,エレメント系,19,5,おもいでのすず,ウルベア銅貨,せいどうのやり,,久遠の森｜けがれの谷
43,シールドこぞう,怪人系,24,7,やくそう,シールドこぞうの日記,こぞうバックラー,,モガリム街道｜グレン領西
44,メタルスライム,スライム系,1206,14,スライムゼリー,メタルのカケラ,,メタルトラップの技巧,
45,ゴールデントーテム,スライム系,84,504,おうごんのかけら,,,メタルトラップの技巧,
46,おおくちばし,鳥系,28,5,するどい爪,かぜきりのはね,しゅうれんぎ上,,グレン領西｜グレン領東
47,ギズモ,エレメント系,28,4,まほうの小ビン,ブラックパール,みかわしの服下,,グレン領西｜清き水の洞くつ
48,アルミラージ,けもの系,29,6,まほうの小ビン,うさぎのおまもり,てつのやり,,レーナム緑野｜キリカ草原｜オルフェア地方東｜スレア海岸
49,ピッキー,鳥系,35,4,まほうの小ビン,かぜきりのはね,てつのおうぎ,,レーナム緑野｜モガリム街道｜ガタラ原野｜真のロヴォス高地｜神獣の森｜ガタラ大山林
50,どんぐりベビー,植物系,32,4,カチコチくるみ,おうごんのかけら,てつのこしだれ,,キリカ草原｜オルフェア地方東｜アズラン地方｜エピステーサ丘陵
51,はぐれメタル,スライム系,12060,21,ヘビーメタル,メタルのカケラ,,メタルトラップの技巧,
52,メイジドラキー,鳥系,41,5,まほうの小ビン,赤い宝石,まふうじの杖,,ベコン渓谷
53,しびれだんびら,物質系,36,8,どくがのこな,ヘビーメタル,ビッグブレードII,,モガリム街道｜キリカ草原｜グレン領西
54,びっくりサタン,あくま系,40,6,するどい爪,おうごんのかけら,ダンサーリスト,,ポーポラ地方
55,ふくまねき,怪人系,1,1,ふくびき補助券,ふくびき券,,,魔法の迷宮
56,ふゆうじゅ,植物系,40,4,まほうの小ビン,緑の宝石,ライトアックス,,アズラン地方
57,チャームバット,ゾンビ系,47,4,小さなホネ,ピンクパール,はやてのキュロット,,ベコン渓谷
58,どくやずきん,怪人系,45,6,どくけしそう,ウルベア銅貨,くすしのローブ上,,アズラン地方｜イナミノ街道
59,しびれくらげ,水系,33,5,まんげつそう,ホワイトパール,へびがわのムチ,,ジュレー島下層｜ミューズ海岸｜スイゼン湿原｜サザミレ草原｜スレア海岸｜オーフィーヌ海底
60,メタルブラザーズ,スライム系,3618,18,スライムおしゃれ花,メタルのカケラ,,メタルトラップの技巧,
61,マドハンド,ゾンビ系,50,4,ふしぎなドロドロ,おうごんのかけら,くさりのあみごて｜てつのうであて｜しゅうれん用リスト,,グレン領東｜ゲルト海峡｜清き水の洞くつ
62,ポイズントリル,エレメント系,43,5,どくけしそう,ブラックパール,くさりかたびら上,,オルフェア地方東｜ゲルト海峡｜影の谷
63,おばけヒトデ,水系,51,4,とげウニ,ホワイトパール,クロスブーメラン,,ジュレー島下層
64,メタルキング,スライム系,48240,36,ヘビーメタル,メタルのカケラ,,メタルトラップの技巧,
65,ゴールデンパペット,物質系,486,5040,,,,,ピラミッド霊廟
66,たけやりへい,マシン系,54,6,まんげつそう,グリーンアイ,たけやり,,イナミノ街道｜時の王者の悔恨
67,しのどれい,ゾンビ系,56,3,小さなホネ,ウルベア銅貨,セレモニーロッド,,モガリム街道｜ベコン渓谷
68,ゆめにゅうどう,怪人系,59,7,まほうの小ビン,ウルベア銅貨,サフランローブ上,,アズラン地方
69,くみひもこぞう,物質系,58,6,麻の糸,赤い宝石,ウォーハンマー,,イナミノ街道
70,グレムリン,あくま系,57,8,まほうの小ビン,おうごんのかけら,あまぐもの杖,,オルフェア地方東｜オルフェア地方西｜偽りの名もなき草原｜真の名もなき草原
71,ぐんたいガニ,水系,59,4,小さなこうら,ホワイトパール,おおばさみ,,ジュレー島下層｜ガタラ原野｜スイゼン湿原｜ガートラント領｜サザミレ草原｜オーフィーヌ海底｜ドランド平原
72,あばれこまいぬ,けもの系,59,6,するどいキバ,せいれいせき,まよけのツメ,,アズラン地方
73,ハンターフライ,虫系,57,4,どくがのこな,青い宝石,アサシンダガー,,ガタラ原野｜ゲルト海峡｜スイゼン湿原｜ガタラ大山林
74,ポイズンリザード,水系,59,5,どくけしそう,まじゅうのホネ,しゅうれんぎ上,,ジュレー島下層｜スイゼン湿原
75,スカルガルー,けもの系,61,7,まほうの小ビン,まじゅうの皮,てつのむねあて,,ガタラ原野｜モリナラ大森林｜ガタラ大山林
76,トンブレロ,けもの系,59,5,けものの皮,まじゅうの皮,くすしのローブ下,,オルフェア地方西｜ミューズ海岸｜自然遺産保護区
77,ガチャコッコ,マシン系,60,6,てっこうせき,かぜきりのはね,ぎんのむねあて,,ガタラ原野｜ゲルト海峡｜ブオーンの体内｜楽園｜ガタラ大山林｜三闘士の憤怒
78,ゴールデンボックス,物質系,726,8400,,,,,ピラミッド霊廟
79,デビルスノー,エレメント系,60,5,氷の樹木,ブルーアイ,バトルフォーク,,ランドンフット｜ランドン山脈｜時の王者の悔恨
80,スノーモン,あくま系,65,10,まんねん雪,やわらかウール,学者のころも上,,ゴズ渓谷｜ランドン山脈｜とこしえの氷原｜ダズの船着き場｜時の王者の悔恨
81,カメレオンマン,怪人系,64,7,にじいろの布きれ,ブラックパール,シーブスナイフ,,オルフェア地方西｜自然遺産保護区
82,ゴールデンスライム,スライム系,1520,10080,ウルベア金貨,きんかい,,遊び人の閃き｜マダンテの極意,
83,モコモコじゅう,けもの系,71,6,やわらかい枝,やわらかウール,ぎんのむねあて,,ランドン山脈｜カーレルの氷雪洞｜ダズの船着き場
84,ジャガーメイジ,けもの系,68,8,まほうの小ビン,赤い宝石,うみなりの杖,,ミューズ海岸｜猫島
85,ともしびこぞう,物質系,68,6,ガマのあぶら,パープルアイ,ぎんの短剣,,カルデア山道｜スイの塔
86,スライムナイト,スライム系,72,7,まほうの小ビン,スライムゼリー,バスタードソード,,オルフェア地方東｜ラーディス王島｜偽りの名もなき草原｜偽りの育みの大地｜真の名もなき草原｜真の育みの大地｜サザミレ草原｜自然遺産保護区｜天涙の大水源
87,スライムタワー,スライム系,38,14,やくそう,スラタワーのつぶやき,スラタワーステッキ,,オルフェア地方西｜ラーディス王島｜スイの塔｜自然遺産保護区
88,キメラ,鳥系,74,5,みかわしそう,ブルーアイ,みかわしの服上,,オルフェア地方西｜イナミノ街道｜リンクル地方｜ミューズ海岸｜ランドンフット｜偽りの名もなき草原｜真の名もなき草原｜サザミレ草原
89,アイアンクック,マシン系,74,5,てっこうせき,ウイングエッジの本,アイアンウィング,,ウルベア地下遺跡｜カルデア洞穴｜ジュレイダ連塔遺跡｜オルセコ王国領
90,タップデビル,あくま系,78,6,するどい爪,ウルベア銀貨,ダンサーシューズ,,リンクル地方｜ランドンフット｜スイゼン湿原
91,ピンクモーモン,あくま系,75,10,まんげつそう,ピンクパール,はがねのツメ,,カミハルムイ領南｜カミハルムイ領北
92,バブリン,エレメント系,77,6,ガマのあぶら,黄色の宝石,はやてのベスト,,ガタラ原野
93,あおだけ童子,怪人系,77,11,さくらの花びら,ニンジャカッター製造法,えんぶのこん,,スイの塔
94,キャットバット,けもの系,84,6,こうもりのはね,まじゅうの皮,シルバーサークル,,オルフェア地方西｜スイゼン湿原｜猫島｜カルデア洞穴
95,メーダロード,虫系,82,5,まほうの小ビン,げんませき,はがねのムチ,,カルデア洞穴｜ガイオス古海
96,ランドンクイナ,鳥系,80,6,しんせんたまご,まじゅうの皮,イーグルダガー,,ランドンフット｜ランドン山脈
97,わらいぶくろ,物質系,57,8,まほうの小ビン,ウルベアぎん,ダンサーシャツ,,スイの塔
98,アローインプ,怪人系,81,5,めざめの花,銀の木工刀の本,くさりのあみぐつ,,イナミノ街道｜リンクル地方
99,だいおうキッズ,水系,81,5,小さなこうら,ホワイトパール,フェザースティック,,ラーディス王島｜オルッパ地下洞くつ｜モガレの洞くつ｜プペラトンネル｜カーレルの氷雪洞｜オーフィーヌ海底｜ナドラガンドの混沌
100,サイおとこ,けもの系,69,11,けものの皮,まじゅうのツノ,てつのオノ,,モガリム街道｜イナミノ街道｜ベコン渓谷
101,ばくだん岩,物質系,90,5,ようがんのカケラ,赤い宝石,はがねのかなづち,,グレン領東｜カルデア山道｜ザマ峠｜バカン山道｜東の荒野｜ポルネア山｜カルデア溶岩帯
102,マジカルハット,物質系,88,7,ふさふさの毛皮,ブラックパール,学者のころも下,,ポポラパの洞くつ｜ウルベア地下遺跡｜カミハルムイ領南
103,さんぞくウルフ,けもの系,93,7,ふさふさの毛皮,ウルベア銀貨,さんぞくのオノ｜さんぞくのサーベル,,ザマ峠｜グルグ地下道
104,シードッグ,けもの系,90,9,けものの皮,ウルベア銀貨,てつのつるぎ,,ラーディス王島｜オルッパ地下洞くつ
105,プテラノドン,鳥系,81,13,するどいキバ,かぜきりのはね,ウイングエッジ,,グレン領東｜ガタラ原野｜ベコン渓谷｜ガタラ大山林
106,マッドフィンガー,ゾンビ系,93,7,まりょくの土,赤い宝石,はやてのグローブ｜ぎんのこて｜てつのこて,,カルデア山道｜スイゼン湿原
107,メランザーナ,植物系,101,6,上やくそう,グリーンアイ,ローズウィップ,,モリナラ大森林｜ミュルエルの森
108,ピクシー,怪人系,99,8,まほうの小ビン,ウルベア銀貨,はやてのグローブ,,ナグアの洞くつ｜ミュルエルの森
109,バアラック,怪人系,99,10,よごれたほうたい,けんぽうぎの作り方,カンフーシューズ,,カルデア山道｜モリナラ大森林
110,プリズニャン,けもの系,101,5,ふさふさの毛皮,青い宝石,こあくまネイル,,猫島｜サザミレ草原｜スレア海岸
111,ベビーマジシャン,あくま系,101,6,まほうの小ビン,フェザースティックの本,ようせいの杖,,ポポラパの洞くつ｜ミュルエルの森
112,デスマエストロ,怪人系,98,10,上どくけしそう,かたりべの服のレシピ,ツインクルタクト,,知恵の眠る遺跡
113,イエローシックル,虫系,99,6,てっこうせき,イエローアイ,シルバークロー,,ウルベア地下遺跡｜
114,あくま神官,あくま系,96,7,まほうの小ビン,神官のほういの作り方,神官のほうい上｜神官のほうい下,,ウルベア地下遺跡｜知恵の眠る遺跡
115,フレイム,エレメント系,100,8,炎の樹木,レッドアイ,ほのおのつるぎ｜ほのおのツメ｜ほのおのブーメラン,,カルデア山道｜カルデア洞穴｜東の荒野｜灼熱の溶岩窟
116,タップペンギー,水系,95,5,まほうの小ビン,ピンクパール,手品師のブーツ,,ラーディス王島
1804,ベホイミスライム,スライム系,99,7,緑のコケ,緑の宝石,まじないしローブ下,,カルデア山道｜ウルベア地下遺跡｜知恵の眠る遺跡
118,ベビーニュート,ドラゴン系,106,7,小さなうろこ,イエローアイ,古武道のツメ,,キリカ草原｜ランドンフット｜プペラトンネル｜スレア海岸｜古ロヴォス高地
119,プヨンターゲット,エレメント系,108,6,まほうの小ビン,むげんの弓の物語,しゅうれんぎ下,,オルッパ地下洞くつ｜知恵の眠る遺跡
120,ベロベロ,怪人系,107,4,するどい爪,ウルベア銀貨,カルベロビュート,,カミハルムイ領南｜カミハルムイ領北
121,ケダモン,けもの系,115,5,サンドフルーツ,まじゅうの皮,まもりのローブ,,グルグ地下道｜ゴブル砂漠東｜古グルグ地下道
122,ベンガルクーン,けもの系,111,8,おもいでのすず,グリーンアイ,ルーンスタッフ,,猫島
123,マジックフライ,虫系,111,6,ちょうのはね,げんませき,フェザースティック,,ナグアの洞くつ｜ミュルエルの森｜モリナラ大森林｜雪虫の洞くつ
124,とうろうへい,マシン系,114,6,つけもの石,おにのかなぼう物語,パルチザン,,カミハルムイ領北
125,キャットフライ,けもの系,120,5,するどいキバ,まじゅうの皮,ナナホシのおうぎ,,猫島
126,イエティ,けもの系,113,5,氷のけっしょう,やわらかウール,バトルアックス,,ランドン山脈｜カーレルの氷雪洞｜
127,デザートランナー,鳥系,114,9,やわらかい肉,まじゅうのホネ,マタドールスーツ下,,ゴブル砂漠東｜東の荒野｜ダラズ大鉱脈
128,スマイルロック,物質系,126,6,まんげつそう,イエローアイ,ボーンクラッシャー,,ナグアの洞くつ｜ジュレー島上層｜ゴブル砂漠東
129,メイジキメラ,鳥系,140,6,まほうの小ビン,グリーンアイ,ピオラの杖,,モガリム街道｜オルフェア地方東｜モリナラ大森林｜ガートラント領｜ドランド平原
130,ウッディアイ,植物系,137,5,こうもりのはね,グリーンアイ,はがねのオノ,,ミュルエルの森｜モガレの洞くつ｜風車の丘
131,おどるほうせき,物質系,84,24,ひかりの石,青い宝石,手品師の服,,ポポラパの洞くつ｜ウルベア地下遺跡｜氷晶の聖塔｜楽園
132,くさった死体,ゾンビ系,152,4,よごれたほうたい,ウルベア銅貨,木の葉のよろい下,,グレン領東｜カルデア洞穴｜カミハルムイ領南｜清き水の洞くつ
133,コトブキーノ,怪人系,128,12,めざめの花,セレモニーロッドの本,ドラゴンロッド,,カミハルムイ領南｜カミハルムイ領北
134,ベロニャーゴ,けもの系,144,8,ネコすな,イエローアイ,はがねのツメ,,地底湖の洞くつ｜フェルアバの洞くつ｜風車の丘
135,ブルベリーノ,植物系,132,6,じょうぶな枝,ブルーアイ,みわくのリボン,,メギストリス領｜ブオーンの体内｜自然遺産保護区
136,アロエおに,植物系,129,7,いやしそう,グリーンアイ,スパイクロッド,,キリカ草原｜ゴブル砂漠東
137,ビッグフェイス,怪人系,143,10,上やくそう,銀の鍛冶ハンマーの本,ホワイトバックラー,,ナグアの洞くつ｜キリカ草原｜オルフェア地方東｜ガートラント領
138,じんめんじゅ,植物系,117,5,上やくそう,せいれいせき,ムーンアックス,,モガリム街道｜オルフェア地方西｜偽りの名もなき草原｜真の名もなき草原｜サザミレ草原｜自然遺産保護区
139,ケセランパセラン,植物系,136,41,かがやきそう,せいれいせき,ユグドラシル,,カミハルムイ領南｜カミハルムイ領北｜スレア海岸｜天涙の大水源
140,モコフル,植物系,134,7,シルク草,つきのめぐみ,クレセントエッジ,,ジュレー島上層｜モリナラ大森林｜エピステーサ丘陵｜真のアラハギーロ地方｜神獣の森
141,リザードマン,ドラゴン系,146,7,小さなうろこ,ウルベア銀貨,カイトバックラー,,キリカ草原｜ジュレー島上層｜リンクル地方｜モリナラ大森林｜モガレの洞くつ｜メギストリス領
142,ドラキーマ,鳥系,149,6,こうもりのはね,イエローアイ,くじゃくのおうぎ,,ジュレー島上層｜カルデア山道の横穴｜モリナラ大森林｜フェルアバの洞くつ｜ガートラント領｜風車の丘｜ドランド平原
143,メトロゴースト,ゾンビ系,149,6,まだらくも糸,まどうしのころも作成術,いかずちの杖,,リンクル地方｜ジュレリア地下廃坑｜ゴブル砂漠東
144,ぼうれい剣士,ゾンビ系,144,7,よごれたほうたい,インテリローブのレシピ,戦士の剣,,ポポラパの洞くつ｜夢幻の森｜ポルネア山
145,オーク,けもの系,135,11,けものの皮,ぶどうエキス,はがねのやり,,モガリム街道｜モリナラ大森林｜ザマ峠｜偽りの名もなき草原｜真の名もなき草原｜ポルネア山
146,たまねぎマン,植物系,152,6,うしのふん,グリーンアイ,かぜきりの弓,,オルフェア地方東｜オルフェア地方西｜モリナラ大森林｜カミハルムイ領北｜トガス岩道
147,ほねコウモリ,ゾンビ系,162,6,こうもりのはね,まじゅうのホネ,かぜのブーメラン,,ジュレリア地下廃坑｜夢幻の森｜メギラザの洞くつ｜ゲルト海峡
148,ひとつめピエロ,あくま系,155,8,まほうの小ビン,銀の錬金ツボの本,ラブリースティック,,風車の丘
149,あらくれチャッピー,けもの系,164,8,アモールの水,バンデッドアーマーの本,カンフーリスト,,地底湖の洞くつ｜風車の丘｜ギルザッド地方
150,ポムポムポム,エレメント系,159,12,ようがんのカケラ,赤い宝石,ウェスタンブラウス,,地底湖の洞くつ｜オーフィーヌ海底
151,セキバーン,水系,0,100,まほうの小ビン,まほうのせいすい,,ランダム,魔法の迷宮
152,からくりだいみょう,マシン系,174,14,にじいろの布きれ,いかずちのたま,きしんのまそう,,カミハルムイ領南｜捨てられた城
153,がいこつ,ゾンビ系,177,8,大きなホネ,ウルベア銀貨,はがねのつるぎ,,ロンダの氷穴｜ランドンフット｜捨てられた城｜東の荒野｜ゲルト海峡｜偽りのコニウェア平原｜偽りのリャナ荒涼地帯
154,マリンスライム,水系,183,7,赤いサンゴ,スライムピアス,初級魔法戦士服｜初級魔法戦士タイツ｜初級魔法戦士のくつ,,モガレの洞くつ｜ヴェリナード領南｜真のコニウェア平原｜オーフィーヌ海底｜天涙の大水源
155,タコメット,水系,183,8,みがきずな,レッドアイ,グラコスのやり,,キュララナ海岸｜ギルザッド地方｜プペラトンネル｜真のコニウェア平原
156,じごくのハサミ,水系,181,7,小さなこうら,おおばさみ作りのヒント,デーモンバスター,,ヴァース大山林
157,サマーウルフ,けもの系,186,9,にじいろの布きれ,ウェスタンレイピア伝記,ウェスタンレイピア,,キュララナ海岸｜ギルザッド地方｜
158,ホタテワラビー,けもの系,187,7,大きな貝がら,ブルーアイ,はがねのよろい下,,ランドンフット｜ヴェリナード領南｜クエド丘陵
159,おばけトマト,植物系,186,7,まりょくの土,レッドアイ,森人の前かけ,,ランドンフット｜ミュルエルの森｜デマトード高地｜ランドンフット｜ブオーンの体内｜古ロヴォス高地
160,どくどくゾンビ,ゾンビ系,203,8,どくどくヘドロ,ウルベア銀貨,みかわしの服下,,ウルベア地下遺跡｜知恵の眠る遺跡
161,ソードファントム,ゾンビ系,185,9,どくけしそう,退魔の太刀の書,ファントムマント,,オルセコ高地｜ランドンフット
162,たてまじん,怪人系,158,14,どうのこうせき,ぶどうエキス,戦士の大盾,,ゲルト海峡
163,メーダクイン,虫系,189,4,ガマのあぶら,お姫様のインテリアの本,スコーピオンテイル,,ジュレリア地下廃坑｜謎の地下水路｜カーレルの氷雪洞｜ガイオス古海
164,グリーンシザー,虫系,192,9,てっこうせき,ウォーハンマーのレシピ,フェンサーマント｜フェンサーブーツ,,モリナラ大森林｜ミュルエルの森｜ブーナー熱帯雨林
165,デッドペッカー,鳥系,193,7,するどい爪,パープルアイ,はがねの大剣,,ヴェリナード領北｜ランドンフット
166,まだらイチョウ,植物系,189,6,うるわしキノコ,イエローアイ,レイニーロッド,,落陽の草原｜自然遺産保護区｜時の王者の悔恨
167,マージスター,水系,188,7,ほしのカケラ,ブラックパール,マジックチャクラム,,キュララナ海岸｜ギルザッド地方
168,マザーウッド,植物系,192,7,さえずりのみつ,せかいじゅの葉,たつじんのオノ,,ミュルエルの森｜ヴァース大山林
169,てまねきリング,物質系,197,6,ふしぎなドロドロ,イエローアイ,まほうのこて｜森人のてぶくろ｜神官のてぶくろ,,ロンダの氷穴｜スイゼン湿原｜ヴァース大山林｜メギラザの洞くつ
170,マポレーナ,あくま系,195,14,なないろのまゆ,マポレーナのらくがき,マポレーナステッキ,,冥王の心臓｜フェザリアス山｜神獣の森
171,フロストギズモ,エレメント系,191,9,氷のけっしょう,レイニーロッドのレシピ,シルバートレイ,,ランドンフット｜ランドン山脈山頂付近｜雄峰ランドン
172,インキュバス,怪人系,195,11,ゆめみの花,イエローアイ,ぎんのこて,,夢幻の森｜トガス岩道
173,きりさきピエロ,怪人系,194,10,よごれたほうたい,暗殺武器の歴史,グラディウス,,レーナム緑野
174,ベホイムスライム,スライム系,219,6,上やくそう,スライムおしゃれ花,司祭のほうい｜司祭のてぶくろ,,ミュルエルの森｜ヴェリナード領北｜永遠の地下迷宮｜オルセコ高地｜神殿レイダメテス
175,キングスライム,スライム系,166,11,上やくそう,スライムトレイ物語,キングアックス｜キングブレード,,リンクル地方｜ラーディス王島｜サザミレ草原｜とこしえの氷原｜自然遺産保護区｜天涙の大水源
176,エビルホーク,鳥系,206,8,大きなホネ,破幻のリング,アルテミスの弓,,モリナラ大森林｜夢幻の森｜デマトード高地｜古グルグ地下道
177,じごくのたまねぎ,植物系,203,7,あやかしそう,パープルアイ,ビーストウィップ,,ロンダの氷穴｜賢者の隠れ家｜ヴァース大山林｜カルサドラ火山｜偽りのジャイラ密林｜真のこもれびの広場｜真のジャイラ密林｜古・バントリユ地方｜現・バントリユ地方
178,ブラッドソード,物質系,200,12,あやかしそう,げんませき,ブラッドエッジ,,オルセコ高地｜偽アラハギーロ地方｜真のアラハギーロ地方
179,ホースデビル,あくま系,203,9,うまのふん,まじゅうのツノ,まどうしのころも上,,古代オルセコ闘技場
180,よろいのきし,あくま系,192,11,てっこうせき,理性のリング,てつのよろい上,,ナグアの洞くつ｜グレン領東｜オルフェア地方東｜スイの塔｜偽りの古き神の遺跡｜古き神の遺跡
181,キラーファング,けもの系,209,11,するどいキバ,まじゅうのツノ,バンデッドグローブ,,ミュルエルの森｜ヴェリナード領北｜クエド丘陵
182,ふくめんバニー,けもの系,214,7,シルク草,銀のさいほう針の本,けんぽうぎ上｜けんぽうの腕帯,,デマトード高地｜オルセコ王国領
183,デスパロット,鳥系,206,7,しんせんたまご,かぜきりのはね,白鳥の弓,,メギストリス領｜ギルザッド地方
184,どれいへいし,ゾンビ系,208,5,小さなホネ,ヘビーメタル,らせつのこん,,ジュレリア地下廃坑
185,スモールグール,怪人系,207,6,よごれたほうたい,ウルベア銀貨,あくまのムチ,,夢幻の森｜メギラザの洞くつ
186,バサラーナ,怪人系,218,24,にじいろの布きれ,くじゃくの巻き物,やしゃのこん,,落陽の草原｜偽メルサンディ穀倉帯
187,スマイルリザード,ドラゴン系,220,7,小さなうろこ,はくあいのゆびわ,かたりべの服上,,ヴェリナード領北｜
188,エビルチクリン,マシン系,219,7,にじいろの布きれ,銀の錬金ランプの本,えいゆうのやり,,モリナラ大森林
189,ボーンナイト,ゾンビ系,222,9,にじいろの布きれ,緑の宝石,まほうの盾,,古代オルセコ闘技場｜偽アラハギーロ地方
190,ドロヌーバ,エレメント系,225,6,ふしぎなドロドロ,おうごんのかけら,まてきのスティック,,ロンダの氷穴｜海賊のアジト跡・地下｜ゲルト海峡｜太古の氷穴
191,ネイルビースト,水系,221,8,するどい爪,まじゅうのホネ,はやぶさのツメ,,ヴェリナード領南
192,イーブルフライ,虫系,235,6,なないろのまゆ,パープルアイ,よるのパピヨン,,捨てられた城｜真のレビュール街道南｜ドラクロン山地｜古レビュール街道南｜雪虫の洞くつ
193,バイキングソウル,ゾンビ系,228,11,大きなホネ,バスタードソードの本,まけんしのレイピア,,海賊のアジト跡・地下｜偽りのコニウェア平原
194,ジェリーマン,エレメント系,237,6,ふしぎなドロドロ,グリーンアイ,木の葉のうでわ,,ヴェリナード領南｜メギラザの洞くつ｜真のゼドラ洞｜自然遺産保護区｜エルトナの混沌
195,レッドプリン,エレメント系,234,7,まほうの小ビン,ピンクパール,ホーリーローブ上｜ホーリーローブ下,,デマトード高地｜ゲルト海峡
196,えんまのつかい,怪人系,227,11,さとりそう,星のおうぎのレシピ,白蛇のこん,,スイのやしろ｜呪われた大地
197,デザートゴースト,けもの系,242,7,サンドフルーツ,おうごんのかけら,バトルドレス下｜バトルガントレット,,ゴブル砂漠東｜ランドン山脈｜偽アラハギーロ地方
198,りゅうき兵,ドラゴン系,249,10,大きなうろこ,ウルベア銀貨,ドラゴンキラー,,プクレット地方｜ブーナー熱帯雨林｜古代オルセコ闘技場｜ランドン山脈｜自然遺産保護区
199,ダッシュラン,ドラゴン系,245,7,しんせんたまご,ドラゴンのツノ,ドラゴンバスター,,ラーディス王島｜ザマ峠｜フェルアバの洞くつ｜ガートラント領｜東の荒野｜偽りのリャナ荒涼地帯｜ドラクロン山地｜ドランド平原
200,キラービー,虫系,244,6,小さなこうら,グリーンアイ,どくばり｜ブラッドピック,,ランドンフット｜グルグ地下道｜ギルザッド地方｜エピステーサ丘陵｜トガス岩道｜偽りのセレドット山道｜豊穣の密林
201,クリスタルハンド,物質系,241,8,ひかりの石,お姫様のイスと机の本,マスターアーム｜無法者のうでわ｜トレジャーグローブ,,ヴェリナード領南｜デマトード高地
202,ウィッチネイル,ゾンビ系,247,8,どくどくヘドロ,ピンクパールリング,きじゅつしグローブ｜フェンサーミサンガ｜司祭のてぶくろ,,呪われた大地｜真の魔女の森
203,ビッグスロース,けもの系,256,8,上どくけしそう,やわらかウール,げんぶの道着上｜げんぶのくつ,,ゴズ渓谷｜ヴァース大山林｜真のコニウェア平原｜雄峰ランドン
204,ドラゴンキッズ,ドラゴン系,253,8,大きなうろこ,ドラゴンのツノ,ドラゴンクロー,,エゼソル峡谷｜砂岩の洞くつ｜偽メルサンディ穀倉帯｜偽レビュール街道北｜真のレビュール街道北｜ドラクロン山地｜古レビュール街道北｜ドランド平原
205,ゴーレム,物質系,300,11,まりょくの土,せいれいせき,古強者のよろい上｜古強者のこて,ふんばり魂｜復讐のスカラ｜渾身斬り系の極意,レーナム緑野｜グレン領西｜ガタラ原野｜ゴブル砂漠東｜偽リンジャハル海岸｜偽アラハギーロ地方｜偽りのデフェル荒野｜サザミレ草原｜ガタラ原野
206,パペットロープ,物質系,252,7,みかわしそう,青い宝石,ツンドラハンマー,,ラニアッカ断層帯｜ペシュヤ地下空洞｜楽園
1806,ボーンプリズナー,ゾンビ系,251,5,よごれたほうたい,プラチナハンマー作成法,ろうがぼう,,夢幻の森｜海賊のアジト跡・地下｜ゲルト海峡
208,岩とびあくま,水系,255,8,アモールの水,こあくまの弓の本,かたりべの服下｜かたりべのブーツ,,キュララナ海岸｜古・エテーネ王国領｜現・エテーネ王国領
209,メタルライダー,スライム系,267,8,まほうの小ビン,グリーンアイ,メタスラの盾,,エゼソル峡谷｜海のとける洞くつ｜落陽の草原｜砂岩の洞くつ
210,げんじかぶと,虫系,269,8,ぎんのこうせき,げんませき,げんぶのかぶと,,モリナラ大森林｜偽りのローヌ樹林帯
211,サイレス,鳥系,276,10,ふさふさの毛皮,マジックチャクラムの本,ケイロンの弓,,メギストリス領｜ヴァース大山林｜偽りのローヌ樹林帯
212,きりかぶこぞう,植物系,331,8,サバンナウッド,せかいじゅの葉,森人のぼうし｜森人の前かけ,,偽りのワルド水源
213,キラートーチ,物質系,264,7,ガマのあぶら,イーグルダガー作成術,ほのおのつるぎ,,カルサドラ火山｜偽りの魔女の森
214,しりょうのきし,ゾンビ系,272,9,大きなホネ,グリーンアイ,くろがねのよろい下｜くろがねのブーツ,,ラニアッカ断層帯｜モリナラ地下洞｜呪われた大地｜古代オルセコ闘技場
215,コープスフライ,ゾンビ系,255,5,緑のコケ,グリーンアイ,インテリローブ上｜インテリサンダル,,謎の地下迷宮｜ダズの岩穴｜モリナラ地下洞｜デマトード高地｜詩歌の遺跡｜ランドン山脈｜ドラクロン山地｜とこしえの氷原
216,キラークラブ,水系,270,9,大きなこうら,イエローアイ,古強者のよろい下｜古強者のグリーブ,,モガレの洞くつ｜詩歌の遺跡｜偽りのワルド水源
217,きせいじゅ,植物系,284,8,しなやかな枝,イエローアイ,エクリプスアックス,,モリナラ地下洞｜ヴェリナード領北｜ボロヌス溶岩流｜呪われた大地｜偽レビュール街道南｜烈火の渓谷｜オーフィーヌ海底｜古ロヴォス高地
218,メタルハンター,マシン系,279,7,ぎんのこうせき,かぜきりの弓の書,メタスラの剣｜メタスラのやり｜メタルウィング,,ウルベア地下遺跡｜海のとける洞くつ｜落陽の草原｜ブーナー熱帯雨林｜砂岩の洞くつ
219,グリゴンダンス,あくま系,281,11,アモールの水,ブルーアイ,ダンサーパンツ,,謎の地下迷宮｜ペシュヤ地下空洞｜エピステーサ丘陵｜ボロヌスの穴｜偽りの魔女の森
220,わかめ王子,水系,337,8,赤いサンゴ,きんのネックレス,栄華の王錫,,偽りのコニウェア平原｜オーフィーヌ海底
221,サブナック,けもの系,286,11,大きなホネ,まじゅうのホネ,けんぽうぎ下｜けんぽうの腕帯,,モリナラ大森林｜フェルアバの洞くつ｜カミハルムイ領南｜カミハルムイ領北｜夢幻の森
222,アカイライ,鳥系,284,8,赤いサンゴ,レッドアイ,さとりのかんむり｜さとりのころも｜さとりのグローブ,,ラニアッカ断層帯｜久遠の森｜エピステーサ丘陵
223,ひとくいサーベル,物質系,285,9,ぎんのこうせき,プラチナウィング物語,大獄剣,,海のとける洞くつ｜ゴブル砂漠西｜最果ての地下遺跡
224,ゴールドオーク,けもの系,303,10,ふさふさの毛皮,きんのゆびわ,プラチナのやり,,ミュルエルの森｜グルグ地下道｜ヴェリナード領北｜オルセコ高地｜偽メルサンディ穀倉帯｜古グルグ地下道
225,ライノソルジャー,けもの系,298,12,きつけそう,まじゅうのツノ,シャーマンアックス,,レーナム緑野｜オルセコ高地
226,アサシンエミュー,鳥系,300,7,しんせんたまご,ふしぎなトゲつきしっぽ,デーモンスピア,,オルフェア地方西｜エゼソル峡谷｜ヴェリナード領北
227,メガザルロック,物質系,288,8,いやしそう,レッドアイ,マジックトンカチ,,ザグバン丘陵｜ラニ大洞穴｜グレン領東｜グレン領西｜エゼソル峡谷｜バカン山道｜オーフィーヌ海底
228,フォンデュ,物質系,373,10,おいしいミルク,せいれいせき,聖者のぼうし｜聖者のほうい,,偽りのコニウェア平原｜オーフィーヌ海底
229,ヒートギズモ,エレメント系,291,10,ホカホカストーン,イエローアイ,ボルカノハンマー,,カルサドラ火山｜神殿レイダメテス｜カルデア溶岩帯
230,ブリザード,エレメント系,299,9,氷の樹木,こおりのツメの秘密,こおりのやいば｜こおりのブーメラン｜こおりの杖,,ランガーオ山地｜浜辺の洞くつ｜ランドン山脈山頂付近｜辺境の雪山
231,ヘルコンダクター,怪人系,295,9,さえずりのみつ,マジカルスティックの本,天使のタクト,,永遠の地下迷宮｜トガス岩道｜天水の聖塔
232,チャンプスター,水系,287,11,かがやきそう,イエローアイ,プラチナウィング,,エゼソル峡谷｜詩歌の遺跡｜偽りのコニウェア平原｜オーフィーヌ海底
233,ホークマン,鳥系,428,11,まほうの小ビン,かぜきりのはね,ほしくずのつるぎ,鉄壁の封印ガード｜マホキテの瞬き｜マホトーンの瞬き,偽りのコニウェア平原｜オーフィーヌ海底
234,ベビル,あくま系,314,13,へびのぬけがら,こあくまのネイル術,聖賢者のローブ上｜聖賢者のバングル,,ペシュヤ地下空洞｜カルサドラ火山｜ランドン山脈山頂付近｜偽りのソーラリア峡谷｜ソーラリア峡谷
235,サンダーフロッグ,水系,321,8,ガマのあぶら,めざましリング,いなずまのやり｜らいじんのやり,,コルット地方｜オルフェア地方東｜アズラン地方｜オルフェア地方西｜エゼソル峡谷｜偽りのワルド水源｜ガタラ大山林｜自然遺産保護区
236,ベホマスライム,スライム系,301,7,まほうの小ビン,ハートのペンダント,聖者のてぶくろ｜聖者のブーツ,韋駄天の足｜禁断のかいふく魔力アップ｜ホイミ系呪文の瞬き,ボロヌス溶岩流｜捨てられた城｜冥王の心臓｜偽りのコニウェア平原｜悠久の回廊｜オーフィーヌ海底｜オルセコ王国領
237,サタンメイル,物質系,311,14,てっこうせき,パープルアイ,プラチナメイル上｜プラチナメイル下,,神殿レイダメテス｜冥王の心臓
238,ブラッドハンド,ゾンビ系,320,7,ふしぎなドロドロ,レッドアイ,原始獣のグローブ｜古武道のうでわ｜ワイルドバングル,,ゴブル砂漠西
239,つかいま,あくま系,387,12,するどいキバ,緑の宝石,セラフィムのやり,,偽グランゼドーラ領
240,ゲリュオン,けもの系,337,16,するどいキバ,まじゅうのホネ,バンデッドブーツ,,ポーポラ地方｜グレン領東｜カミハルムイ領北｜ギルザッド地方｜煉獄の谷
241,ベビーサラマンダ,ドラゴン系,325,8,ガマのあぶら,レッドアイ,サラマンダー,,カルサドラ火山｜ランドン山脈山頂付近｜オーフィーヌ海底｜カルデア溶岩帯｜三闘士の憤怒
242,スターキメラ,鳥系,324,8,ほしのカケラ,ほしくずのピアス,星のおうぎ,韋駄天の足｜ホイミ系呪文の奇跡｜マホトラの瞬き,ポーポラ地方｜ラーディス王島｜ボロヌス溶岩流｜偽りのセレドット山道｜ポルネア山｜古・エテーネ王国領｜現・エテーネ王国領
243,ニードルマン,物質系,394,8,にじいろの布きれ,やわらかウール,クリスタルエッジ,,偽メルサンディ穀倉帯｜楽園
244,ましょうぐも,エレメント系,333,12,まほうの小ビン,黒曜のカーペットの本,ましょうのおうぎ,,賢者の隠れ家｜ジュレリア地下廃坑｜魔瘴調査区画｜冥王の心臓
245,スクラッチャー,水系,335,9,小さなうろこ,ブルーアイ,こおりのツメ,,ダズの岩穴｜詩歌の遺跡｜偽メルサンディ穀倉帯
246,つららスライム,スライム系,341,9,氷のけっしょう,ブルーアイ,しんりのローブ下｜しんりのくつ,果てなき守備力アップ｜マホカンタ系呪文の瞬き｜ヒャド系呪文の真髄,ラギ雪原｜とこしえの氷原｜辺境の雪山
247,アカリリス,けもの系,400,5,レッドベリー,やわらかウール,アイドルヘアバンド｜アイドルスーツ上,,偽りのローヌ樹林帯｜真のピラミッド
248,どろにんぎょう,物質系,450,8,ふしぎなドロドロ,イエローアイ,メカニックフード｜メカニックスーツ下,,偽りのワルド水源｜氷晶の聖塔
249,ダークナイト,ゾンビ系,342,9,アモールの水,斬夜の太刀の書,オニキスの魔剣,,賢者の隠れ家｜エピステーサ丘陵｜偽メルサンディ穀倉帯
250,リュウイーソー,エレメント系,351,24,ガマのあぶら,黒ぶちメガネ丸,にちりんのこん,,シエラ巡礼地｜メギストリス領｜夢幻の森｜自然遺産保護区
251,うみぼうず,エレメント系,350,3,ふしぎな海草,真珠貝のささやき,水のサークレット｜水のはごろも上,,海のとける洞くつ｜ヴェリナード領南｜永遠の地下迷宮｜真の海風の洞くつ
252,アサシンクロー,水系,341,9,小さなうろこ,ほのおのツメの作り方,プラチナクロー,,ブーナー熱帯雨林｜クエド丘陵｜偽りの海風の洞くつ
253,かえんムカデ,虫系,364,8,ようがんのカケラ,レッドアイ,たいようのおうぎ,,ランドン山脈山頂付近｜偽アラハギーロ地方｜真のピラミッド
254,ヘルゴースト,ゾンビ系,363,8,どくがのこな,まんげつリング,占星術師のターバン｜占星術師のローブ上,,ボロヌスの穴｜謎の地下水路
255,ワイトキング,ゾンビ系,353,20,小さなホネ,ピオラの杖の作り方,聖王の杖,鉄壁の呪いガード｜マホトーンの技巧｜ドガン系とジバ系呪文の極意,モガリム街道｜エピステーサ丘陵｜冥王の心臓
256,あやしいかげ,エレメント系,458,12,まりょくの土,よるのとばり,レイブンヘッド｜レイブングローブ,,謎の地下水路｜偽アラハギーロ地方｜ラゼアの風穴｜業炎の聖塔｜古ロヴォス高地
257,ごろつき,怪人系,484,11,ウルベア銅貨,きんのゆびわ,無法者のズボン｜無法者のブーツ,,偽りのコニウェア平原｜偽りのリャナ荒涼地帯
258,こうていタップ,水系,357,8,ふしぎな海草,おうごんのかけら,きじゅつしのブーツ｜ホーリーブーツ｜司祭のブーツ,鉄壁の眠りガード｜ボミエ系呪文の技巧｜ディバインスペルの瞬き,ケラコーナ原生林｜偽りのジャイラ密林｜真のワルド水源
259,マッシュスライム,スライム系,466,7,うるわしキノコ,赤キノコ栽培日記,きじゅつしのズボン｜きじゅつしのブーツ,深淵なる叡智｜メダパニ系呪文の技巧｜スライムブロウの極意,偽りのローヌ樹林帯｜真のローヌ樹林帯｜ドランド平原｜自然遺産保護区
260,ダーティラビッツ,けもの系,384,9,よごれたほうたい,ぶどうエキス,くろがねのよろい上｜くろがねのブーツ,韋駄天の足｜けもの突きの極意｜せいけん突きの極意,ザグバン丘陵｜カミハルムイ領北｜オルセコ高地｜偽りのデフェル荒野｜真のリャナ荒涼地帯｜真のレビュール街道南｜オルセコ王国領
261,かっちゅうアリ,虫系,389,9,小さなこうら,ナナホシのおうぎの書,プラチナメイル上｜プラチナメイル下,鉄壁の封印ガード｜キラーブーンの極意｜石つぶての極意,久遠の森｜モガリム街道｜ガタラ原野｜落陽の草原｜ガタラ大山林
262,ヘルボックル,植物系,492,10,暗黒の樹木,緑の宝石,ユグドラシル,大賢者の御手｜いつくしむ心｜しゅくふくの杖の奇跡,偽りのリャナ荒涼地帯｜古レビュール街道南｜自然遺産保護区
263,うごくせきぞう,物質系,374,14,つけもの石,せいれいせき,聖騎士のよろい下｜聖騎士のグリーブ,ふんばり魂｜鉄壁のふっとびガード｜ドラムクラッシュの極意,神殿レイダメテス｜冥闇の聖塔｜グラデル台地
264,かげのきし,ゾンビ系,383,9,まほうの小ビン,実録！魔剣の作り方,きせきのつるぎ,始まりのヘナトス｜プラーナソードの極意｜パワフルスローの極意,ラニ大洞穴｜グレン領西｜エピステーサ丘陵｜クエド丘陵｜オルセコ高地｜ボロヌスの穴｜偽りの魔女の森｜偽りのリャナ荒涼地帯｜真のリャナ荒涼地帯
265,マッドルーパー,水系,375,9,ガマのあぶら,ピンクパール,水のはごろも下｜水の脚帯,鉄壁の混乱ガード｜ダークフォースの護り｜波紋演舞の極意,賢者の隠れ家｜ラーディス王島｜エゼソル峡谷｜カミハルムイ領南｜偽りのワルド水源｜モンセロ温泉峡｜スレア海岸｜カーレルの氷雪洞
266,バルバロッサ,あくま系,400,11,げんこつダケ,まじゅうのツノ,アークワンド,いつくしむ心｜不滅の攻撃呪文強化｜魔導の書の技巧,賢者の隠れ家｜偽りの魔女の森｜ねじれたる異形の大地
267,マグマロン,エレメント系,390,10,ホカホカストーン,レッドアイ,マグマの杖,マグマの極意｜ファイアフォースの護り｜かまいたちの極意,ボロヌス溶岩流｜赤熱の荒野｜烈火の渓谷｜オーフィーヌ海底｜カルデア溶岩帯
268,シールドオーガ,怪人系,402,10,てっこうせき,レッドアイ,オーガシールド,におうだちの極意｜おはらいの瞬き｜愛のムチの極意,ゲルト海峡｜真のレビュール街道南｜古レビュール街道南
269,ドッグラマッコイ,怪人系,392,9,まほうの小ビン,パッチワークラグのメモ,しんりのローブ上｜しんりのくつ,始まりのラリホー｜ロイヤルステップの技巧｜パワフルスローの極意,捨てられた城｜真の魔女の森
270,ダークペルシャ,けもの系,404,13,天使のすず,ようせいの杖の作り方,福音の杖,深淵なる叡智｜不滅の攻撃呪文強化｜隠者の閃き,シエラ巡礼地｜イナミノ街道｜リンクル地方｜狩人のほら穴｜偽りのリンジャの塔｜真メルサンディ穀倉帯｜自然遺産保護区
271,アームライオン,けもの系,408,10,するどいキバ,せいれいせき,チェイサーアーム｜ステージアーム｜ゴシックアーム,神業の手｜ためるの極意｜足ばらいの技巧,オルフェア地方東｜偽レビュール街道北
272,アイスボンバー,虫系,407,7,氷の樹木,氷晶のカーペットの本,プラチナのこて｜プラチナグリーブ,無念無想の奇跡｜アイスフォースの護り｜スリープダガーの極意,浜辺の洞くつ｜ゴズ渓谷｜ランドン山脈山頂付近｜とこしえの氷原｜雄峰ランドン
273,グール,ゾンビ系,452,6,どくけしそう,よるのとばり,ファントムアーム｜ファントムブーツ,神業の手｜鉄壁の呪いガード｜黄泉送りの極意,ダズの岩穴｜グレン領西｜モリナラ地下洞｜ゴブル砂漠西｜捨てられた城｜謎の地下水路
274,ベビーサタン,あくま系,482,11,こうもりのはね,天使のソーマ,きしんのまそう,深淵なる叡智｜マダンテの極意｜ボケの技巧,偽りのセレドット山道
275,ダークポックル,怪人系,404,13,暗黒の樹木,ソードブレイカーの本,ルフの盾,鋼鉄の肉体｜かばうの極意｜やいばくだきの極意,チョッピ荒野｜狩人のほら穴｜偽りのリャナ荒涼地帯
276,ナイトメーア,怪人系,404,15,よごれたほうたい,まどろみのこんの書,インテリローブ上｜インテリローブ下,鉄壁の魅了ガード｜果てなきマホトラのころも｜パワフルスローの極意,ダラズ採掘場｜偽りのリャナ荒涼地帯
278,ナイトキャット,けもの系,420,8,こうもりのはね,よるのとばり,ナイトスナイパー,鉄壁の転びガード｜ぶきみなひかりの瞬き｜ストームフォースの護り,ボロヌスの穴｜偽メルサンディ穀倉帯｜偽りのデフェル荒野
279,アイスコンドル,鳥系,417,16,氷のけっしょう,ブルーアイ,ブラックコンドル,逆境の身かわしアップ｜鉄壁の転びガード｜アイスフォースの護り,ランガーオ山地｜ランドン山脈山頂付近
280,ひくいどり,鳥系,420,11,炎の樹木,レッドアイ,すざくの弓,韋駄天の足｜回復のララバイの瞬き｜バーニングスワローの極意,ランドン山脈山頂付近｜偽りのデフェル荒野｜フェザリアス山
281,さまようよろい,物質系,597,12,てっこうせき,青い宝石,王軍師のよろい｜王軍師のグローブ,ロストアタックの極意｜ミラクルソードの極意｜ギガスラッシュの極意,謎の地下水路
282,シルバーマント,ゾンビ系,410,12,ぎんのこうせき,はやぶさの剣の書,ぎんのレイピア,はやぶさ斬りの極意｜果てなきブレードガード｜ぶんまわしの極意,ジュレー島下層｜ダラズ採掘場｜偽りのリンジャの塔｜真のリンジャの塔｜ガイオス古海｜ムストの町
283,ガニラス,水系,384,9,大きなこうら,ブルーアイ,ヘヴィーヘルム｜ヘヴィーグローブ,武神の豪腕｜果てなき守備力アップ｜波紋演舞の極意,ジュレー島上層｜ヴェリナード領南｜ゴブル砂漠西｜偽りのセレドット山道｜偽りのリャナ荒涼地帯｜真のコニウェア平原｜真のリャナ荒涼地帯｜オーフィーヌ海底｜古・エテーネ王国領｜現・エテーネ王国領
284,フレイムドック,けもの系,407,13,ようがんのカケラ,まじゅうのホネ,ほのおのツメ,オオカミアタックの極意｜ファイアフォースの護り｜けもの突きの極意,ボロヌス溶岩流｜捨てられた城｜神殿レイダメテス｜真のアラハギーロ地方｜フェザリアス山
285,オークキング,けもの系,444,12,ふさふさの毛皮,ぶどうエキス,聖王のやり,けもの突きの極意｜雷鳴突きの極意｜さみだれ突き系の極意,プクレット地方｜久遠の森｜アズラン地方｜エピステーサ丘陵｜捨てられた城｜真メルサンディ穀倉帯｜真のリャナ荒涼地帯
286,ウドラー,植物系,439,8,暗黒の樹木,グリーンアイ,白蛇のこん,鉄壁のMP吸収ガード｜たいぼく斬の極意｜花ふぶきの技巧,オルフェア地方西｜風車の丘｜呪われた大地｜偽りの魔女の森｜真のレビュール街道南｜闇の辺獄
287,ガルバ,あくま系,446,11,ガマのあぶら,ブルーアイ,レイブンスーツ｜レイブングローブ,復讐のバイシオン｜てなづけるの技巧｜悪魔ばらいの極意,浜辺の洞くつ｜永遠の地下迷宮｜最果ての地下遺跡
288,ゴルバ,あくま系,447,11,へびのぬけがら,ブルーアイ,レイブンヘッド｜レイブンスーツ,復讐のスカラ｜果てなきタップダンス｜悪魔ばらいの極意,浜辺の洞くつ｜永遠の地下迷宮｜最果ての地下遺跡
289,あくまのきし,あくま系,480,50,てっこうせき,プラチナこうせき,ヘヴィーアーマー上｜ヘヴィーヘルム｜ヘヴィーアーマー下,ラリホー系呪文の瞬き｜鉄甲斬系の極意｜真・オノむそう系の真髄,グレン領西｜魔法の迷宮
291,ライノスキング,けもの系,455,14,けものの皮,バトルアックス作成術,聖王のオノ,不屈の闘志｜果てなきヘヴィチャージ｜オノむそう系の極意,コルット地方｜ランドンフット｜エピステーサ丘陵｜捨てられた城｜砂岩の洞くつ｜ランドンフット｜偽りのリャナ荒涼地帯
292,ナウマンボーグ,けもの系,534,26,けものの皮,ヘビーメタル,王軍師のグローブ｜王軍師のグリーブ,めいそうの奇跡｜もろば斬りの極意｜果てなきブレードガード,偽リンジャハル海岸｜偽りのリンジャの塔
293,フライングデス,鳥系,460,7,するどいキバ,かぜのブーメランの本,メテオエッジ,鉄壁の即死ガード｜シャインスコールの極意｜天使の矢の極意,ラニアッカ断層帯｜ゴブル砂漠西｜偽グランゼドーラ領｜偽りのロヴォス高地｜真のロヴォス高地｜ラゼアの風穴｜古ロヴォス高地｜現・バントリユ地方
294,ガーゴイル,鳥系,588,8,こうもりのはね,せいじゃのはい,天命のつるぎ,スリープダガーの極意｜シャインスコールの極意｜バードシュートの極意,偽リンジャハル海岸｜古グランゼドーラ領
295,てっこうまじん,物質系,456,10,てっこうせき,せいれいせき,てつのよろい上｜てつのよろい下,もろば斬りの極意｜磁界シールドの瞬き｜かぶと割りの極意,ラーディス王島｜カミハルムイ領南｜真のセレドット山道｜真のレビュール街道北｜古レビュール街道北
296,からくりしょうぐん,マシン系,457,32,ぎんのこうせき,バトルフォークの本,オセアノススピア,鉄壁のMP吸収ガード｜磁界シールドの瞬き｜雷鳴突きの極意,捨てられた城
297,ボーンファイター,ゾンビ系,458,14,大きなホネ,モーニングスターの本,ゾンビキラー,かえん斬りの極意｜果てなきブレードガード｜ぶんまわしの極意,グレン領西｜ボロヌス溶岩流｜真のリャナ荒涼地帯｜真のアラハギーロ地方｜真のデフェル荒野｜古グルグ地下道
298,タッピツ仙人,怪人系,720,20,まほうのせいすい,呼び寄せの筆,,,
299,ブラックマンティス,虫系,482,10,ぎんのこうせき,バトルスタンパーの本,くろがねのよろい上｜くろがねのこて,鉄壁のどくガード｜始まりのヘナトス｜ヒュプノスハントの極意,ザグバン丘陵｜夢幻の森｜ブーナー熱帯雨林｜オルセコ高地｜オルセコ王国領
300,ろうごくのぬし,ゾンビ系,492,7,よごれたほうたい,破呪のリング,トレジャーコート下｜トレジャーブーツ,鉄壁の幻惑ガード｜鉄壁の呪いガード｜魔導の書の技巧,ジュレー島下層｜バドリー岩石地帯｜ねじれたる異形の大地｜真のアラハギーロ地方
301,キラージャック,怪人系,484,14,よごれたほうたい,パッチワークラグ家具の本,王家のナイフ,キラージャグリングの極意｜つるぎの舞の極意｜ボケの技巧,リンクル地方｜偽メルサンディ穀倉帯｜真のリンジャの塔
302,プークプック,怪人系,654,11,まほうの小ビン,音符のラグのララバイ,ひつじのころも下｜ひつじのくつ,始まりのラリホー｜回復のララバイの瞬き｜しばり打ちの技巧,真のグランゼドーラ領｜宵の神殿
303,デンタザウルス,けもの系,508,6,大きな化石,まじゅうのツノ,飛竜のかぶと｜飛竜のベスト,鋼鉄の肉体｜果てなき守備力アップ｜やいばのぼうぎょの極意,ラニアッカ断層帯｜コルット地方｜ラニ大洞穴｜ジュレー島下層｜ゴブル砂漠西
304,キラーパンサー,けもの系,692,9,するどいキバ,まじゅうの皮,エンシェントクロー｜ケイオスネイル,禁断のちからアップ｜必中拳の極意｜タイガークローの極意,偽りのローヌ樹林帯｜真のジャイラ密林｜真のグランゼドーラ領｜古・バントリユ地方｜古グランゼドーラ領｜現・バントリユ地方
305,テラノライナー,ドラゴン系,512,8,大きなうろこ,ドラゴンのツノ,無法者のブーツ｜トレジャーブーツ｜バトルグリーブ,不屈の闘志｜鉄壁のしばりガード｜たいあたりの極意,ラニアッカ断層帯｜ブーナー熱帯雨林｜真のセレドット山道｜真のリャナ荒涼地帯
306,ミスターガリック,植物系,516,10,まりょくの土,ホワイトウッド,エトワールハット｜エトワールコート上,始まりのぶきみなひかり｜魔導の書の技巧｜たいぼく斬の極意,ゴズ渓谷｜ブオーンの体内｜煉獄の谷｜白霜の流氷野｜迅雷の丘｜太古の氷穴
307,パペットマン,物質系,635,8,しなやかな枝,セクシーインテリアの本,メカニックスーツ上｜メカニックブーツ,鉄壁の踊りガード｜果てなきタップダンス｜ぶきみなひかりの技巧,偽りのリンジャの塔｜偽りのロヴォス高地｜真のローヌ樹林帯
308,エンタシスマン,物質系,635,14,つけもの石,シャンデリアリターンズ,カレイドスコープ,ハッスルダンスの奇跡｜花ふぶきの技巧｜おうぎのまい系の極意,偽りの古き神の遺跡｜偽レビュール街道南｜古き神の遺跡｜氷晶の聖塔
309,ルバンカ,マシン系,504,12,ようがんのカケラ,赤い宝石,グレートハンマー,メディカルデバイスの瞬き｜裂鋼拳の極意｜ウェイトブレイクの極意,ボロヌス溶岩流｜偽りのジャイラ密林
310,ヘルビースト,あくま系,500,8,ひかりの石,せいれいせき,バトルドレス上｜バトルグリーブ,スキャンダルの技巧｜じわれの極意｜果てなきマジステッキ,ランガーオ山地｜永遠の地下迷宮｜古代オルセコ闘技場｜偽りのソーラリア峡谷｜ソーラリア峡谷
312,バトルレックス,ドラゴン系,673,6,するどいキバ,ドラゴンの皮,ふんさいのおおなた,はやぶさ斬りの極意｜ドラゴンスラッシュの極意｜かぶと割りの極意,偽りのセレドット山道｜偽レビュール街道北｜ガタラ大山林
313,ホークブリザード,鳥系,533,13,氷の樹木,白鳥の弓の作り方,ブルーファルコン,アイスフォースの護り｜フローズンスワローの極意｜バードシュートの極意,ラギ雪原｜ゴズ渓谷｜ドラクロン山地｜雄峰ランドン
314,やみしばり,物質系,644,9,まほうの小ビン,飾りタイルのランプの本,トライデントテイル,鉄壁の眠りガード｜始まりのボミエ｜サプライズラッシュの極意,偽りの魔女の森｜偽りのリンジャの塔｜影の谷
315,デビルアーマー,物質系,527,10,ぎんのこうせき,クレセントエッジの本,ヘヴィーアーマー上｜ヘヴィーアーマー下,鋼鉄の肉体｜果てなき守備力アップ｜かえん斬りの極意,シエラ巡礼地｜ねじれたる異形の大地｜業炎の聖塔
316,キラーマシン,マシン系,516,15,プラチナこうせき,月光の弓の書,はやぶさの剣｜キラーピアス,気まぐれな追撃｜フリーズブレードの極意｜ロストショットの極意,ラギ雪原｜夢幻の森｜ヴァース大山林｜真メルサンディ穀倉帯｜辺境の雪山｜三闘士の憤怒
317,バアルゼブブ,あくま系,503,18,へびのぬけがら,天使のソーマ,聖賢者のミトラ｜聖賢者のローブ上,キラージャグリングの極意｜ぶきみなひかりの技巧｜石つぶての極意,リンクル地方｜モンセロ温泉峡｜ねじれたる異形の大地
318,デザートガルバ,あくま系,545,14,げんこつダケ,緑の宝石,砂海のターバン｜砂海のころも上,神業の手｜復讐のバイシオン｜てなづけるの技巧,ダラリア砂岩遺跡｜ダラズ大鉱脈
319,デザートゴルバ,あくま系,545,14,サンドフルーツ,黄色の宝石,砂海のころも下｜砂海のくつ,鉄壁のマヒガード｜復讐のスカラ｜デビルンチャームの極意,ダラリア砂岩遺跡｜ダラズ大鉱脈
320,亡者のひとだま,エレメント系,535,11,氷の樹木,青い宝石,さすらいのコート下｜さすらいのこて,ボケの技巧｜果てなきマジステッキ｜パニパニハニーの技巧,スイのやしろ｜大神殿・地下｜闇の辺獄｜ムストの町｜王立アルケミア｜雄峰ランドン｜ムニエカ地方
321,シュプリンガー,ドラゴン系,543,12,大きなうろこ,ふうまの盾の作り方,おやぶんの大盾,ストームフォースの護り｜ダークフォースの護り｜ライトフォースの護り,リンクル地方｜ラーディス王島｜ダラズ採掘場｜偽りのワルド水源｜偽りのリンジャハル海岸｜モンセロ温泉峡
322,ひとくいばこ,物質系,360,6,ウルベア銅貨,きんのゆびわ,バンデッドチェイン｜バンデッドグローブ,逆境の身かわしアップ｜スキルクラッシュの技巧｜果てなきどうぐ倍化術,真のピラミッド｜ガイオス古海
323,プリーストナイト,あくま系,683,12,てっこうせき,おしゃれなベルト,フォースブレード,いつくしむ心｜ホーリーライトの極意｜おはらいの瞬き,偽アラハギーロ地方｜魔幻宮殿
324,シルバーデビル,あくま系,552,13,けものの皮,いかずちのたま,シルバーアックス｜シルバークロー｜シルバーサークル,鉄壁の眠りガード｜ビーナスステップの技巧｜ウィングブロウの極意,ラギ雪原｜メギストリス領｜エピステーサ丘陵｜魔瘴調査区画｜偽グランゼドーラ領｜ポルネア山｜銀の森
325,ぬかどこスライム,スライム系,633,15,げんこつダケ,ゴールドストーン,トレジャーコート上｜トレジャーグローブ,鉄壁の幻惑ガード｜ひゃくれつなめの技巧｜ナイトメアファングの極意,偽りのゼドラ洞｜ドラクロン山地｜ラゼアの風穴
326,ウイングタイガー,けもの系,557,15,こうもりのはね,まじゅうの皮,風虎の道着｜風虎のうでわ｜風虎のくつ,オオカミアタックの極意｜ビーナスステップの技巧｜ウィングブロウの極意,リンクル地方｜エゼソル峡谷｜ダラズ採掘場｜ヴァース大山林｜偽りのセレドット山道｜偽リンジャハル海岸｜ダラズ大鉱脈｜自然遺産保護区
327,太古のぬし,けもの系,411,1,大きな化石,イエローアイ,古強者のよろい上｜古強者のよろい下,ふんばり魂｜鉄壁のふっとびガード｜心頭滅却の瞬き,グレン領東｜東の荒野｜ラゼアの風穴
328,ホラービースト,けもの系,561,10,大きなうろこ,イエローアイ,ファントムカチーフ｜ファントムアーム,大賢者の御手｜プラズマリムーバーの瞬き｜ウィングブロウの極意,謎の地下迷宮｜ジュレリア地下廃坑｜真のリンジャハル海岸
329,イーグルデビル,鳥系,573,11,こうもりのはね,かぜきりのはね,アカシックソード｜邪紋のつるぎ｜呪印のつるぎ,果てなき攻撃力アップ｜キラージャグリングの極意｜ミラクルソードの極意,ダラリア砂岩遺跡｜迅雷の丘
330,スパイクヘッド,物質系,693,6,かがやきそう,飾りタイルのラグの本,スパイクバイザー,復讐のテンションアップ｜ためるの極意｜とうこん討ちの極意,偽グランゼドーラ領
331,フラワーゾンビ,ゾンビ系,693,10,あやかしそう,お花の外灯の作り方,バージニアステッキ,鉄壁の呪いガード｜魔力のバラードの瞬き｜おはらいの瞬き,偽りの魔女の森｜偽りのジャイラ密林｜ねじれたる異形の大地
332,アンゴラモーア,怪人系,571,12,さえずりのみつ,やわらかウール,エトワールコート下｜エトワールブーツ,果てなき聖女の守り｜らせん打ちの極意｜愛のムチの極意,ゴズ渓谷｜神獣の森｜試みの荒野｜宵の神殿
333,ヘルシーサー,けもの系,573,13,げんこつダケ,まじゅうのホネ,まじゅうのツメ,武神の豪腕｜必中拳の極意｜ゴールドフィンガーの極意,スイのやしろ｜ケラコーナ原生林｜偽りのワルド水源
334,フォレストドラゴ,ドラゴン系,734,13,上やくそう,幻獣の皮,シェンロンロッド｜聖王のこん,いつくしむ心｜不滅の回復呪文強化｜よみがえり節の瞬き,偽りのワルド水源｜古・エテーネ王国領｜自然遺産保護区｜現・エテーネ王国領
335,ビッグモアイ,物質系,555,10,つけもの石,せいれいせき,凱歌のヘルム｜騎神のかぶと｜天宮騎士のかぶと,ふんばり魂｜かばうの極意｜ドラムクラッシュの極意,カルデア山道｜ジュレリア地下廃坑｜偽レビュール街道北｜真のセレドット山道｜古・バントリユ地方｜現・バントリユ地方｜グラデル台地
336,しにがみきぞく,ゾンビ系,564,16,大きなホネ,カイトバックラーの本,オニグモの盾,ヘナトスの盾｜雷鳴突きの極意｜狼牙突きの極意,賢者の隠れ家｜風車の丘｜ボロヌスの穴｜自然遺産保護区
337,タタリ御前,ゾンビ系,548,15,あやかしそう,青い宝石,神託のローブ下｜神託のブレス,始まりのぶきみなひかり｜おはらいの瞬き｜百花繚乱系の極意,スイのやしろ｜時の王者の悔恨
338,アサシンブラッド,物質系,743,13,まほうの小ビン,セクシーライトの本,アサシンダガー,マジックアローの極意｜サンダーボルトの極意｜さみだれうち系の極意,偽りのデフェル荒野｜偽りの海風の洞くつ｜業炎の聖塔
339,リビングスタチュー,物質系,582,11,まりょくの土,水晶のイスと机の本,バトルドレス上｜バトルドレス下,不滅の攻撃呪文強化｜鉄壁の眠りガード｜ドラムクラッシュの極意,ヴェリナード領南｜最果ての地下遺跡｜偽りのゼドラ洞｜真のピラミッド｜ガイオス古海｜マデ神殿
340,デュランダル,マシン系,573,15,ぎんのこうせき,せいじゃのはい,覇王の大剣｜ベルセルクブレード,鉄壁の幻惑ガード｜メディカルデバイスの瞬き｜ギガスラッシュの極意,ジュレイダ連塔遺跡｜氷晶の聖塔｜翠嵐の聖塔
341,ミイラ男,ゾンビ系,713,8,よごれたほうたい,げんませき,古代王族のベスト｜古代王族のボトムス,不滅の攻撃力アップ｜鉄壁のはどうガード｜黄泉送りの極意,偽りのデフェル荒野｜真のピラミッド
342,サイクロプス,あくま系,578,8,サバンナウッド,ようせいの首かざり,大地くだき,ふんばり魂｜ウェイトブレイクの極意｜シールドブレイクの技巧,久遠の森｜キリカ草原｜ヴェリナード領北｜ブーナー熱帯雨林｜偽メルサンディ穀倉帯｜モンセロ温泉峡
343,シャドー,エレメント系,658,15,よごれたほうたい,げんませき,レイブンスーツ｜レイブンブーツ,戦場のヴィーナス｜魔力のバラードの瞬き｜精霊獣の祝福の瞬き,偽りのゼドラ洞｜真の魔女の森｜真のピラミッド｜真のゼドラ洞｜ゼドラ王の黄昏｜ラランブラ山道
344,ブルーミンクス,けもの系,660,10,カチコチくるみ,やわらかウール,黄竜の道着｜黄竜のくつ,鉄壁の踊りガード｜始まりのボミエ｜地ばしり打ちの極意,ゴズ渓谷｜偽りのロヴォス高地｜古・ティプローネ高地｜現・ティプローネ高地
345,スカルゴン,ドラゴン系,588,16,大きなホネ,ドラゴンのホネ,神兵のガントレット｜神兵のグリーブ,不滅の攻撃力アップ｜心頭滅却の瞬き｜氷結らんげき系の極意,ダズの岩穴｜カルデア山道の横穴｜ベコン渓谷｜デマトード高地｜偽りの海風の洞くつ｜ドラクロン山地
346,マジックアーマー,物質系,497,14,ぎんのこうせき,まほうよろいの秘密,まほうのよろい上｜まほうのよろい下,フォースブレイクの技巧｜ストームフォースの護り｜ライトフォースの護り,バカン山道｜メギストリス領｜偽りの魔女の森｜偽りのリャナ荒涼地帯｜偽りのソーラリア峡谷｜偽グランゼドーラ領｜ソーラリア峡谷｜悠久の回廊｜翠嵐の聖塔｜自然遺産保護区
347,ゴードンヘッド,物質系,534,11,ホカホカストーン,赤い宝石,ゴードンハンマー,果てなき守備力アップ｜大ぼうぎょの極意｜スキャンダルの技巧,ダラリア砂岩遺跡｜ボロヌス溶岩流｜神殿レイダメテス｜真のリンジャハル海岸｜ねじれたる異形の大地｜真のデフェル荒野｜ラゼアの風穴｜赤熱の荒野｜冥闇の聖塔
348,悪鬼丸,ゾンビ系,602,12,にじいろの布きれ,ぶどうエキス,名刀　斬鉄丸,深淵なる叡智｜パニパニハニーの技巧｜せいけん突きの極意,スイのやしろ
349,くものきょじん,あくま系,722,14,まほうの小ビン,いかずちのたま,古代王族のターバン,サインぜめの極意｜デビルンチャームの極意｜かまいたちの極意,偽アラハギーロ地方｜
350,ミニデーモン,あくま系,786,8,花のみつ,グリーンアイ,デーモンスピア,禁断のMPアップ｜遊び人の閃き｜果てなき精霊降臨,真メルサンディ穀倉帯
351,みずたまドラゴン,ドラゴン系,595,9,ガマのあぶら,パイソンウィップの書,水のはごろも下｜水の脚帯,鉄壁のマヒガード｜ドラゴンステップの技巧｜サンダーボルトの極意,ジュレー島上層｜デマトード高地｜落陽の草原｜ヴェリナード領西｜偽レビュール街道南｜ドラクロン山地｜スレア海岸｜古・バントリユ地方｜現・バントリユ地方
608,れんごくまちょう,鳥系,582,17,炎の樹木,せいじゃのはい,あやかしの魔弓,始まりの移動速度アップ｜ライトフォースの護り｜シャイニングボウの極意,ベコン渓谷｜風車の丘｜ケラコーナ原生林｜偽りのジャイラ密林
353,なげきムーン,物質系,732,21,ほしのカケラ,まんげつリング,双月のスティック,始まりのボミエ｜果てなきヘヴィチャージ｜メラ系とギラ系呪文の極意,ゴズ渓谷｜偽りの魔女の森｜スレア海岸｜古レビュール街道北
354,じごくのつかい,あくま系,598,12,上どくけしそう,マジックトンカチの本,占星術師のローブ下｜占星術師のブーツ,メディカルデバイスの瞬き｜回復のララバイの瞬き｜悪魔ばらいの極意,シエラ巡礼地｜謎の地下水路｜偽リンジャハル海岸｜真のナシームの洞くつ
355,ブラックチャック,怪人系,828,8,けものの皮,よるのとばり,まじんのかなづち,やいばくだきの極意｜サプライズラッシュの極意｜ウェイトブレイクの極意,真のグランゼドーラ領｜天ツ風の原｜古グランゼドーラ領
356,まいまいテイル,けもの系,743,7,カチコチくるみ,パープルアイ,舞い手の服｜舞い手のズボン｜舞い手のリスト,鉄壁の踊りガード｜ヒーリングドリームの戦域｜しばり打ちの極意,真のワルド水源｜真メルサンディ穀倉帯｜ラゼアの風穴
357,スノーエルダー,ドラゴン系,692,15,氷の樹木,幻獣の皮,カテドラルミトル｜カテドラルシューズ,復讐のテンションアップ｜始まりのぶきみなひかり｜ドラゴンスラッシュの極意,ゴズ渓谷｜辺境の雪山
358,ソードフライヤー,鳥系,743,7,するどい爪,かぜきりのはね,戦姫のレイピア,鉄壁の混乱ガード｜戦鬼の乱れ舞の瞬き｜ミラクルソードの極意,真のグランゼドーラ領
359,じごくのよろい,物質系,807,13,ぎんのこうせき,天使のソーマ,シュバリエメイル上｜シュバリエメイル下,武神の豪腕｜始まりのルカニ｜果てなきミラクルブースト,偽りのリンジャの塔｜真の海風の洞くつ｜悠久の回廊
360,キラーデーモン,あくま系,610,16,するどいキバ,ツインスワローの秘密,マスカレイドヘルム｜マスカレイドスーツ,不滅のテンション｜鉄壁のはどうガード｜始まりの聖女の守り,シエラ巡礼地｜真のリンジャハル海岸
361,ウィングデビル,あくま系,605,10,大きなうろこ,パープルアイ,魔除けの鎌,神業の手｜始まりのルカニ｜ぶきみなひかりの瞬き,ラニ大洞穴｜グレン領西｜ダラリア砂岩遺跡｜ブーナー熱帯雨林｜ボロヌスの穴｜真のデフェル荒野
362,こんぶ大将,水系,743,16,ふしぎな海草,ぶどうエキス,エンシェントタクト,大賢者の御手｜果てなき攻撃力アップ｜しばり打ちの極意,偽りの海風の洞くつ｜真のコニウェア平原｜闇の辺獄｜古・残響の海蝕洞｜現・残響の海蝕洞
363,ゲノミー,水系,720,5,小さな貝がら,ブラックパール,,,
364,ケツァルコアトルス,鳥系,599,24,するどい爪,ドラゴンの皮,サザンクロス,まもりのきりの戦域｜シャインスコールの極意｜バーニングバードの極意,グレン領西｜エゼソル峡谷｜ガートラント領｜チョッピ荒野｜偽アラハギーロ地方｜真のアラハギーロ地方｜ドラクロン山地｜古・ティプローネ高地｜現・ティプローネ高地
365,ヒイラギどうじ,植物系,752,12,しなやかな枝,サクランボのラグの本,木の葉のぼうし,果てなきマホトラのころも｜よみがえり節の瞬き｜たいぼく斬の極意,真のセレドット山道｜神獣の森｜古・ティプローネ高地｜現・ティプローネ高地
366,ミステリピラー,物質系,785,5,つけもの石,げんませき,青嵐のおうぎ,戦場のヴィーナス｜足ばらいの技巧｜ピンクタイフーンの極意,真のレビュール街道南｜古レビュール街道南｜神儀の護堂
367,メッサーラ,あくま系,657,16,こうもりのはね,パープルアイ,占星術師のローブ上｜占星術師のローブ下,深淵なる叡智｜魔力かくせいの瞬き｜地ばしり打ちの極意,ベコン渓谷｜風車の丘｜ヴェリナード領西｜真の魔女の森｜自然遺産保護区
368,ドルマージュ,エレメント系,791,2,暗黒の樹木,げんませき,だいまどうのぼうし｜だいまどうローブ上,大賢者の御手｜鉄壁の呪いガード｜ドルマ系呪文の真髄,創生の邪洞｜真のコニウェア平原｜ねじれたる異形の大地｜悠久の回廊
369,アモデウス,怪人系,671,14,にじいろの布きれ,ビーナスのなみだ,ラクリマタクト,鉄壁のはどうガード｜ホーリーライトの極意｜パニパニハニーの技巧,ポポリアきのこ山｜偽レビュール街道北
370,ギガントヒルズ,ドラゴン系,705,14,大きなうろこ,ドラゴンのツノ,黄竜のはちまき｜黄竜の道着,不屈の闘志｜始まりのバイシオン｜ブレスクラッシュの極意,アズラン地方｜ギルザッド地方｜クエド丘陵｜冥王の心臓｜偽メルサンディ穀倉帯｜真のワルド水源｜古・バントリユ地方｜現・バントリユ地方
371,せつげんりゅう,ドラゴン系,680,13,まんねん雪,しもふりミート,ふぶきのオノ,鉄壁のしばりガード｜ドラゴン斬りの極意｜氷結らんげき系の極意,ラギ雪原｜ゴズ渓谷｜白霜の流氷野｜辺境の雪山
372,パンプキッズ,植物系,795,8,まりょくの土,ベジタブル家具の本,トレジャーキャップ｜トレジャーコート上,鉄壁の混乱ガード｜ロイヤルステップの技巧｜果てなきマジステッキ,真のこもれびの広場
373,まおうのつかい,ゾンビ系,686,16,小さなホネ,青い宝石,大獄剣,始まりのルカニ｜ぶんまわしの極意｜フリーズブレードの極意,モリナラ大森林｜冥王の心臓｜偽ナシームの洞くつ｜ねじれたる異形の大地｜真のナシームの洞くつ｜悠久の回廊
374,モヒカント,けもの系,939,5,けものの皮,幻獣の皮,グレートマント｜グレートグラブ,サプライズラッシュの極意｜心頭滅却の瞬き｜せいけん突きの極意,偽レビュール街道北｜偽レビュール街道南
375,バッファロン,けもの系,973,2,破魔石,幻獣のホネ,グレートヘルム｜グレートグリーブ,武神の豪腕｜めいそうの奇跡｜スキルクラッシュの極意,偽レビュール街道南｜偽レビュール街道北
376,ファンキードラゴ,ドラゴン系,710,12,小さなうろこ,竜のおまもり,クリスタルクロー,忍耐のMP回復｜タナトスハント系の極意｜百花繚乱系の真髄,ポポリアきのこ山
377,サンダーシャウト,物質系,872,9,てっこうせき,いかずちのたま,ライトニングソード｜ライトニングダガー｜トールナイフ,いなずまの極意｜雷鳴双牙の極意｜サンダーボルトの極意,ダラリア砂岩遺跡｜真のグランゼドーラ領｜魔幻宮殿｜迅雷の丘｜古グランゼドーラ領
378,グレイトライドン,ゾンビ系,706,19,うまのふん,さじんのやりのレシピ,ゼレスタイトの大盾,ヘナトスの盾｜一閃突き系の極意｜さみだれ突き系の極意,ベコン渓谷｜チョッピ荒野｜偽りのソーラリア峡谷｜ソーラリア峡谷｜魔幻宮殿
379,ブルーイーター,あくま系,722,10,ガマのあぶら,赤い宝石,クリムゾンメイル上｜クリムゾングローブ,始まりのバイシオン｜無念無想の奇跡｜スキルクラッシュの極意,ザグバン丘陵｜狩人のほら穴｜偽りの海風の洞くつ｜宇宙船・立入禁止区画
380,スライムボーグ,スライム系,797,11,てっこうせき,ヘビーメタル,魔技師メット｜魔技師ベスト｜魔技師ズボン,果てなきどうぐ倍化術｜果てなきどうぐ範囲化術｜デュアルブレイカーの極意,ダラリア砂岩遺跡｜天水の聖塔｜翠嵐の聖塔｜輝きの草原｜三闘士の憤怒
381,ダークパンサー,けもの系,726,18,けものの皮,黒ヒョウのツメの秘密,黒ヒョウのツメ,鉄壁のおびえガード｜フェンリルアタックの極意｜サイクロンアッパーの極意,ベコン渓谷｜デマトード高地｜ヴェリナード領西｜偽りのソーラリア峡谷｜真のワルド水源｜ソーラリア峡谷｜ドラクロン山地｜ドランド平原
382,レッドイーター,あくま系,722,10,へびのぬけがら,青い宝石,クリムゾンメイル下｜クリムゾングリーブ,鉄壁のどくガード｜復讐のテンションアップ｜やいばくだきの極意,ザグバン丘陵｜狩人のほら穴｜偽りの海風の洞くつ｜宇宙船・立入禁止区画
383,ギガンテス,あくま系,769,12,じょうぶな枝,らせつのこんの作り方,ギガスクラッパー,まじん斬りの極意｜シールドブレイクの極意｜ランドインパクトの極意,ポーポラ地方｜ラーディス王島｜エゼソル峡谷｜冥王の心臓｜偽りのセレドット山道｜偽りのジャイラ密林｜偽レビュール街道南｜真のワルド水源｜サザミレ草原｜古レビュール街道南
384,コサックシープ,怪人系,917,13,みかわしそう,音符の家具のセレナーデ,ひつじのころも上｜ひつじのてぶくろ,天使の守りの瞬き｜果てなきタップダンス｜らせん打ちの技巧,偽りの古き神の遺跡｜真のセレドット山道｜古き神の遺跡｜古・ティプローネ高地｜現・ティプローネ高地｜宵の神殿
385,じめじめバブル,スライム系,758,5,まほうの小ビン,特どくけしそう,ルーンバックラー｜みかがみの盾,鉄壁の幻惑ガード｜あんこくのきりの技巧｜スリープダガーの技巧,バカン山道｜魔瘴調査区画｜創生の邪洞｜ねじれたる異形の大地｜真の海風の洞くつ｜天ツ風の原｜古・ティプローネ高地｜現・ティプローネ高地
386,プロメテモス,虫系,870,8,ホカホカストーン,破幻のリング,精霊王のクローク上｜精霊王のクローク下,ザオの瞬き｜ピオラ系呪文の瞬き｜ボミエ系呪文の瞬き,赤熱の荒野｜カルデア溶岩帯
387,くろカビこぞう,物質系,963,6,緑のコケ,特どくけしそう,賢哲のターバン｜賢哲のころも下,大賢者の御手｜魔力のバラードの瞬き｜隠者の閃き,スイのやしろ｜真のゼドラ洞
388,デスプリースト,ゾンビ系,765,23,どくけしそう,せいれいの杖の書,フォーチュンローブ｜フォーチュングラブ,いつくしむ心｜魔力かくせいの瞬き｜バギ系呪文の真髄,カルデア山道の横穴｜バドリー岩石地帯｜オルセコ高地｜真の魔女の森｜真の海風の洞くつ
389,グリンバングル,あくま系,750,14,するどい爪,カラフル風船キットの本,武神の道着上｜武神の腕帯,神業の手｜真・やいばくだきの極意｜ゴールドフィンガーの極意,落陽の草原｜モンセロ温泉峡｜真のジャイラ密林｜悠久の回廊｜古・ティプローネ高地｜現・ティプローネ高地
390,じごくのもんばん,あくま系,721,10,こうもりのはね,パープルアイ,サリエルの大鎌,鉄壁のどくガード｜ヒュプノスハントの極意｜魂狩りの極意,ラーディス王島｜エピステーサ丘陵｜オルセコ高地｜神殿レイダメテス｜真のナシームの洞くつ｜オルセコ王国領
391,ヒョウモンダーク,水系,1444,5,よごれたほうたい,破毒のリング,轟雷のやり,ヘナトス系の瞬き｜ぶきみなひかりの瞬き｜波紋演舞の極意,オーフィーヌ海底｜古・残響の海蝕洞｜現・残響の海蝕洞
392,スライム・強,スライム系,1062,1,いやしそう,スライムおしゃれ花,スライムウィップ｜スライムショット,ザオの戦域｜打たれ名人｜スライムブロウの極意,デスディオ暗黒荒原｜ゲルヘナ幻野｜ベルヴァインの森東
393,カバリアー,けもの系,758,15,けものの皮,まじゅうのホネ,ふんさいのおおなた,不滅のテンション｜果てなき守備力アップ｜かぶと割りの極意,ヴェリナード領南｜ケラコーナ原生林｜偽りのワルド水源｜偽りのセレドット山道｜偽りのロヴォス高地｜モンセロ温泉峡
394,いたずらもぐら・強,けもの系,1246,2,プラチナこうせき,マデュライト,金剛のこん,不滅のテンション｜足ばらいの技巧｜冥王のかまの極意,バルディア山岳地帯｜ザハディガル岩峰
395,アックスドラゴン,ドラゴン系,941,15,小さなホネ,竜のおまもり,神域のオノ｜破天の麗斧,始まりのバイシオン｜ブレイブスラッシュの極意｜オノむそう系の極意,偽グランゼドーラ領｜真のレビュール街道北｜煉獄の谷｜古レビュール街道北
396,イエロバングル,あくま系,750,14,するどい爪,カラフル風船キットの本,武神の道着下｜武神の脚帯,武神の豪腕｜共鳴のテンションアップ｜始まりのヘナトス,落陽の草原｜モンセロ温泉峡｜真のジャイラ密林｜悠久の回廊｜古・ティプローネ高地｜現・ティプローネ高地
397,トロル,あくま系,611,12,ふさふさの毛皮,ぶどうエキス,バレットハンマー,不屈の闘志｜不滅の攻撃力アップ｜禁断のおもさアップ,グレン領東｜カミハルムイ領北｜ボロヌス溶岩流｜ブーナー熱帯雨林｜冥王の心臓｜真のセレドット山道｜古・ティプローネ高地｜現・ティプローネ高地
398,エビルソーサラー,あくま系,941,15,まほうの小ビン,まほうの樹木,エンパイアブレード,いつくしむ心｜真・やいばくだきの技巧｜ロイヤルステップの技巧,真のローヌ樹林帯｜魔幻宮殿
399,モーモン・強,あくま系,992,1,ふさふさの毛皮,やわらかウール,賢哲のころも上｜賢哲のころも下｜賢哲のうでわ,鉄壁のMP吸収ガード｜死神のタロットの極意｜果てなき血吸いの守り,ベルヴァインの森西｜ガウシア樹海
400,ブランマトック,けもの系,917,7,ぎんのこうせき,マデュライト,ポップンロッド,不滅のテンション｜足ばらいの技巧｜なぎはらいの極意,ダラリア砂岩遺跡｜偽りの古き神の遺跡｜真のセレドット山道｜古き神の遺跡｜天ツ風の原｜古・エテーネ王国領｜現・エテーネ王国領｜神具解放の審問宮2｜神具解放の審問宮3
401,ヒポせんし,けもの系,769,12,上やくそう,カルサドラアックスの書,カイザーアックス,ふんばり魂｜果てなきテンションバーン｜かぶと割りの極意,ジュレー島下層｜エゼソル峡谷｜ダラリア砂岩遺跡｜古・バントリユ地方｜現・バントリユ地方
402,いっかくウサギ・強,けもの系,1079,2,ふさふさの毛皮,まじゅうのツノ,星石のハルバード,韋駄天の足｜バトルマスターの閃き｜一閃突き系の極意,ゲルヘナ幻野
403,ファーラット・強,けもの系,1245,3,ふさふさの毛皮,大地の羽毛,開祖のぼうし｜開祖の道着上｜開祖のてぶくろ,ボミエ系呪文の技巧｜禁断のきようさアップ｜いやしのメロディの戦域,グラデル台地
404,ヘルジュラシック,ドラゴン系,767,13,やわらかい肉,ドラゴンのツノ,タイフーンレザー上｜タイフーンブーツ,韋駄天の足｜ドラゴンステップの技巧｜果てなきブーストオーラ,バドリー岩石地帯｜チョッピ荒野｜死せる結晶の荒野｜偽リンジャハル海岸｜モンセロ温泉峡｜真のアラハギーロ地方｜ドラクロン山地｜迅雷の丘｜ナドラガンドの混沌
405,さそりばち・強,虫系,1294,2,大きなこうら,ドラゴンのホネ,神域の短剣,始まりの移動速度アップ｜戦士の閃き｜デュアルカッターの極意,バルディア山岳地帯
406,ドラキー・強,鳥系,1034,2,こうもりのはね,よるのとばり,神域の杖｜黄昏の魔杖,禁断のこうげき魔力アップ｜賢者の閃き｜邪炎波の極意,旧ネクロデア領｜ベルヴァインの森西
407,ぶっちズキーニャ,植物系,811,10,ネコすな,ラッキーペンダント,ブラッドスピアー,先見の眼｜バイキルト系呪文の瞬き｜さみだれ突き系の極意,烈火の渓谷｜古・エテーネ王国領｜現・エテーネ王国領｜フォーリオン造成地
408,めいふのばんにん,物質系,987,11,まほうの小ビン,よるのとばり,退魔の装束上｜退魔のうでわ,鉄壁のみとれガード｜タタリ目演舞の極意｜ダークネスショットの極意,真の魔女の森｜ねじれたる異形の大地｜悠久の回廊｜アヴィーロ遺跡｜古・バントリユ地方｜ダラズ大鉱脈｜現・バントリユ地方
409,リビングデッド,ゾンビ系,548,9,よごれたほうたい,黒ぶちメガネ角,やいばのよろい上｜やいばのこて,不屈の闘志｜ヴァイパーファングの技巧｜黄泉送りの極意,ラニ大洞穴｜ジュレリア地下廃坑｜ジュレイダ連塔遺跡｜偽りの魔女の森｜偽りの海風の洞くつ｜真のナシームの洞くつ
410,バブルスライム・強,スライム系,1525,5,どくどくヘドロ,特どくけしそう,天河のジャンビーヤ｜グラフィアス｜ファントムダガー,鉄壁のどくガード｜ヴェレ系の技巧｜ヴァイパーファングの極意,ゲルヘナ幻野
411,ねこまどう・強,けもの系,1498,4,天使のすず,炎魔の焼け石,セレニティワンド｜征魔の黒杖｜輝天の杖,復讐の早詠みの杖｜魔法使いの閃き｜エナジーフォールの極意,ゲルヘナ幻野
412,シーザーレインボー,虫系,787,12,にじいろの布きれ,黄色の宝石,精霊王のクローク上｜精霊王の脚帯,あんこくのきりの技巧｜ヒュプノスハントの極意｜タナトスハント系の極意,ポポリアきのこ山｜偽りのリャナ荒涼地帯｜偽アラハギーロ地方｜真のジャイラ密林
413,とげジョボー,物質系,929,8,にじいろの布きれ,妖精の綿花,エンシェントククリ,鉄壁の即死ガード｜始まりの聖女の守り｜やいばのぼうぎょの極意,ダラリア砂岩遺跡｜真のリンジャの塔
414,ランタンこぞう,物質系,1663,8,ガマのあぶら,せいじゃのはい,大怪傑のはちまき｜大怪傑の装束上｜大怪傑のブーツ,ひばしらの極意｜呪詛の極意｜メラ系とギラ系呪文の極意,ゲルヘナ幻野｜ブラニック採石場｜銀の森
415,ヘルカッチャ,マシン系,780,12,大きなこうら,マジックファンの本,ドラゴンキラー｜ドラゴンバスター,天使の守りの瞬き｜ゴッドジャグリングの極意｜裂鋼拳の極意,ダラズ採掘場｜真のリンジャハル海岸｜ラゼアの風穴｜ダラズ大鉱脈
416,ゴースト・強,ゾンビ系,1371,3,よごれたほうたい,せいじゃのはい,アビスハット｜アビスセーラー上｜アビスブーツ,大賢者の御手｜びっくりルーレットの極意｜呪詛の極意,ゼクレス城・宝物庫｜ゼクレス城・地下｜魔幻都市ゴーラ跡
417,ベレス,あくま系,792,13,こうもりのはね,よるのとばり,ワルキューレ,一閃突き系の極意｜狼牙突きの極意｜果てなきハデスの宴,ジュレー島上層｜偽りのリンジャの塔｜創生の邪洞｜真のリンジャの塔｜雄峰ランドン
418,ウコバック,怪人系,839,6,ガマのあぶら,赤い宝石,ヴァイパーコート｜ヴァイパーグローブ,ディバインスペルの技巧｜ラリホー系呪文の技巧｜マヌーサの瞬き,フェザリアス山｜天ツ風の原
419,エリミネーター,怪人系,964,12,てっこうせき,おうごんのかけら,チェイサーレザー下｜チェイサーアーム,ためる弐の極意｜とうこん討ちの極意｜もろば斬りの極意,真のワルド水源｜真のセレドット山道｜真のリャナ荒涼地帯｜真のロヴォス高地｜古・ティプローネ高地｜古レビュール街道北｜古ロヴォス高地｜現・ティプローネ高地
420,おおきづち・強,怪人系,1353,5,ふさふさの毛皮,ヘビーメタル,おおきづち｜星球の鉄槌｜ヘビースタンプ,奥義・棍閃殺の真髄｜キャンセルショットの技巧｜プレートインパクトの真髄,グラデル台地｜ジャリムバハ砂漠
421,プチアーノン・強,水系,1363,3,大きな貝がら,せいれいせき,ルネッサンステッキ｜エイルのスティック,サインぜめの極意｜スピリットゾーンの戦域｜双竜打ちの極意,血潮の浜辺｜閉ざされた水路｜ジャリムバハ砂漠
422,ドルイド,怪人系,1632,12,暗黒の樹木,理性のリング,神域の杖｜黄昏の魔杖｜ミネルバの聖杖,大賢者の御手｜マホトーンの技巧｜バギ系呪文の極意,影の谷｜迅雷の丘｜古・バントリユ地方｜ドランド平原｜鬼岩城｜現・バントリユ地方｜フォーリオン造成地
423,レジェンドホース,けもの系,975,18,ほしのカケラ,幻獣の皮,クロスペンデュラム｜ボルケーノウィップ,始まりのチャージタイム短縮｜始まりの移動速度アップ｜シャイニングボウの極意,スイのやしろ
424,エルダードラゴン,ドラゴン系,1012,5,小さな化石,幻獣のホネ,エンシェントワンド,いつくしむ心｜勝ちどきMP回復｜始まりの重さダウン,偽りのロヴォス高地｜真のワルド水源｜真のリャナ荒涼地帯｜ねじれたる異形の大地｜真のレビュール街道南｜真のレビュール街道北｜真のロヴォス高地｜ドラクロン山地｜ドランド平原
425,フォレスドン,鳥系,820,16,しんせんたまご,ビーストウィップの秘密,求道者の道着上｜求道者の道着下,鉄壁のおびえガード｜始まりのチャージタイム短縮｜おたけびの技巧,サーマリ高原｜ギルザッド地方｜落陽の草原｜偽レビュール街道南｜偽レビュール街道北
426,いしにんぎょう,物質系,761,12,つけもの石,ブラックパール,凱歌のヘルム｜凱歌のよろい上,ルカニ系呪文の技巧｜メダパニ系呪文の技巧｜ザオラルの瞬き,烈火の渓谷｜ガイオス古海
427,ツイストーチ,物質系,1000,12,まほうの小ビン,きんかい,ラヴィアンローズ,プラズマリムーバーの瞬き｜回復のララバイの瞬き｜おうぎのまい系の極意,真のリンジャハル海岸｜魔幻宮殿
428,なげきの亡霊,ゾンビ系,791,16,小さなホネ,マグマの杖のレシピ,不死者の魔杖,大賢者の御手｜ドルマ系呪文の極意｜果てなき早詠みの杖,ジュレイダ連塔遺跡｜呪われた大地｜偽りの海風の洞くつ｜真のコニウェア平原｜ねじれたる異形の大地｜悠久の回廊｜ガイオス古海｜天ツ風の原
429,ベルフェゴル,あくま系,825,15,破魔石,はやてのリング,魔弓サジタリウス,大賢者の御手｜メラ系とギラ系呪文の極意｜おたけびの技巧,ミュルエルの森｜ジュレイダ連塔遺跡｜ケラコーナ原生林｜真のジャイラ密林｜天ツ風の原｜古レビュール街道南｜自然遺産保護区
430,ジェイドフレア,エレメント系,903,5,炎の樹木,緑の宝石,精霊王のクローク上｜精霊王のクローク下,イオ系呪文の極意｜果てなき早詠みの杖｜かまいたちの極意,偽りの古き神の遺跡｜偽ナシームの洞くつ｜古き神の遺跡｜煉獄の谷｜オルセコ王国領｜エルトナの混沌
431,ドラゴスライム,スライム系,1050,10,小さなうろこ,ドラゴンの皮,族長のケープ上｜族長のブーツ,ファイアフォースの護り｜ホップスティックの戦域｜せいけん爆撃の極意,影の谷｜天水の聖塔｜迅雷の丘｜古レビュール街道南｜フォーリオン造成地
432,ぶちスライム,スライム系,1031,12,上やくそう,ゴールドストーン,エンジェルウィング,鉄壁の風耐性｜デュアルカッターの極意｜レボルスライサーの極意,迅雷の丘｜フォーリオン造成地
433,サウルスロード,けもの系,829,10,大きなこうら,まじゅうのホネ,やいばのよろい下｜やいばのグリーブ,鋼鉄の肉体｜たいあたりの極意｜やいばのぼうぎょの極意,ガートラント領｜ヴェリナード領南｜チョッピ荒野｜偽りのロヴォス高地｜真のロヴォス高地｜ドラクロン山地｜古ロヴォス高地
434,スターレミング,けもの系,1133,15,おいしいミルク,星空のラグの絵本,スターダムスーツ｜スターダムブレス｜スターダムシューズ,戦場のヴィーナス｜ゴッドジャグリングの極意｜双竜打ちの極意,真のリャナ荒涼地帯｜天ツ風の原｜豊穣の密林
435,メーダ・強,虫系,1440,4,へびのぬけがら,いかずちのたま,魔石球のムチ｜妖蛇のムチ｜クラッシュチェーン,禁断のMPアップ｜いなずまの極意｜霊脈魔法陣の戦域,魔幻都市ゴーラ跡
436,エビルトレント,植物系,1097,6,サバンナウッド,せかいじゅの葉,陰陽道のこん,鉄壁のみとれガード｜花ふぶきの技巧｜百花繚乱系の極意,真のローヌ樹林帯｜天ツ風の原｜古・バントリユ地方｜古レビュール街道北｜現・バントリユ地方｜ラランブラ山道
437,ゴールドマン,物質系,600,2500,ゴールドストーン,きんかい,,メタルトラップの技巧,
438,ボーンバット・強,ゾンビ系,1461,4,こうもりのはね,幻獣のホネ,大怪傑の装束下｜大怪傑のグローブ｜大怪傑のブーツ,ヘナトス系の技巧｜マグマの極意｜果てなき錬魔の秘法,旧ネクロデア領｜魔ルクスガルン大空洞
439,ボストロール,あくま系,770,10,ふさふさの毛皮,ちからのゆびわ,魔炎のおおづち,不屈の闘志｜禁断のちからアップ｜まじん斬りの極意,オルフェア地方東｜イナミノ街道｜エゼソル峡谷｜ガートラント領｜ヴァース大山林｜チョッピ荒野｜偽りのローヌ樹林帯｜偽りのリャナ荒涼地帯｜真のローヌ樹林帯｜真のセレドット山道｜ポルネア山｜ドランド平原｜鬼岩城
440,デスケルト,怪人系,1109,8,まほうの小ビン,やわらかウール,ひつじのずきん｜ひつじのくつ,ゴッドジャグリングの極意｜スパークショットの極意｜双竜打ちの極意,魔幻宮殿｜悠久の回廊｜宵の神殿
441,きめんどうし,怪人系,780,10,さとりそう,モノクル,万物流転の杖,メラ系呪文の瞬き｜メダパニ系呪文の瞬き｜果てなき超魔力かくせい,赤熱の荒野
442,やつざきアニマル,けもの系,878,15,するどいキバ,モーモンラグのレシピ,風虎のうでわ｜究明者のグローブ｜クロッシュグローブ,フェンリルアタックの極意｜足ばらいの技巧｜タイガークローの極意,エゼソル峡谷｜モリナラ大森林｜ヴァース大山林｜偽りのロヴォス高地｜ムストの町｜古レビュール街道南｜ガタラ大山林
443,アッシュリザード,ドラゴン系,1000,14,みがきずな,竜の涙,アカシックソード｜邪紋のつるぎ,バイキルト系呪文の瞬き｜天光連斬の極意｜ドラゴン斬りの極意,烈火の渓谷｜カルデア溶岩帯｜フォーリオン造成地｜ナドラガンドの混沌
444,とこよアゲハ,虫系,1075,15,ちょうのはね,聖印のゆびわ,賢哲のころも上｜賢哲のうでわ,鉄壁の雷耐性｜カオスエッジの極意｜アゲハ乱舞系の極意,神獣の森｜古・バントリユ地方｜雪虫の洞くつ｜現・バントリユ地方｜豊穣の密林｜時の王者の悔恨｜神具解放の審問宮2｜神具解放の審問宮3
445,ミミック,物質系,607,10,ウルベア銀貨,きんのネックレス,トレジャーコート下｜トレジャーグローブ,果てなき聖女の守り｜スキルクラッシュの技巧｜果てなきどうぐ範囲化術,真のピラミッド
446,メタッピー・強,マシン系,1452,4,プラチナこうせき,マデュライト,族長のバンダナ｜族長のケープ下｜族長のブーツ,会心必中の極意｜ネメシスエッジの極意｜アゲハ乱舞系の真髄,ザード遺跡｜血潮の浜辺
447,マミー,ゾンビ系,1073,4,よごれたほうたい,特やくそう,ヴァンガードハット｜ヴァンガードグラブ,始まりのラリホー｜サプライズラッシュの極意｜スリープダガーの技巧,偽ナシームの洞くつ｜真の魔女の森｜真のピラミッド
448,デビルプリンス,あくま系,872,21,こうもりのはね,ドラキーラグのレシピ,サイレントアンガー,鉄壁の即死ガード｜果てなきミラクルブースト｜果てなき蒼月の守り,呪われた大地｜烈火の渓谷｜天水の聖塔
449,ほのおのせんし,エレメント系,901,10,炎の樹木,赤い宝石,フューリーブレード｜業炎の大剣｜アポロンのオノ,ルカニ系呪文の瞬き｜火球ブレスの極意｜メラ系とギラ系呪文の真髄,赤熱の荒野｜古・ティプローネ高地｜カルデア溶岩帯｜現・ティプローネ高地
450,エルダーフレイム,エレメント系,720,10,レッドベリー,赤い宝石,エンシェントワンド｜天恵石の杖,先見の眼｜マジックバリアの瞬き｜不死鳥天舞の極意,フェザリアス山｜古グランゼドーラ領
451,笛吹き羊男,怪人系,1553,3,レッドベリー,やわらかウール,ひつじのころも上｜ひつじのころも下,果てなきマホトラのころも｜紅蓮蝶のきりの戦域｜よみがえり節の瞬き,天水の聖塔｜古ロヴォス高地｜銀の森｜宵の神殿
452,ぬすっとウサギ・強,けもの系,1605,6,けものの皮,まじゅうの皮,大怪傑のはちまき｜大怪傑の装束下｜大怪傑のブーツ,神業の手｜マジックルーレットの戦域｜ムーンサルトの極意,バルディア山岳地帯｜ブラニック採石場
453,スカラベキング,虫系,962,12,大きなこうら,破毒のリング,降魔のよろい上｜降魔のよろい下,始まりのキラキラポーン｜ゴッドジャグリングの極意｜スキャンダルの技巧,ダラリア砂岩遺跡｜ゴブル砂漠東｜風車の丘｜ゴブル砂漠西｜ヴェリナード領西｜偽リンジャハル海岸｜偽レビュール街道北｜真のデフェル荒野｜古レビュール街道北｜自然遺産保護区
454,キャタピラー・強,虫系,1070,5,ちょうのはね,げんませき,フォーチュンローブ｜フォーチュンボトム｜フォーチュンブーツ,禁断のきようさアップ｜復活の魅惑の水晶球｜ばくれつきゃくの極意,ガウシア樹海
455,もみじこぞう・強,植物系,1567,5,あやかしそう,つきのめぐみ,賢哲のターバン｜賢哲のころも上｜賢哲のくつ,韋駄天の足｜霊脈魔法陣の戦域｜百花繚乱系の極意,ゲルヘナ幻野
456,ずしおうまる,あくま系,978,14,大きなうろこ,グラコスの日記,デュークアックス,天下無双の極意｜おたけびの技巧｜超はやぶさ斬りの極意,ジュレー島上層｜スイのやしろ｜落陽の草原｜ヴェリナード領西｜偽りのワルド水源
457,サイコマスター,あくま系,1309,12,まほうの小ビン,いかずちのたま,オートクレール,武神の豪腕｜勝ちどきMP回復｜つるぎの舞の極意,偽りの古き神の遺跡｜真のリンジャの塔｜古き神の遺跡｜魔幻宮殿｜悠久の回廊
458,おにこぞう・強,怪人系,1476,6,にじいろの布きれ,まじゅうのツノ,レギオンメイル上｜レギオンメイル下｜レギオングリーブ,マヌーサの技巧｜きまぐれの技巧｜果てなきハデスの宴,バルディア山岳地帯
459,リリパット・強,怪人系,1526,5,サバンナの水,天使のソーマ,緋赤鳥の弓｜シェキナーの弓｜輝天の弓,さみだれうち系の極意｜さみだれうち系の真髄｜サンライトアローの極意,ゲルヘナ幻野
460,メラゴースト・塔,エレメント系,2282,2,まほうの小ビン,赤い宝石,アンテイクドレス上｜アンテイクグローブ,,創失の塔
461,スライムベホマズン,スライム系,774,16,上やくそう,スライムカーペットの本,ポールスターハット｜ポールスターボトム｜ポールスターのくつ,天使の守りの瞬き｜ホーリーライトの極意｜果てなき早詠みの杖,ポポリアきのこ山｜偽りのセレドット山道｜フォーリオン造成地
462,ももんじゃ,けもの系,1297,8,ふさふさの毛皮,大地の羽毛,巨商のころも｜巨商の前かけ｜巨商のサンダル,鉄壁の踊りガード｜復讐の聖女の守り｜なめまわしの技巧,古・エテーネ王国領｜現・エテーネ王国領
463,どくろあらい・強,けもの系,1601,6,けものの皮,幻獣のホネ,ネヴァンヘルム｜ネヴァンメイル下｜ネヴァングラブ,ネバネバ爆弾の戦域｜キャンセルショットの技巧｜ギガスローの極意,ザハディガル岩峰
464,ダーティードール,物質系,1361,13,シルク草,よるのとばり,神域の短剣,鉄壁の即死ガード｜勝ちどきMP回復｜ためる参の極意,真のピラミッド｜魔幻宮殿｜烈火の渓谷｜天ツ風の原｜オルセコ王国領
465,メギドロイド,マシン系,955,7,ようがんのカケラ,赤い宝石,業炎の大剣,鉄壁の攻撃呪文耐性｜ヘナトス系の技巧｜真・やいばくだきの技巧,業炎の聖塔｜冥闇の聖塔｜灼熱の溶岩窟｜三闘士の憤怒
466,グリゴリぼうず,怪人系,1301,5,こうもりのはね,おうごんのかけら,カテドラルローブ｜カテドラルグローブ｜カテドラルシューズ,聖女の守りの戦域｜天使の守りの瞬き｜天使の矢の極意,神儀の護堂｜天涙の大水源｜神具解放の審問宮1｜神具解放の審問宮3
467,バザックス,けもの系,1058,18,大きなこうら,まじゅうの皮,騎神のよろい｜騎神のグリーブ,たいあたりの極意｜大ぼうぎょの極意｜グランドネビュラの極意,デマトード高地｜チョッピ荒野｜偽りのローヌ樹林帯｜真のワルド水源
468,ブルファング,けもの系,1262,18,ふさふさの毛皮,幻獣の皮,トライバルヘッド｜トライバルボトム,復讐のバイシオン｜無念無想の奇跡｜無心こうげきの極意,創生の邪洞｜真のアラハギーロ地方
469,レッドオーガ,けもの系,1338,7,大きなホネ,幻獣のホネ,トライバルトップ｜トライバルグローブ,共鳴のテンションアップ｜ためる参の極意｜とうこん討ちの極意,創生の邪洞｜真のアラハギーロ地方
470,ピッキー・強,鳥系,1676,4,ふさふさの毛皮,かぜきりのはね,レギオンヘルム｜レギオンメイル上｜レギオングローブ,ストームフォースの護り｜おうぎ乱舞系の極意｜バードシュートの極意,グラデル台地｜バルディア山岳地帯
471,おおくちばし・強,鳥系,1725,5,するどい爪,大地の羽毛,妖鳥のくちばし,先見の眼｜逆境の身かわしアップ｜一喝の極意,バルディア山岳地帯
472,ケミカルゼリー,物質系,726,8,まりょくの土,緑の宝石,クイックハット｜クイックジャケット,戦場のヴィーナス｜ぶきみなひかりの技巧｜ディバインステッキの技巧,影の谷
473,しにがみのきし,あくま系,1030,14,破魔石,ロイヤルチャーム,サリエルの大鎌,ルカニの盾｜果てなきミラクルブースト｜ガーディアンの閃き,風車の丘｜真のリャナ荒涼地帯｜氷晶の聖塔｜自然遺産保護区｜ゲルヘナ幻野
474,はめつの使者,あくま系,1746,21,ほしのカケラ,よるのとばり,聖賢者のローブ上｜聖賢者のバングル,深淵なる叡智｜復讐の聖なる祈り｜禁断のかいふく魔力アップ,天水の聖塔
475,スライムブレス,スライム系,1302,11,小さなうろこ,スライムおしゃれ花,賢哲のころも下｜賢哲のうでわ,神業の手｜先見の眼｜始まりの聖女の守り,とこしえの氷原｜辺境の雪山｜輝きの草原｜三闘士の憤怒
476,ヌーデビル,けもの系,1373,10,けものの皮,グリーンアイ,チェイサーレザー下｜チェイサーアーム,鉄壁のふっとびガード｜禁断のおもさアップ｜フェンリルアタックの極意,エゼソル峡谷｜ベコン渓谷｜チョッピ荒野｜偽りのローヌ樹林帯｜真のローヌ樹林帯｜古・エテーネ王国領｜現・エテーネ王国領｜豊穣の密林
477,ギガントドラゴン,ドラゴン系,1382,18,やわらかい肉,ドラゴンの皮,降魔のよろい上｜降魔のよろい下,始まりの重さダウン｜ブレスクラッシュの極意｜バギ系呪文の極意,モリナラ大森林｜偽グランゼドーラ領｜モンセロ温泉峡｜ドランド平原
478,ベノムピード,虫系,1172,8,ちょうのはね,緑の宝石,グラフィアス｜クレセントダガー,鉄壁のしばりガード｜ヴァイパーファングの技巧｜しばり打ちの技巧,魔瘴調査区画｜影の深底｜バルディア山岳地帯｜豊穣の密林
479,ぬくぬくどり,鳥系,732,8,ホカホカストーン,レッドアイ,エトワールコート上｜エトワールグローブ,ボミエ系呪文の技巧｜マヌーサの技巧｜ぶきみなひかりの技巧,白霜の流氷野｜神具解放の審問宮2｜神具解放の審問宮3
480,ダークシルフ,植物系,1261,11,暗黒の樹木,破呪のリング,ソポスの額冠｜ソポスのころも下｜ソポスのサンダル,大賢者の御手｜禁断のこうげき魔力アップ｜ドルマ系呪文の極意,白霜の流氷野｜辺境の雪山
481,ブラックベジター,植物系,1566,11,あやかしそう,ナイトメアリーフ,神域のやり,不屈の闘志｜ルカニの盾｜狼牙突きの極意,ブオーンの体内｜影の谷｜神獣の森｜古ロヴォス高地
482,パンドラボックス,物質系,900,17,ウルベア金貨,メタルのカケラ,チェイサーバンド｜チェイサーレザー上,果てなき聖女の守り｜スキルクラッシュの技巧｜果てなきどうぐ範囲化術,
483,ダークプラネット,物質系,1384,24,まりょくの土,破幻のリング,ダークスター,深淵なる叡智｜果てなき攻撃力アップ｜ドルマ系呪文の極意,創生の邪洞｜ねじれたる異形の大地
484,ダークキャンドル,物質系,1572,14,ふしぎなドロドロ,赤い宝石,ガテリアの宝剣,鉄壁のおびえガード｜ダークフォースの護り｜ダークネスショットの極意,影の谷｜イル・ラビリンス
485,しびれだんびら・強,物質系,1808,8,どくがのこな,ヘビーメタル,業炎の大剣｜ベルセルクブレード｜ダインスレイフ,鉄壁のマヒガード｜ぶんまわしの真髄｜災いの斬撃の極意,ザード遺跡｜封神の参道
486,バロンナイト,マシン系,1377,15,破魔石,ヘビーメタル,機工博士のぼうし｜機工博士のコート下,始まりのキラキラポーン｜ためる弐の極意｜鉄甲斬系の極意,ジュレイダ連塔遺跡｜風車の丘｜偽りのセレドット山道｜王立アルケミア｜ガタラ大山林｜自然遺産保護区
487,コンキスタグール,ゾンビ系,1566,11,みがきずな,幻獣のホネ,アカシックソード｜邪紋のつるぎ｜呪印のつるぎ,ラリホー系呪文の瞬き｜アヌビスアタックの極意｜いなずまの極意,古グランゼドーラ領｜ファボル鉱山｜時の王者の悔恨
488,セルゲイナス,あくま系,1386,17,大きなうろこ,たつじんのオノの本,グローリーアックス,武神の豪腕｜ヒャド系呪文の極意｜キラキラポーンの戦域,サーマリ高原｜ジュレイダ連塔遺跡｜偽リンジャハル海岸｜偽レビュール街道北｜真のリンジャハル海岸｜ガイオス古海
489,グーシオン,あくま系,1392,10,こうもりのはね,幻獣の皮,魔弓サジタリウス｜蒼穹の王,禁断のこうげき魔力アップ｜ドガン系呪文の瞬き｜フバーハ系呪文の瞬き,フェザリアス山｜翠嵐の聖塔｜古・ティプローネ高地｜現・ティプローネ高地｜砂上船
490,フラッペリン,あくま系,1506,10,さえずりのみつ,妖精の綿花,アテナの聖槍,忍耐のMP回復｜ヘナトス系の瞬き｜ロイヤルステップの技巧,とこしえの氷原｜辺境の雪山
491,マドハンド・強,ゾンビ系,3141,4,ふしぎなドロドロ,こんじきの雲,瑞雲のこて,鉄壁の土耐性｜始まりの魅惑の水晶球｜ゴールドフィンガーの極意,思案の洞くつ
492,ミステリドール,物質系,1614,13,まりょくの土,げんませき,武神の道着上｜武神の道着下,果てなき守備力アップ｜ラリホー系呪文の瞬き｜果てなきヘヴィチャージ,冥闇の聖塔｜オルセコ王国領
493,ヘルクラッシャー,ゾンビ系,1441,16,大きなホネ,続・暗殺武器の歴史,翠石の大剣,鉄壁のマヒガード｜無心こうげきの極意｜天下無双の極意,ザグバン丘陵｜偽りのデフェル荒野｜魔幻宮殿｜ムストの町｜ジャリムバハ砂漠
494,ランプのまじん,あくま系,1454,9,まほうの小ビン,タルトと安らかな午後,賢哲のターバン,ハッスルダンスの奇跡｜バギ系呪文の極意｜ピンクタイフーンの極意,偽ナシームの洞くつ｜真のデフェル荒野｜真のピラミッド
495,シルエト,エレメント系,1330,6,まりょくの土,レッドアイ,グレートマント｜グレートグラブ,忍耐のMP回復｜逆境の身かわしアップ｜フォースブレイクの技巧,真のデフェル荒野｜悠久の回廊｜影の谷
496,ダースギズモ,エレメント系,1362,13,どくどくヘドロ,いかずちのたま,退魔のぼうし｜退魔の装束下,鉄壁のブレス耐性｜ブレスクラッシュの技巧｜ヒャド系呪文の極意,とこしえの氷原｜氷晶の聖塔｜楽園
497,スピリットフレイム,エレメント系,1547,12,暗黒の樹木,緑の宝石,神託のローブ上｜神託のサンダル,不滅の回復呪文強化｜鉄壁のどくガード｜魔導の書の技巧,闇の辺獄｜翠嵐の聖塔｜ゼクレス城・地下｜フォーリオン造成地
498,ポイズントリル・強,エレメント系,2005,5,どくどくヘドロ,宵闇のジェル,天河のジャンビーヤ｜グラフィアス｜ファントムダガー,鉄壁のどくガード｜ヴェレ系の瞬き｜果てなきモンスターゾーン,ブラニック採石場｜封神の参道
499,くびかりぞく,怪人系,1533,13,大きな化石,ナイトメアリーフ,トライバルヘッド｜トライバルボトム,復讐の聖女の守り｜始まりのバイシオン｜鉄甲斬系の極意,闇の辺獄｜神墟ナドラグラム｜フォーリオン造成地
500,おばけヒトデ・強,水系,1918,4,とげウニ,げんませき,希水晶のブーメラン｜ファルコンウィング｜輝天のブーメラン,アゲハ乱舞系の真髄｜デュアルブレイカーの極意｜ギガシュートの極意,血潮の浜辺｜閉ざされた水路｜ジャリムバハ砂漠
501,ジラフマスター,けもの系,1600,15,みかわしそう,幻獣の皮,クリティカルロッド｜雷光のこん,会心練磨｜ギラ系呪文の瞬き｜黄泉送りの極意,オーフィーヌ海底｜ガタラ大山林｜天涙の大水源
502,ダークオルニス,鳥系,1428,19,大きな化石,かぜきりのはね,黒曜のマンダラ,鉄壁の攻撃呪文耐性｜禁断のこうげき魔力アップ｜シャイニングボウの極意,天ツ風の原｜古レビュール街道北｜雄峰ランドン
503,オーロラウンダ―,物質系,1386,16,なないろのまゆ,マデュライト,賢哲のころも上｜賢哲のくつ,鉄壁の即死ガード｜復讐のテンションアップ｜ザオラルの瞬き,とこしえの氷原｜雪虫の洞くつ｜三闘士の憤怒｜結晶の森
504,やみのしょくだい,物質系,1386,15,つけもの石,ナイトメアリーフ,妖貴妃のおうぎ｜プロセルピナ,いつくしむ心｜復讐のスカラ｜ハッスルダンスの戦域,大神殿・地下｜魔幻都市ゴーラ跡
505,ロードコープス,ゾンビ系,1567,15,よごれたほうたい,よるのとばり,セレニティワンド｜征魔の黒杖,ザオラルとザオリクの戦域｜果てなき聖女の守り｜ドルマ系呪文の極意,大神殿・地下｜旧ネクロデア領
506,しのどれい・強,ゾンビ系,2128,3,大きなホネ,幻獣のホネ,アポカリプス,足ばらいの技巧｜ランドインパクトの真髄｜魂狩りの極意,ゲルヘナ幻野｜旧ネクロデア領｜魔ルクスガルン大空洞
507,ブリザードマン,エレメント系,1392,15,氷のけっしょう,ロイヤルチャーム,ヴァランガアックス｜氷河のこん｜フリーズウィップ,鉄壁の氷耐性｜サプライズラッシュの技巧｜ロストアタックの極意,カーレルの氷雪洞｜雄峰ランドン
508,シャイニング,エレメント系,2310,13,とげウニ,炎魔の焼け石,ソポスの額冠｜ソポスのころも下｜ソポスのころも上,マヌーサの技巧｜アブソリュートレイの極意｜シャイニングボウの極意,古レビュール街道北｜ジャリムバハ砂漠
509,れんごくの番兵,怪人系,1562,25,サンドフルーツ,まじゅうのツノ,雷竜の大盾｜鉄壁の大盾｜魔界の大盾,鉄壁のブレス耐性｜スカラ系呪文の瞬き｜ズッシードの瞬き,フェザリアス山｜ドランド平原｜鬼岩城
510,ディアブラダ,あくま系,1202,8,するどい爪,よるのとばり,タンブラーバンダナ｜タンブラーボトム｜タンブラークロッグ,鉄壁の呪いガード｜果てなきタップダンス｜つるぎの舞の極意,魔瘴調査区画｜ジャリムバハ砂漠
511,デスストーカー,怪人系,1446,13,よごれたほうたい,赤い宝石,レギオンヘルム｜レギオンメイル下｜レギオングリーブ,奇跡の会心攻撃｜復讐のテンションアップ｜オノむそう系の真髄,闇の辺獄｜天ツ風の原｜古ロヴォス高地
512,クイーンスライム,スライム系,1300,19,ゆめみの花,スライムトレイ物語2,女王のムチ,スキャンダルの技巧｜ヒャド系呪文の極意｜スパークショットの極意,リンクル地方｜ラーディス王島｜偽りのセレドット山道｜とこしえの氷原｜自然遺産保護区｜天涙の大水源
513,ヒッポキング,けもの系,1542,13,上やくそう,キングアックスの書,聖王のオノ,果てなきテンションバーン｜鉄甲斬系の極意｜真・オノむそう系の極意,サーマリ高原｜真のワルド水源｜ムストの町｜古・バントリユ地方｜現・バントリユ地方
514,ガネーシャエビル,けもの系,1519,11,ぎんのこうせき,幻獣の皮,天恵石のつるぎ,気まぐれな追撃｜めいそうの奇跡｜超はやぶさ斬りの極意,ダラリア砂岩遺跡｜真のアラハギーロ地方｜悠久の回廊｜ガタラ大山林｜神具解放の審問宮2｜神具解放の審問宮3
515,ダックスビル,けもの系,1550,8,カチコチくるみ,大地の羽毛,グレイスフルハット,鉄壁の光耐性｜ルカニ系呪文の技巧｜正義のタロットの極意,鬼岩城｜ベルヴァインの森西｜ガウシア樹海
516,ガメゴン,ドラゴン系,1766,10,大きなこうら,水竜のうろこ,鉄壁のかぶと｜鉄壁のグローブ｜鉄壁のすねあて,ズッシードの瞬き｜果てなき聖光の鎧｜プレートインパクトの極意,古グランゼドーラ領
517,ゲルバトロス,鳥系,1553,13,するどい爪,幻獣のホネ,ヒュドラの弓,あんこくのきりの技巧｜ドルマ系呪文の極意｜ダークフォースの護り,ねじれたる異形の大地｜魔幻宮殿｜悠久の回廊｜翠嵐の聖塔
518,マーズフェイス,物質系,1584,13,ホカホカストーン,げんませき,フォーチュンボトム｜フォーチュングラブ,果てなき攻撃呪文威力アップ｜メラ系とギラ系呪文の極意｜果てなき蒼月の守り,真のアラハギーロ地方｜真のデフェル荒野｜魔幻宮殿｜影の谷｜グラデル台地
519,バジリスケイル,水系,1493,17,どくどくヘドロ,幻獣の皮,ケイオスネイル｜疾風のジャマダハル,気まぐれな追撃｜裂鋼拳の極意｜ライガークラッシュの極意,天ツ風の原｜古ロヴォス高地｜キュロン湿原
520,ぐんたいガニ・強,水系,2232,4,大きなこうら,マデュライト,シュバリエメイル下｜シュバリエハット｜シュバリエグリーブ,スカラ系呪文の瞬き｜大ぼうぎょの極意｜冥王のかまの極意,血潮の浜辺｜グラデル台地｜ベルヴァインの森西
521,トリカトラプス,けもの系,1496,14,大きなこうら,レッドアイ,天宮騎士のよろい上｜天宮騎士のこて,チャージタックルの極意｜プラズマリムーバーの瞬き｜ランドインパクトの極意,サーマリ高原｜バドリー岩石地帯｜死せる結晶の荒野｜偽りのリャナ荒涼地帯｜真のローヌ樹林帯｜真のリャナ荒涼地帯｜天ツ風の原
522,トンブレロ・強,けもの系,2029,5,けものの皮,まじゅうの皮,アビスハット｜アビスセーラー上｜アビスセーラー下,復讐の聖なる祈り｜紅蓮蝶のきりの戦域｜まねまねの極意,グラデル台地
523,ドラポヨロン,鳥系,1720,15,こうもりのはね,緑の宝石,ブルームシールド｜鷲王の盾,先見の眼｜レンジャーの閃き｜石つぶての極意,ドランド平原｜ザハディガル岩峰
524,ストーンマン,物質系,1502,12,つけもの石,水晶のインテリアの本,聖騎士のよろい上｜聖騎士のこて,鉄壁の会心完全ガード｜におうだちの極意｜シールドブレイクの技巧,ジュレー島上層｜ジュレイダ連塔遺跡｜バドリー岩石地帯｜ボロヌス溶岩流｜チョッピ荒野｜ランドン山脈｜偽りのセレドット山道｜偽りのソーラリア峡谷｜ソーラリア峡谷｜マデ神殿｜古レビュール街道北｜魔幻都市ゴーラ跡
525,ブルサベージ,あくま系,1454,14,大きなうろこ,いなずまのやりのレシピ,グローリーアックス,ためる弐の極意｜無心こうげきの極意｜蒼天魔斬の極意,ギルザッド地方｜ケラコーナ原生林｜偽りのローヌ樹林帯｜真のローヌ樹林帯｜ガタラ大山林
526,インフェルノ,エレメント系,1611,15,まりょくの土,げんませき,ソポスの額冠｜ソポスのころも上｜ソポスのうでわ,鉄壁の闇耐性｜ビッグバンの極意｜ナイトメアファングの極意,神墟ナドラグラム
527,バーサーカー,怪人系,1561,12,げんこつダケ,おうごんのかけら,族長のバンダナ｜族長のケープ上｜族長のケープ下,戦鬼の乱れ舞の瞬き｜煉獄魔斬の極意｜不死鳥天舞の極意,古・バントリユ地方｜現・バントリユ地方｜銀の森
528,原罪のやどりぎ,植物系,1989,8,きれいな枝,ナイトメアリーフ,氷獄鬼のこん｜輝天のこん,いつくしむ心｜復讐のスカラ｜果てなき回復呪文威力アップ,天涙の大水源｜命脈の神殿｜結晶の森
529,サーバルスカイ,けもの系,1977,7,サバンナの水,まじゅうの皮,ミラーアーマー上｜ミラーアーマー下｜ミラーガントレット,鉄壁のおびえガード｜マホカンタ系呪文の瞬き｜スタン弾ショットの極意,天涙の大水源｜キュロン丘陵
530,おおさそり,虫系,1992,12,どくけしそう,黄色の宝石,神域の短剣｜クレセントダガー,スーパースターの閃き｜ネメシスエッジの極意｜バイキルショットの極意,ダラズ大鉱脈｜血潮の浜辺｜ジャリムバハ砂漠
531,テンツク,虫系,1395,11,みかわしそう,ウルベア銀貨,ポールスターハット｜ポールスタートップ｜ポールスターのくつ,旅芸人の閃き｜ハッスルダンスの戦域｜スピリットゾーンの戦域,自然遺産保護区｜宇宙船・立入禁止区画｜銀の森｜神代の遺構
532,マッドファルコン,鳥系,1501,6,サンドフルーツ,大地の羽毛,妖貴妃のおうぎ｜ラクシュミー,会心練磨｜メダパニ系呪文の技巧｜ラッシュバーンの極意,古・バントリユ地方｜廃墟のドミネウス邸｜現・バントリユ地方｜現・ドミネウス邸｜バルディア山岳地帯｜フォーリオン造成地｜ムニエカ地方
533,おおがらす,鳥系,2190,8,大きなホネ,かぜきりのはね,サリエルの大鎌｜ワルキューレ,おたけびの技巧｜風斬りの舞の戦域｜ハデスの宴の極意,ジャリムバハ砂漠｜キュロン丘陵
534,メタルドラゴン,マシン系,1926,19,プラチナこうせき,ヘビーメタル,星辰の盾｜ドワチャカシールド,鉄壁の氷耐性,氷晶の聖塔｜楽園｜翠嵐の聖塔
535,シャドーサタン,あくま系,1673,12,とげウニ,烈風石,レギオンメイル上｜レギオングローブ,鉄壁のはどうガード｜復讐の早詠みの杖｜ホイミ系呪文の瞬き,迅雷の丘｜古グランゼドーラ領｜ジャゴヌバ神殿
536,ダークファンタズマ,エレメント系,1500,16,暗黒の樹木,ナイトメアリーフ,カテドラルミトル｜カテドラルグローブ,鉄壁のブレス耐性｜盗賊の閃き｜ダークマターの極意,魔瘴調査区画｜神墟ナドラグラム｜銀の森
537,黒ごまキッズ,植物系,1954,7,暗黒の樹木,ナイトメアリーフ,ワンダラーズマント｜ワンダラーズグラブ｜ワンダラーズブーツ,鉄壁の踊りガード｜禁断のきようさアップ｜ドルマ系呪文の極意,豊穣の密林｜キュロン丘陵
538,スライムナイト・強,スライム系,2180,7,スライムゼリー,スライムおしゃれ花,ブルバックラー｜ブレスガーダー,堅守の心得｜共鳴のテンションアップ｜天光連斬の極意,デスディオ暗黒荒原｜思案の洞くつ
539,コキュードス,ドラゴン系,1560,17,さざなみのしずく,幻獣のホネ,カテドラルミトル｜カテドラルローブ｜カテドラルグローブ,鉄壁の氷耐性｜鉄壁のブレス耐性｜ジゴスパークの極意,とこしえの氷原｜冥闇の聖塔｜ガイオス古海｜雄峰ランドン
540,ドラゴンソルジャー,ドラゴン系,1545,12,大きなうろこ,幻獣のホネ,ボルテージアックス｜戦乱のオノ,プラズマブレードの極意｜まじん斬りの極意｜降魔紅蓮斬の極意,古・エテーネ王国領｜現・エテーネ王国領｜バルディア山岳地帯｜フォーリオン造成地
541,おばけキノコ,植物系,2212,8,げんこつダケ,めざましリング,ロードリーローブ上｜ロードリーグローブ｜ロードリーブーツ,不滅の魅惑の水晶球｜ラリホー系呪文の技巧｜魔法戦士の閃き,ベルヴァインの森西｜ガウシア樹海
542,クラウンヘッド,物質系,1518,22,ほしのカケラ,パープルアイ,クラウンハット,打たれ名人｜グランドネビュラの極意｜シールドブレイクの極意,ポポリアきのこ山｜氷晶の聖塔｜自然遺産保護区｜魔幻都市ゴーラ跡｜魔幻園マデッサンス
543,キラーアーマー,物質系,1531,14,プラチナこうせき,マデュライト,大戦鬼のかぶと｜大戦鬼のよろい｜大戦鬼のグリーブ,会心練磨｜鉄壁の攻撃呪文耐性｜ラリホー系呪文の瞬き,業炎の聖塔｜オルセコ王国領
544,はりつきあくま,あくま系,1312,9,あやかしそう,宵闇のジェル,大怪傑の装束上｜大怪傑のグローブ,鉄壁の眠りガード｜鉄壁の幻惑ガード｜占い師の閃き,ザード遺跡｜宇宙船・立入禁止区画｜血潮の浜辺
545,まおうのかげ,エレメント系,1660,12,まりょくの土,げんませき,クロッシュメット｜クロッシュウェア上,果てなき魅惑の水晶球｜邪炎波の極意｜ビッグバンの極意,ムストの町｜イル・ラビリンス｜ダラズ大鉱脈｜ジャゴヌバ神殿｜盾ルクスガルン大空洞｜ムニエカの深層
546,ヘブンバルーン,エレメント系,2104,24,レッドベリー,彼岸の砂,スパングルフェザー｜スパングルドレス上｜スパングルドレス下,イオ系呪文の瞬き｜海賊の閃き｜ブラスターフィストの極意,豊穣の密林｜エルトナの混沌
547,ばくだんサーカス,怪人系,1566,8,サンドフルーツ,炎魔の焼け石,ヘリオスロッド,鉄壁の土耐性｜びっくりルーレットの極意｜まねまねの極意,古グランゼドーラ領｜カルデア溶岩帯｜魔幻都市ゴーラ跡
548,キマイラロード,けもの系,1506,13,こうもりのはね,水のはごろも物語,ステラツイスター｜ドラゴンウィング,禁断のMPアップ｜果てなきテンションバーン｜イオ系呪文の極意,デマトード高地｜偽りの古き神の遺跡｜偽りのゼドラ洞｜古き神の遺跡｜悠久の回廊
549,まかいじゅう,けもの系,1493,14,けものの皮,げんませき,天宮騎士のよろい下｜天宮騎士のグリーブ,忍耐のMP回復｜禁断のちからアップ｜始まりの重さダウン,呪われた大地｜偽りの海風の洞くつ｜真の海風の洞くつ｜迅雷の丘｜ガウシア樹海
550,オークィーン,けもの系,1566,17,ふさふさの毛皮,幻獣の皮,神域のやり,果てなき聖女の守り｜ザオリクの瞬き｜さみだれ突き系の極意,カーレルの氷雪洞｜オルセコ王国領
551,ドラゴンゾンビ,ドラゴン系,1527,13,大きなホネ,ドラゴンのツノ,天宮騎士のかぶと｜天宮騎士のこて,戦場のヴィーナス｜鉄壁の封印ガード｜鉄壁の魅了ガード,ラギ雪原｜ザグバン丘陵｜ベコン渓谷｜モリナラ地下洞｜オルッパ地下洞くつ｜海のとける洞くつ｜ゴブル砂漠西｜呪われた大地｜詩歌の遺跡｜トガス岩道｜偽アラハギーロ地方｜偽りのデフェル荒野｜真のアラハギーロ地方｜真のピラミッド｜真の海風の洞くつ
552,キメラ・強,鳥系,2015,5,へびのぬけがら,かぜきりのはね,輝天のおうぎ｜クローリス｜セーラスファン,復讐の聖なる祈り｜フバーハ系呪文の瞬き｜僧侶の閃き,ゲルヘナ幻野｜血潮の浜辺｜ジャリムバハ砂漠
553,まじんブドゥ,あくま系,1562,15,みかわしそう,ぶどうエキス,武神の道着上｜武神の道着下,鉄壁の風耐性,天ツ風の原｜ジャリムバハ砂漠
554,オーガキング,怪人系,1514,18,ぎんのこうせき,戦士の大盾の本,聖騎士の大盾｜炎帝の大盾｜風雲の大盾,ルカニの盾｜打たれ名人｜グランドネビュラの極意,バドリー岩石地帯｜偽りのセレドット山道｜偽りのデフェル荒野｜ねじれたる異形の大地｜ドランド平原｜鬼岩城｜盾ルクスガルン大空洞
555,くびなが大師,けもの系,1566,15,あやかしそう,天竜草,氷河のこん｜氷獄鬼のこん,武神の豪腕｜氷結らんげき系の極意｜奥義・棍閃殺の極意,とこしえの氷原｜フォーリオン造成地
556,メガトンチャンプ,けもの系,1626,17,カチコチくるみ,幻獣の皮,メガトンハンマー,真・やいばくだきの極意｜たたかいのビートの戦域｜渾身斬り系の極意,迅雷の丘｜古レビュール街道南
557,サイおとこ・強,けもの系,1814,11,けものの皮,まじゅうのツノ,翼神のオノ｜セーラスアックス｜残月の玉斧,果てなきパラディンガード｜蒼天魔斬の極意｜真・オノむそう系の極意,ジャリムバハ砂漠
558,スーパーテンツク,虫系,1432,13,かがやきそう,破幻のリング,ポールスタートップ｜ポールスターボトム｜ポールスターのくつ,果てなき銀幕の世界｜踊り子の閃き｜オネロスハントの極意,宇宙船・立入禁止区画｜銀の森｜神代の遺構
559,カナリアーノ,鳥系,1652,10,するどい爪,大地の羽毛,イルミンズールの弓｜威光弓,鉄壁の眠りガード｜れんごく火炎の極意｜弓聖の守り星の戦域,マデ神殿
560,ソードマカブル,物質系,1560,15,みがきずな,パープルアイ,神域の大剣｜覇王の大剣,会心練磨｜はやぶさ斬りの極意｜オネロスハントの極意,氷晶の聖塔｜ガイオス古海｜迅雷の丘｜雪虫の洞くつ｜フォーリオン造成地
561,ばくだん岩・強,物質系,2360,5,ようがんのカケラ,ヘビーメタル,スカルブレイク,鉄壁の土耐性｜岩石おとしの極意｜ばくれつきゃくの極意,ターボル峡谷｜封神の参道
562,ジア・メーダ,物質系,2230,4,へびのぬけがら,いかずちのたま,輝天のムチ｜ローズソーン｜セーラスウィップ,鉄壁のマヒガード｜しびれ弾ショットの極意｜しばり打ちの技巧,死せる結晶の荒野
563,カーディナルナイト,あくま系,1632,13,きよめの水,ビーナスのなみだ,シュバリエメイル上｜シュバリエハット｜シュバリエグローブ,鉄壁の会心完全ガード｜暗黒連撃の極意｜はやぶさ斬りの極意,氷晶の聖塔｜神儀の護堂｜盾ルクスガルン大空洞
564,アバランチャー,けもの系,1653,15,とげウニ,ぶどうエキス,金剛のこん｜クリティカルロッド,蒼天魔斬の極意｜真・オノむそう系の極意｜ばくれつけんの極意,白霜の流氷野｜古・ティプローネ高地｜辺境の雪山｜現・ティプローネ高地
565,さんぞくウルフ・強,けもの系,2343,7,ふさふさの毛皮,幻獣の皮,さんぞくのサーベル｜デッドリーソード｜鳴神のつるぎ,お宝ハンターの極意｜隠者のタロットの極意｜オノむそう系の真髄,ザハディガル岩峰
566,ワニバーン,ドラゴン系,1661,16,ふさふさの毛皮,人魚の涙,スターダムスーツ｜スターダムハット｜スターダムシューズ,鋼鉄の肉体｜チャージタックルの極意｜果てなき牙神昇誕系,オーフィーヌ海底｜ナドラガンドの混沌
567,プテラノドン・強,鳥系,2257,13,大きな化石,とこしえの虹,ブリガンティア｜ガルーダテンペスト,始まりのボミエ｜イオ系呪文の極意｜悶絶全方打ちの極意,ゲルヘナ幻野
568,たんすミミック,物質系,1560,21,じょうぶな枝,飾りタイルの家具の本,天使の弓,勝ちどきMP回復｜ひゃくれつなめの技巧｜マジックアローの技巧,謎の地下水路｜偽りのリンジャの塔｜偽りの海風の洞くつ｜真のリンジャの塔｜真の海風の洞くつ｜氷晶の聖塔｜ガイオス古海
569,スライムマデュラ,スライム系,2364,160,スライムゼリー,マデュライト,クリムゾンメイル上｜クリムゾンメイル下,ホイミ系呪文の瞬き,氷晶の聖塔｜ダラズ大鉱脈
570,ごうけつぐま,けもの系,1810,8,まじゅうのホネ,激震のキバ,ケイオスネイル｜疾風のジャマダハル,崩命拳の極意｜まもの使いの閃き｜せいけん爆撃の極意,オルセコ王国領｜バルディア山岳地帯｜ザハディガル岩峰
571,プリズニャン・強,けもの系,2398,5,するどい爪,まじゅうの皮,疾風のジャマダハル｜断罪のジャマダハル｜ルーンクラブクロー,てなづけるの技巧｜裂鋼拳の極意｜ゴッドスマッシュの極意,バルディア山岳地帯
572,イエローファット,ドラゴン系,1802,22,花のみつ,ドラゴンの皮,カテドラルローブ｜カテドラルシューズ,鋼鉄の肉体｜打たれ名人｜ドラゴンスラッシュの極意,翠嵐の聖塔｜ダラズ大鉱脈｜自然遺産保護区｜フォーリオン造成地
573,にじくじゃく,鳥系,1671,18,なないろのまゆ,とこしえの虹,孔雀姫のおうぎ｜黒仙翼のおうぎ,マダンテの瞬き｜れんごく火炎の極意｜メラ系とギラ系呪文の極意,古・ティプローネ高地｜現・ティプローネ高地｜輝きの草原
574,ズッキーニャ,植物系,2363,10,緑のコケ,ラッキーペンダント,オウマガトキ｜クアドラピアー｜輝天のやり,始まりのバイシオン｜打成一片の極意｜超さみだれ突きの極意,ゲルヘナ幻野｜試みの荒野
575,デスマーキュリー,物質系,1446,14,まりょくの土,めざましリング,スターダムハット｜スターダムスーツ｜スターダムブレス,果てなき魅惑の水晶球｜イオ系呪文の極意｜果てなき蒼月の守り,とこしえの氷原｜氷晶の聖塔｜翠嵐の聖塔
576,キラーマシン２,マシン系,1818,80,プラチナこうせき,ナドラダイト鉱石,はやぶさの剣改｜聖王のナイフ,はやぶさ斬りの極意｜ギガブレイクの極意｜アルテマソードの極意,翠嵐の聖塔｜辺境の雪山
577,ジュラシックロイド,マシン系,2320,19,てっこうせき,神秘の鋼線,機工博士のぼうし｜機工博士のコート下｜機工博士のグローブ,どうぐ使いの閃き｜おたけびの技巧｜岩石おとしの極意,ガタラ大山林｜輝きの草原
578,エメラルドーン,あくま系,1746,17,げんこつダケ,緑の宝石,ガイアのオノ,鉄壁の会心完全ガード｜気まぐれな追撃｜全身全霊斬り系の極意,真のジャイラ密林｜翠嵐の聖塔｜古・ティプローネ高地｜自然遺産保護区｜現・ティプローネ高地
580,デスロマニズム,物質系,1000,1,小さなホネ,せいじゃのはい,デストロイヤー,バイキルト系呪文の瞬き｜果てなき魅惑の水晶球｜地ばしり打ちの極意,魔幻園マデッサンス
581,マジックデモニスム,物質系,1000,1,まりょくの土,よるのとばり,デーモンロッド,鉄壁の転びガード｜ディバインスペルの技巧｜メダパニ系呪文の瞬き,魔幻園マデッサンス
582,スーパーダーキズム,物質系,1000,1,ふしぎなドロドロ,ブラックパール,ダークサイズ,ルカニ系呪文の瞬き｜ボミエ系呪文の瞬き｜プラズマリムーバーの戦域,魔幻園マデッサンス
583,ガニメデス,あくま系,2310,19,へびのぬけがら,天使のソーマ,空賊のバンダナ｜空賊のシャツ｜空賊のズボン,ホイミ系呪文の奇跡｜メラ系とギラ系呪文の真髄｜イオ系呪文の極意,試みの荒野｜儀礼場への洞くつ｜勇者の曙光
584,スピンサタン,エレメント系,2310,13,よるのとばり,暗夜の魔石,ほのおのかぶと｜ほのおのよろい上｜ほのおのよろい下,先見の眼｜鉄壁の幻惑ガード｜ジゴスパークの真髄,ゼドラ王の黄昏｜エルトナの混沌
585,ツイストサイダー,エレメント系,2560,4,氷のけっしょう,おぼろ水晶,輝天の杖｜ブルームワンド｜セーラスワンド,鉄壁の氷耐性｜果てなき神の息吹｜バイキルエンハンスの瞬き,エルトナの混沌｜キュロン丘陵
586,メイジももんじゃ,けもの系,2398,7,氷のけっしょう,幻獣の皮,ロードリーコサージ｜ロードリーローブ下｜ロードリーブーツ,不滅の早詠み｜メドローアの極意｜ヒャド系呪文の極意,試みの荒野｜ムニエカ地方
587,あくま神官・強,あくま系,2496,7,にじいろの布きれ,せいじゃのはい,ひかりサークレット｜ひかりのローブ｜ひかりのブーツ,メドローアの極意｜賢者の閃き｜果てなき超魔力かくせい,ジャゴヌバ神殿
588,だいまじん,物質系,1794,21,つけもの石,せいれいせき,シュバリエメイル上｜シュバリエメイル下｜シュバリエグローブ,打たれ名人｜果てなきヘヴィチャージ｜ウェイトブレイクの技巧,ジュレイダ連塔遺跡｜偽レビュール街道南｜真のレビュール街道南｜古レビュール街道南｜ジャゴヌバ神殿
589,ヒッポカンバー,けもの系,1784,24,にじいろの布きれ,マーメイドの謎・道具編,トライバルトップ｜トライバルブーツ,水神のたつまきの極意｜バギ系呪文の極意｜風斬りの舞の戦域,オーフィーヌ海底
590,グリングリン,けもの系,2489,7,緑のコケ,幻獣の皮,開祖のぼうし｜開祖の道着下｜開祖のブーツ,鉄壁の風耐性｜鉄壁の会心完全ガード｜バギ系呪文の瞬き,輝きの草原｜豊穣の密林｜レストリア平野
591,マジックフライ・強,虫系,2633,6,ちょうのはね,げんませき,ふしぎなボレロ上｜ふしぎなグローブ｜ふしぎなブーツ,不滅の早詠み｜マジックバリアの瞬き｜めいどうふうまの極意,旧ネクロデア領｜魔ルクスガルン大空洞
592,ジャンガラ,あくま系,2146,9,さえずりのみつ,たそがれゴケ,グレイスフルコート｜グレイスフルボトム｜グレイスフルブーツ,メラ系とギラ系呪文の極意｜ディバインステッキの技巧｜ハデスの宴の極意,命脈の神殿｜ハディン採石場｜ムニエカの深層
593,ピンキーマッシュ,スライム系,2463,7,どくがのこな,ピンクパール,ピンキーエッグ,鉄壁の混乱ガード｜メダパニ系呪文の瞬き｜ネバネバ爆弾の戦域,影の深底｜天涙の大水源｜時の王者の悔恨｜レストリア平野
594,シルバーベア,けもの系,1878,10,ぎんのこうせき,激震のキバ,断罪のジャマダハル｜ルーンクラブクロー,果てなきビーストモード｜豪雪氷結乱撃系の極意｜ライガークラッシュの極意,辺境の雪山｜試みの荒野
595,オベルジーヌ,植物系,2447,7,まんまるポテト,純白の結晶,妖蛇のムチ｜輝天のムチ,先見の眼｜始まりのヘナトス｜ビーナスステップの技巧,豊穣の密林｜時の王者の悔恨｜神具解放の審問宮1｜神具解放の審問宮3
596,おどるほうせき・強,物質系,2883,24,かがみ石,おぼろ水晶,ヴィーラのバンダナ｜ヴィーラのグローブ｜ヴィーラのサンダル,お宝ハンターの極意｜キラージャグリングの極意｜百花繚乱系の真髄,ザード遺跡｜閉ざされた水路
597,おにびドングリ,物質系,2988,8,カチコチくるみ,炎魔の焼け石,妖炎魔女のドレス上｜妖炎魔女のドレス下｜妖炎魔女のグローブ,鉄壁の炎耐性｜メラ系呪文の瞬き｜火炎弾ショットの極意,命脈の神殿｜神代の遺構｜歌姫の絶望｜ムニエカ地方
598,蒼炎の使徒,物質系,2780,7,ガマのあぶら,炎魔の焼け石,蒼炎のツメ｜セーラスダガー｜ヴェーレダガー,不滅の攻撃呪文強化｜ひばしらの極意｜火炎弾ショットの極意,試みの荒野｜儀礼場への洞くつ｜歌姫の絶望
599,あらなわ明神,物質系,2763,8,あやかしそう,神秘の鋼線,輝天のムチ,始まりのチャージタイム短縮｜錨ぶんまわしの極意｜双竜打ちの極意,ファボル鉱山｜レストリア平野
600,メカバーン,マシン系,1697,15,プラチナこうせき,ゴールドストーン,ドワチャカシールド｜ブルームシールド｜鷲王の盾,復活のHP回復量アップ｜ブラスターフィストの極意｜全身全霊斬り系の極意,ダラリア砂岩遺跡｜偽りの古き神の遺跡｜古き神の遺跡｜魔幻宮殿｜悠久の回廊｜楽園｜王立アルケミア
601,くさった死体・強,ゾンビ系,3482,4,よごれたほうたい,まじゅうのツノ,ヴァルハラヘルム｜ヴァルハラメイル下｜ヴァルハラグリーブ,鉄壁のどくガード｜ヴァイパーファングの極意｜果てなき血吸いの守り,旧ネクロデア領｜ジャリムバハ砂漠
602,クリムゾングレイブ,あくま系,1730,14,するどいキバ,幻獣のホネ,クリムゾンメイル上｜クリムゾンメイル下,武神の豪腕｜復活のHP回復量アップ｜メラ系とギラ系呪文の極意,真の海風の洞くつ｜煉獄の谷
603,フンガー,けもの系,1795,11,するどいキバ,幻獣の皮,族長のバンダナ｜族長のケープ上,ためる弐の極意｜岩石おとしの極意｜しんくうはの極意,天水の聖塔｜鬼岩城｜ウォルド地方
604,ブルジャックル,けもの系,1795,9,するどい爪,かぜきりのはね,族長のケープ下｜族長のブーツ,無念無想の奇跡｜ばくれつけんの極意｜しんくうはの極意,天水の聖塔｜鬼岩城｜ウォルド地方
605,ネクロバルサ,怪人系,1797,18,よごれたほうたい,サイドワインダーの書,ヴォイドアンカー,鉄壁の会心完全ガード｜極竜打ちの極意｜バイキルショットの極意,ベコン渓谷｜真のアラハギーロ地方｜悠久の回廊｜ダラズ大鉱脈
606,コーラルディモス,けもの系,1895,19,赤いサンゴ,マーメイドの謎・木工編,イルミンズールの弓,鉄壁のブレス耐性｜たたかいのビートの戦域｜果てなきテンションバーン,オーフィーヌ海底
607,リザードマン・強,ドラゴン系,3563,7,大きなうろこ,ドラゴンの皮,風雲の大盾｜獅子王の大盾,フォースブレイクの極意｜アルテマソードの極意｜根絶やしの重撃の極意,ザハディガル岩峰
608,れんごくまちょう,鳥系,1732,22,するどい爪,炎魔の焼け石,黒仙翼のおうぎ｜アロケルのおうぎ,武闘家の閃き｜シュジャク召喚の極意｜ロストスナイプの極意,カルデア溶岩帯
609,じんめんじゅ・強,植物系,2991,5,きれいな枝,ナイトメアリーフ,黄昏の魔杖｜ミネルバの聖杖,鉄壁の踊りガード｜ホイミ系呪文の奇跡｜果てなき神の息吹,ベルヴァインの森西
610,まんじゅシャモン,植物系,2763,5,あやかしそう,彼岸の砂,ファントムダガー｜エレガントポイズン,鉄壁の即死ガード｜共鳴のテンションアップ｜ためるの極意,時の王者の悔恨
611,シルバリヌス,あくま系,1912,18,大きなうろこ,ウルベア銀貨,エキサイトアクス｜輝天のオノ,果てなき攻撃呪文威力アップ｜フリーズブレードの極意｜武神の護法の技巧,辺境の雪山｜太古の氷穴｜試みの荒野
612,岩のり童子,怪人系,2762,8,ふしぎな海草,げんませき,輝天のこん｜サターンロッド｜セーラスロッド,ネバネバ爆弾の戦域｜散弾ショットの極意｜占技・天輪殺の極意,輝きの草原｜三闘士の憤怒
613,オーク・強,けもの系,3051,11,けものの皮,まじゅうの皮,デンジャーランス,一閃突き系の極意｜さみだれ突き系の極意｜武神の護法の技巧,ゲルヘナ幻野｜バルディア山岳地帯
614,じごくのおくり火,物質系,3263,8,炎の樹木,炎魔の焼け石,妖炎魔女の髪飾り｜妖炎魔女のドレス下｜妖炎魔女のパンプス,バイキルト系呪文の瞬き｜魔剣士の閃き｜スピリットゾーンの戦域,盾ルクスガルン大空洞
615,ラストテンツク,虫系,3473,14,みかわしそう,カオスベリー,聖翼の髪飾り｜聖翼のドレス上｜聖翼のブーツ,ハッスルダンスの戦域｜バイキルエンハンスの瞬き｜踊り子の閃き,神代の遺構｜キュロン丘陵
616,がいこつ・強,ゾンビ系,3590,8,大きなホネ,幻獣のホネ,邪紋のつるぎ｜呪印のつるぎ,真・やいばくだきの極意｜不死鳥天舞の極意｜黄泉送りの極意,旧ネクロデア領
617,コットンキャンディ,エレメント系,3972,14,やわらかウール,風竜の羽毛,ふしぎなぼうし｜ふしぎなボレロ上｜ふしぎなボレロ下,鉄壁の風耐性｜鉄壁の眠りガード｜ルカニ系呪文の瞬き,神具解放の審問宮1｜神具解放の審問宮2｜神具解放の審問宮3
618,マリンスライム・強,水系,2828,7,大きな貝がら,ピンクパール,ヴァルハラヘルム｜ヴァルハラメイル上｜ヴァルハラグローブ,果てなき回復呪文威力アップ｜狼牙突きの極意｜豪雪氷結乱撃系の極意,血潮の浜辺
619,プラチナサウルス,マシン系,2375,21,プラチナこうせき,神秘の鋼線,機工博士のぼうし｜機工博士のコート上｜機工博士のくつ,禁断のちからアップ｜果てなき牙神昇誕系｜スタンショットの技巧,ザード遺跡｜宇宙船・立入禁止区画｜輝きの草原｜三闘士の憤怒
620,たてまじん・強,怪人系,3352,14,プラチナこうせき,神秘の鋼線,炎帝の大盾｜重装兵の大盾｜獅子王の大盾,堅守の心得｜ぶきみなひかりの盾｜果てなき錬磨の秘法,グランゼニスの試練場｜魔ルクスガルン大空洞
621,マリンスライム・塔,水系,2389,3,大きな貝がら,天使のソーマ,常勝のよろい上｜常勝のよろい下,,創失の塔
622,グリーンシザー・強,虫系,3190,9,プラチナこうせき,神秘の鋼線,機工博士のコート上｜機工博士のコート下｜機工博士のくつ,マホキテの瞬き｜スリープダガーの技巧｜ネメシスエッジの極意,魔幻都市ゴーラ跡
623,ソルジャーブル,けもの系,1674,7,さえずりのみつ,青い宝石,鉄壁の大盾｜重装兵の大盾｜魔界の大盾,大ぼうぎょの極意｜つるぎの舞の極意｜かえん斬りの極意,オーフィーヌの海｜翠嵐の聖塔｜神墟ナドラグラム｜古・バントリユ地方｜現・バントリユ地方｜フォーリオン造成地
624,きりさきピエロ・強,怪人系,3461,10,にじいろの布きれ,よるのとばり,クレセントダガー｜輝天のナイフ,きまぐれの技巧｜魂狩りの極意｜しんくうはの極意,ゲルヘナ幻野
625,クリオネオン,物質系,4893,8,ひかりの石,天使のソーマ,イグナイトバンド,忍耐のMP回復｜ギラ系呪文の瞬き｜バイキルエンハンスの瞬き,ムニエカの深層｜キュロン丘陵
626,デスゴーゴン,けもの系,1488,16,大きなうろこ,よるのとばり,開祖の道着上｜開祖の道着下,鉄壁のふっとびガード｜遊び人の閃き｜プレートインパクトの極意,ヴェリナード領南｜真のデフェル荒野｜烈火の渓谷｜闇の辺獄｜フォーリオン造成地
627,おにこんぼう,ドラゴン系,1560,19,大きなうろこ,ラッキーペンダント,神域のハンマー｜星球の鉄槌,奇跡の会心攻撃｜戦鬼の乱れ舞の瞬き｜奥義・棍閃殺の極意,サーマリ高原｜偽りのロヴォス高地｜悠久の回廊｜烈火の渓谷｜煉獄の谷
628,キングリザード,ドラゴン系,1363,26,大きなうろこ,はじゃのつるぎの書,ドラゴンクロー改,気まぐれな追撃｜天下無双の極意｜果てなきウォークライ,ラーディス王島｜ベコン渓谷｜夢幻の森｜偽レビュール街道北｜真のレビュール街道北｜ドラクロン山地｜煉獄の谷｜古レビュール街道北
629,デスフラッター,鳥系,3911,8,緑のコケ,幻獣のホネ,ヴァルハラメイル下｜ヴァルハラグローブ｜ヴァルハラグリーブ,鉄壁の踊りガード｜れんごく火炎の極意｜サンライトアローの極意,旧ネクロデア領｜血潮の浜辺｜輝きの草原
632,ホースデビル・強,あくま系,4324,9,うまのふん,せかいじゅの葉,神技のボトム｜神技のグローブ｜神技のブーツ,ザオラルとザオリクの戦域｜大呪詛の極意｜真・オノむそう系の極意,ザハディガル岩峰
633,カラポッポ,鳥系,4077,12,炎の樹木,炎魔の焼け石,輝天のブーメラン｜ゴッドスロウ｜セーラスエッジ,逆境の身かわしアップ｜シュジャク召喚の極意｜ひばしらの極意,豊穣の密林｜ムニエカ地方
634,モスボーイ,怪人系,3247,7,緑のコケ,たそがれゴケ,しっこくのマント｜しっこくのブーツ,マヌーサの技巧｜ヴェレ系の瞬き｜しびれ弾ショットの極意,影の深底｜輝きの草原｜三闘士の憤怒
635,オルフェウス,怪人系,3978,15,さえずりのみつ,いかずちのたま,オルフェウスの弓,大賢者の御手｜エナジーフォールの極意｜いなずまの極意,試みの荒野
636,マダムコーン,植物系,4248,10,みかわしそう,ささやく枯れ葉,聖翼のドレス下｜聖翼のグローブ,戦場のヴィーナス｜果てなき銀幕の世界｜プレシャスレインの極意,フォーリオン造成地｜神具解放の審問宮3｜タービア草原
637,スライムエンペラー,スライム系,2003,21,まほうの小ビン,輝く虹を追いかけて,ステラツイスター｜希水晶のブーメラン,マダンテの極意｜デュアルブレイカーの極意｜レボルスライサーの極意,真のゼドラ洞｜魔幻宮殿｜ガイオス古海｜神墟ナドラグラム｜ダラズ大鉱脈
638,ドロヌーバ・強,エレメント系,4229,6,ふしぎなドロドロ,彼岸の砂,しっこくのターバン｜しっこくのグローブ｜しっこくのブーツ,ネバネバ爆弾の戦域｜いやしのメロディの戦域｜ランドインパクトの真髄,魔ルクスガルン大空洞
639,マタンゴ,植物系,4211,8,げんこつダケ,ささやく枯れ葉,空賊のズボン｜空賊のグローブ｜空賊のブーツ,鉄壁の笑いガード｜トリックゾーンの極意｜煉獄魔斬の極意,盾ルクスガルン大空洞｜三闘士の憤怒
640,疾風テング,怪人系,4298,10,しおかぜ草,烈風石,征魔の黒杖｜輝天の杖,バギ系呪文の瞬き｜水神のたつまきの極意｜しんくう竜巻の極意,グランゼニスの試練場｜試みの荒野｜豊穣の密林｜時の王者の悔恨
641,ドロヌーバ・塔,エレメント系,2408,3,ふしぎなドロドロ,彼岸の砂,妖精郷の舞踏服上｜妖精郷の舞踏服下,,創失の塔
642,ダッシュラン・強,ドラゴン系,4780,7,かがやきそう,ドラゴンのツノ,ミラーグリーブ｜ドラゴンブーツ｜ファフニルブーツ,韋駄天の足｜果てなきワイルドカード｜双竜打ちの真髄,グラデル台地
643,ドラゴンキッズ・強,ドラゴン系,4256,8,大きなうろこ,ドラゴンのツノ,ルーンクラブクロー｜呪眼のツメ｜ドラゴンクロー絶,鉄壁のブレス耐性｜ダークマターの極意｜サマーソルトクローの極意,魔ルクスガルン大空洞
644,フレイム・塔,エレメント系,3664,4,炎の樹木,赤い宝石,プロミネンスの盾,,創失の塔
645,スラマシンｚ,スライム系,4802,11,スライムゼリー,いかずちのたま,機工博士のコート上｜機工博士のグローブ｜機工博士のくつ,鉄壁の雷耐性｜アブソリュートレイの極意｜ギガスラッシュの真髄,輝きの草原｜三闘士の憤怒
646,サイレス・強,鳥系,3969,10,かがみ石,かぜきりのはね,緋赤鳥の弓｜シェキナーの弓,マホトーンの瞬き｜ビーストファングの極意｜バーニングバードの極意,デスディオ暗黒荒原
647,ジャンボドラキー,鳥系,4010,15,やわらかい肉,しもふりミート,セレニティワンド｜征魔の黒杖,鉄壁の闇耐性｜ドルマ系呪文の瞬き｜じわれの極意,天涙の大水源｜キュロン丘陵
648,グレイトマーマン,水系,2055,30,ふしぎな海草,せいれいせき,星石のハルバード｜デンジャーランス,果てなき攻撃呪文威力アップ｜ヒャド系呪文の極意｜超さみだれ突きの極意,ジュレイダ連塔遺跡｜神墟ナドラグラム｜古・残響の海蝕洞｜現・残響の海蝕洞
649,わかめ王子・強,水系,4969,8,ふしぎな海草,人魚の涙,ピンキーエッグ｜エイルのスティック｜輝天のスティック,鉄壁の踊りガード｜果てなき活命の杖｜なぎはらいの真髄,血潮の浜辺｜閉ざされた水路｜ジャリムバハ砂漠
650,アンゴラ―,ドラゴン系,2172,20,ふしぎなドロドロ,ドラゴンの皮,ネヴァンメイル上｜ネヴァンメイル下,ウェイトブレイクの技巧｜アースクラッシュの極意,白霜の流氷野｜辺境の雪山｜試みの荒野｜ナドラガンドの混沌｜神具解放の審問宮2｜神具解放の審問宮3
651,ドラグノワール,ドラゴン系,4450,8,大きなうろこ,風竜の羽毛,輝天のツメ｜ゴッドクロー｜セーラスクロー,鉄壁の笑いガード｜火炎弾ショットの極意｜タイガークローの真髄,ナドラガンドの混沌
652,アンクルホーン,あくま系,1994,60,するどい爪,まじゅうの皮,ヴァルハラヘルム｜ヴァルハラメイル下｜ヴァルハラグリーブ,果てなき攻撃呪文威力アップ｜ためる参の極意｜ヒャド系呪文の極意,ジュレイダ連塔遺跡｜悠久の回廊｜赤熱の荒野｜業炎の聖塔
653,スライム・祖,スライム系,2500,1,いやしそう,スライムおしゃれ花,一角鬼の闘着上｜一角鬼の手甲,鉄壁の笑いガード｜ホイミ系呪文の奇跡｜デュアルブレイカーの真髄,ウォルド地方
654,フォンデュ・強,物質系,4162,10,おいしいミルク,しもふりミート,ルネッサンステッキ｜シビュラスティック,しんくう竜巻の極意｜なめまわしの技巧｜イオ系呪文の真髄,ベルヴァインの森西
655,ドラキー・祖,鳥系,2710,2,こうもりのはね,ブラックパール,しっこくのターバン｜しっこくのマント,鉄壁の封印ガード｜ドルマ系呪文の瞬き｜ホップストリームの戦域,レストリア平野｜ウォルド地方｜創失のガナン帝国領
656,ベヒードス,ドラゴン系,2038,16,やわらかい肉,しもふりミート,王軍師のかぶと｜王軍師のよろい,打たれ名人｜禁断のおもさアップ｜プレートインパクトの極意,真のセレドット山道｜真のグランゼドーラ領｜真のロヴォス高地｜ドラクロン山地｜神墟ナドラグラム｜古グランゼドーラ領
657,ホークマン・強,鳥系,4428,11,こうもりのはね,かぜきりのはね,デッドリーソード｜輝天のつるぎ,しんくう竜巻の極意｜暗黒連撃の極意｜アルテマソードの極意,魔ルクスガルン大空洞
658,ゴルゴンゾーラ,物質系,4233,10,おいしいミルク,しもふりミート,輝天のスティック｜祈星のスティック｜セーラススティック,復讐の早詠みの杖｜果てなき超魔力かくせい｜デュアルカッターの真髄,豊穣の密林
659,ファラリスブル,怪人系,2133,20,サバンナの水,いかずちのたま,大獄獣のムチ｜魔石球のムチ｜クラッシュチェーン,スピリットブラストの極意｜疾風迅雷の極意｜悶絶全方打ちの極意,バカン山道｜迅雷の丘｜オルセコ王国領｜鬼岩城｜盾ルクスガルン大空洞
1803,スライムベス・祖,スライム系,2604,1,いやしそう,スライムゼリー,乱破の額当て｜乱破の忍び装束上｜乱破の手甲,鉄壁のMP吸収ガード｜ザオの戦域｜きまぐれの技巧,シュタール鉱野
661,ジェイドウォリアー,エレメント系,4603,12,炎の樹木,炎魔の焼け石,ほのおのかぶと｜ほのおのこて｜ほのおのグリーブ,ヘナトス系の瞬き｜紅蓮蝶のきりの戦域｜果てなきブーストオーラ,エルトナの混沌
662,ニードルマン・強,物質系,4250,8,にじいろの布きれ,やわらかウール,スパングルグローブ｜スパングルパンプス,ピオラ系呪文の瞬き｜やいばのぼうぎょの極意｜サマーソルトクローの極意,閉ざされた水路｜魔幻都市ゴーラ跡｜魔幻園マデッサンス
663,トロルキング,あくま系,2055,13,破魔石,ちからのゆびわ,アンタッチャブル｜星球の鉄槌,不屈の闘志｜奇跡の会心攻撃｜奥義・棍閃殺の極意,創生の邪洞｜真のセレドット山道｜ねじれたる異形の大地｜魔幻宮殿｜悠久の回廊｜とこしえの氷原｜天ツ風の原｜ドランド平原
664,ヘルプラネット,エレメント系,2350,20,とげウニ,青い宝石,ポールスターハット｜ポールスタートップ｜ポールスターボトム,鉄壁の闇耐性｜パラディンの閃き｜ムーンサルトの極意,自然遺産保護区｜ジャリムバハ砂漠
665,大王イカ,水系,2395,17,つけもの石,人魚の涙,金剛のムチ,断空なぎはらいの極意｜らせん打ちの技巧｜おうぎ乱舞系の極意,ブオーンの体内｜オーフィーヌ海底
666,ホークマン・塔,鳥系,3770,4,こうもりのはね,かぜきりのはね,レオンソード,鉄壁の封印ガード｜マホキテの瞬き｜マホトーンの瞬き,創失の塔
667,あやしいかげ・強,エレメント系,4069,12,まりょくの土,よるのとばり,大怪傑の装束上｜大怪傑の装束下｜大怪傑のグローブ,ファントムハックの極意｜大呪詛の極意｜タナトスハント系の真髄,ザード遺跡｜旧ネクロデア領｜閉ざされた水路｜ジャリムバハ砂漠｜ジャゴヌバ神殿
668,大王イカ・塔,水系,6697,7,つけもの石,人魚の涙,グリンガムのムチ,断空なぎはらいの極意｜らせん打ちの技巧｜おうぎ乱舞系の極意,創失の塔
669,マーブルヴォルク,けもの系,4526,15,するどい爪,激震のキバ,呪眼のツメ｜輝天のツメ,鉄壁のおびえガード｜流星爪牙の極意｜狼牙突きの真髄,フォーリオン造成地
670,リザードファッツ,ドラゴン系,2799,18,しんせんたまご,幻獣の皮,ヴァルハラメイル上｜ヴァルハラグリーブ,始まりのチャージタイム短縮｜果てなきウォークライ｜真・オノむそう系の極意,偽りの海風の洞くつ｜真の海風の洞くつ｜赤熱の荒野｜古・バントリユ地方｜現・バントリユ地方
671,カイザードラゴン,ドラゴン系,3194,21,ひかりの石,魔術師の家具帖・木工編,断罪のジャマダハル,武神の豪腕｜フォースブレイクの技巧｜大地裂断系の極意,ゴズ渓谷｜煉獄の谷｜神墟ナドラグラム｜雄峰ランドン｜フォーリオン造成地｜ナドラガンドの混沌
672,ガメゴンロード,ドラゴン系,2780,10,大きなうろこ,水竜のうろこ,魔侯爵のよろい｜魔侯爵のこて｜魔侯爵のグリーブ,鉄壁の炎耐性｜鉄壁のブレス耐性｜マホカンタ系呪文の瞬き,赤熱の荒野｜烈火の渓谷｜オーフィーヌ海底｜古・残響の海蝕洞｜現・残響の海蝕洞｜バルディア山岳地帯｜ナドラガンドの混沌
673,マージマタンゴ,植物系,4722,8,げんこつダケ,宵闇のジェル,開祖のぼうし｜開祖の道着下｜開祖のてぶくろ,鉄壁のどくガード｜紅蓮蝶のきりの戦域｜魔力かくせいの瞬き,影の深底｜天涙の大水源｜神代の遺構｜時の王者の悔恨
674,むくろカサゴ,ゾンビ系,3049,10,大きなうろこ,人魚の涙,蒼穹兵団のかぶと｜蒼穹兵団のよろい上｜蒼穹兵団のこて,逆境の身かわしアップ｜いなずまの極意｜ダークマターの極意,歌姫の絶望
675,いしにんぎょう・強,物質系,5030,13,つけもの石,烈風石,蒼穹兵団のかぶと｜蒼穹兵団のよろい下｜蒼穹兵団のグリーブ,始まりのラリホー｜スタンショットの技巧｜ギガスローの極意,魔幻都市ゴーラ跡
676,メイデンドール,物質系,6100,8,にじいろの布きれ,やわらかウール,ひかりのグローブ｜ひかりのブーツ,占い師の閃き｜サマーソルトクローの極意｜ピンクタイフーンの極意,魔幻園マデッサンス｜ムニエカの深層
677,デスカイザー,あくま系,2089,25,サンドフルーツ,幻獣の皮,ガナドールバンド｜ガナドールスーツ上｜ガナドールグローブ,鉄壁の光耐性｜イオ系呪文の瞬き｜ゴッドスマッシュの極意,神墟ナドラグラム｜太古の氷穴｜ザハディガル岩峰
678,あかつきの神兵,あくま系,4978,13,サンドフルーツ,おぼろ水晶,神兵のヘルム｜神兵のよろい上｜神兵のよろい下,黒炎帝の斬撃の極意｜プラーナソードの極意｜果てなきブレードガード,グランゼニスの試練場｜天涙の大水源｜歌姫の絶望｜ラランブラ山道
679,マッドルーパー・強,水系,4518,9,みがきずな,ドラゴンの皮,砂海のころも上｜砂海のころも下｜砂海のグローブ,鉄壁のブレス耐性｜フォースブレイクの極意｜ひゃくれつなめの技巧,血潮の浜辺｜ターボル峡谷
680,ガチャコッコ・祖,マシン系,4200,6,てっこうせき,こんじきの雲,一角鬼の額当て｜一角鬼の闘着下｜一角鬼の脚半,逆境の身かわしアップ｜バギ系呪文の瞬き｜デュアルカッターの真髄,ムニエカ地方｜創失のガナン帝国領
681,タホドラキー・祖,鳥系,3244,4,まほうの小ビン,緑の宝石,プロディトヘッド｜プロディトシューズ,ルカニ系呪文の瞬き｜スキルクラッシュの極意｜エレメントブーストの瞬き,ラランブラ山道
682,ねこまどう・祖,けもの系,3118,4,おもいでのすず,黄色の宝石,オスクトルローブ上｜オスクトルブーツ,勝ちどきMP回復｜メラ系呪文の瞬き｜メドローアの極意,レストリア平野｜ラランブラ山道
683,アームライオン・強,けもの系,5208,10,しゃっきりレタス,しもふりミート,チェイサーアーム｜ステージアーム｜族長のアーム,復讐のバイシオン｜おたけびの戦域｜サマーソルトクローの極意,ザハディガル岩峰
684,しにがみきぞく・強,ゾンビ系,5633,16,にじいろの布きれ,聖印のゆびわ,ミニュアデスの盾｜輝天の盾｜りんねの盾,アヌビスアタックの極意｜一閃突き系の極意｜超さみだれ突きの極意,旧ネクロデア領
685,モーモン・祖,あくま系,2551,1,上やくそう,ホワイトパール,ひつじ雲スティック｜ルーナステッキ,禁断のかいふく魔力アップ｜ホイミ系呪文の瞬き｜いやしのメロディの戦域,ウォルド地方
686,くらやみハーピー,鳥系,4886,8,するどい爪,かぜきりのはね,アビスハット｜アビスセーラー上｜アビスブーツ,マホトラの瞬き｜プレシャスレインの極意｜始まりの魅惑の水晶球,ガウシア樹海
687,さまようよろい・強,物質系,5245,12,プラチナこうせき,マデュライト,ネヴァンヘルム｜ネヴァンメイル上｜ネヴァングリーブ,真・やいばくだきの技巧｜ガーディアンの閃き｜アルテマソードの極意,グランゼニスの試練場｜旧ネクロデア領｜ジャゴヌバ神殿
688,エンタシスマン・強,物質系,4888,14,つけもの石,とこしえの虹,かぜのぼうし｜かぜのマント｜かぜのブーツ,レンジャーの閃き｜百花繚乱系の真髄｜おうぎ乱舞系の極意,封神の参道
689,おおきづち・祖,怪人系,3152,3,いやしそう,おうごんのかけら,隠密の手甲｜隠密の脚半,会心練磨｜ドガン系呪文の真髄｜プレートインパクトの極意,レストリア平野
690,もみじこぞう・祖,植物系,4209,5,どくけしそう,レッドアイ,イグナイトグローブ｜イグナイトグリーブ,始まりのボミエ｜マッドブレスの極意｜おうぎ乱舞系の極意,ムニエカ地方
691,キメラ・祖,鳥系,4588,5,みかわしそう,かぜきりのはね,アンテイクトーク｜アンテイクドレス上,韋駄天の足｜鉄壁のブレス耐性｜デュアルプロテクトの戦域,雨の島
692,デビルアーマー・強,物質系,5169,10,プラチナこうせき,たそがれゴケ,ミラーヘルム｜ミラーアーマー上｜ミラーアーマー下,ぶきみなひかりの盾｜果てなき鉄壁の進軍｜超はやぶさ斬りの極意,デスディオ暗黒荒原
693,ガルバ・強,あくま系,4046,11,ガマのあぶら,激震のキバ,ガナドールバンド｜ガナドールスーツ上｜ガナドールブーツ,ハッスルダンスの戦域｜呪詛の極意｜キャンセルショットの技巧,滅星の深淵
694,ゴルバ・強,あくま系,4047,11,へびのぬけがら,幻獣のホネ,ガナドールスーツ下｜ガナドールグローブ｜ガナドールブーツ,不滅の早詠み｜ディバインスペルの瞬き｜旅芸人の閃き,滅星の深淵
695,みならいあくま・祖,あくま系,3240,4,まほうの小ビン,パープルアイ,オスクトルクラウン｜オスクトルローブ下｜オスクトルグローブ,不滅の早詠み｜ギラ系呪文の瞬き｜ファイアフォースの護り,シュタール鉱野｜タービア草原｜創失のガナン帝国領
696,つららわたり,あくま系,5155,9,氷のけっしょう,トガリアのしずく,烈風のキャップ｜烈風のころも上,鉄壁の氷耐性｜鉄壁の眠りガード｜ヒャド系呪文の瞬き,ムニエカ・隠し通路
697,パンプキッズ・強,植物系,4738,8,まりょくの土,カオスベリー,かぜのぼうし｜かぜのマント｜かぜのグローブ,罪人のタロットの極意｜天地雷鳴士の閃き｜弓聖の守り星の戦域,ガウシア樹海
698,じんめんちょう,虫系,4822,5,ちょうのはね,つきのめぐみ,星詠みの秘扇｜おとめの扇｜花星のおうぎ,鉄壁の幻惑ガード｜マヌーサの技巧｜紅蓮蝶のきりの戦域,レストリア平野｜ウォルド地方
699,リリパット・祖,怪人系,3659,5,まほうの小ビン,天使のソーマ,パピルサグの弓｜光陰如箭｜フルムの弓,スカラ系呪文の瞬き｜ロストアタックの極意｜セイクリッドボウの極意,ウォルド地方｜創失のガナン帝国城
700,ミーラカンス,ゾンビ系,5187,14,大きなうろこ,人魚の涙,ジェミニダガー｜晴蒼の短剣,鉄壁のマヒガード｜鉄壁の幻惑ガード｜ドガン系呪文の真髄,キュロン湿原
701,てっこうまじん・祖,物質系,7871,10,てっこうせき,暗夜の魔石,レラージェアックス｜一刀星断,復讐のスカラ｜トライアミュレットの戦域｜かぶと割りの極意,創失のガナン帝国領｜創失のガナン帝国城
702,てつのさそり,虫系,6020,12,みがきずな,ヘビーメタル,鉄壁のよろい上｜鉄壁のよろい下｜鉄壁のすねあて,鋼鉄の肉体｜サプライズラッシュの技巧｜ゴッドスマッシュの極意,血潮の浜辺｜レストリア平野
703,デスクローゼット,物質系,6280,25,大きなホネ,幻獣のホネ,ムーンシューター｜セーラスショット,鉄壁の攻撃呪文耐性｜タル投げの極意｜根絶やしの重撃の極意,神代の遺構
704,パペットマン・強,物質系,4530,8,きれいな枝,宵闇のジェル,タンブラーシャツ｜タンブラーリスト｜タンブラークロッグ,トリックゾーンの極意｜果てなきほんきであそぶ｜らせん打ちの極意,魔幻都市ゴーラ跡｜魔幻園マデッサンス
705,ヘルビースト・強,あくま系,5200,8,ひかりの石,せいれいせき,天の冒険者のころも｜天の冒険者のグラブ｜天の冒険者のブーツ,マヌーサの瞬き｜打成一片の極意｜全身全霊斬り系の極意,魔ルクスガルン大空洞
706,ドラゴンライダー,ドラゴン系,5386,8,こうもりのはね,ドラゴンの皮,ドラゴンバンド｜ドラゴンベスト上｜ドラゴングローブ,マグマの極意｜極竜打ちの真髄,封神の参道｜勇者の曙光
707,ブラウニー・祖,怪人系,3678,5,ふさふさの毛皮,サバンナウッド,セーラスハンマー,不滅のテンション｜共鳴のテンションアップ｜シールドブレイクの技巧,タービア草原｜ラランブラ山道
708,ブラッドレディ,鳥系,6401,8,大きなホネ,かぜきりのはね,アビスセーラー上｜アビスセーラー下｜アビスブーツ,戦場のヴィーナス｜ぱふぱふの技巧｜ピンクタイフーンの極意,試みの荒野｜儀礼場への洞くつ｜創失のガナン帝国領
709,ヘルカッチャ・強,マシン系,4800,12,大きなこうら,神秘の鋼線,魔侯爵のよろい｜魔侯爵のかぶと｜魔侯爵のこて,果てなきパラディンガード｜まもの使いの閃き｜なぎはらいの真髄,滅星の深淵
710,ベレス・強,あくま系,7092,13,こうもりのはね,彼岸の砂,ビターローズ｜輝天の鎌,鉄壁の呪いガード｜冥王のかまの極意｜根絶やしの重撃の極意,グラデル台地
711,テンタクルス,水系,2895,12,おうごんのかけら,いかずちのたま,大獄獣のムチ｜魔石球のムチ｜クラッシュチェーン,不屈の闘志｜断空なぎはらいの極意｜ばくれつきゃくの極意,オーフィーヌ海底
712,ぐんたいガニ・祖,水系,9170,4,大きなこうら,赤い宝石,ほのおのかぶと｜ほのおのこて,ヒャド系呪文の瞬き｜におうだちの極意｜武神の護法の極意,シュタール鉱野
713,ズッキーニャ・祖,植物系,9010,10,緑のコケ,ナイトメアリーフ,セーラスランス｜カプリコルランス,始まりのチャージタイム短縮｜ディバインピルムの極意｜さみだれ突き系の極意,ウォルド地方｜雨の島
714,どくやずきん・祖,怪人系,6565,6,どくけしそう,ブルーアイ,プロディトスーツ上｜プロディトスーツ下｜プロディトグローブ,禁断のきようさアップ｜ヴェレ系の瞬き｜弓聖の守り星の戦域,レストリア平野｜ラランブラ山道｜ウォルド地方
715,ライトアーマー,物質系,13241,9,プラチナこうせき,純白の結晶,黒夜叉のよろい上｜黒夜叉のよろい下,不滅の魅惑の水晶球｜打たれ名人｜正義のタロットの極意,グランゼニスの試練場
716,シャドーメイル,物質系,11970,9,てっこうせき,暗夜の魔石,黒夜叉のこて｜黒夜叉の脚甲｜黒夜叉のかぶと,罪人のタロットの極意｜死神のタロットの極意｜かぶと割りの極意,グランゼニスの試練場｜思案の洞くつ
717,ホワイトパンサー,けもの系,7201,10,するどいキバ,純白の結晶,呪眼のツメ｜輝天のツメ,戦士の閃き｜流星爪牙の極意｜デュアルブレイカーの真髄,試みの荒野｜豊穣の密林｜時の王者の悔恨｜神具解放の審問宮3
718,ブラックドラゴン,ドラゴン系,3054,22,大きなこうら,竜の涙,ワンダラーズベレー,鉄壁の闇耐性,魔瘴調査区画｜影の谷
719,フェアリーバット,鳥系,6086,8,うるわしキノコ,幻獣の皮,ロードリーコサージ｜ロードリーローブ上｜ロードリーグローブ,ラリホー系呪文の技巧｜ぱふぱふの技巧｜果てなき闇のヴェール,銀の森｜結晶の森
720,おばけキノコ・祖,植物系,7712,8,げんこつダケ,ささやく枯れ葉,イグナイトメイル上｜イグナイトメイル下,ヴェレ系の技巧｜始まりのラリホー｜ドガン系呪文の瞬き,レストリア平野｜タービア草原
721,メカジラフ,マシン系,6179,21,プラチナこうせき,神秘の鋼線,蒼穹兵団のよろい上｜蒼穹兵団のよろい下,果てなきモンスターゾーン｜プラズマリムーバーの戦域｜ネメシスエッジの真髄,閉ざされた水路｜輝きの草原｜創失のガナン帝国領
722,グレイトドラゴン,ドラゴン系,3211,30,大きなこうら,烈風石,ドラゴンベスト上｜ドラゴンベスト下,鉄壁の雷耐性,迅雷の丘｜ドランド平原｜盾ルクスガルン大空洞｜ナドラガンドの混沌
723,ゴーレム・強,物質系,20350,11,まりょくの土,たそがれゴケ,ミラーアーマー上｜ミラーアーマー下｜,鉄壁の土耐性｜プラズマブレードの極意｜アースクラッシュの極意,閉ざされた水路｜魔幻都市ゴーラ跡
724,ひとくいが,虫系,6204,8,どくがのこな,イエローアイ,陰陽博士のころも下｜陰陽博士のくつ,あんこくのきりの技巧｜ヴァイパーファングの技巧｜アゲハ乱舞系の極意,影の深底｜ラランブラ山道
725,モノクロームナイト,物質系,13867,18,プラチナこうせき,はがねの尾羽,不浄の滅剣,不滅の魅惑の水晶球｜イオ系呪文の瞬き｜死神のタロットの極意,グランゼニスの試練場
726,ゆうれい,ゾンビ系,7539,6,きよめの水,呪力のモト,ウィズダムサイス｜セーラスサイズ,デスマスターの閃き｜タタリ目演舞の極意｜魂狩りの極意,レストリア平野｜ハディン地下洞くつ
727,とっしんこぞう,物質系,9140,1,天使のすず,古代樹の化石,ボーライドスピアー｜クロワランス,スカラ系呪文の瞬き｜たいあたりの極意｜超さみだれ突きの極意,レストリア平野｜ウォルド地方
728,ビッグファング,ドラゴン系,8059,16,するどいキバ,激震のキバ,ワイルドファング,武神の豪腕｜降魔紅蓮斬の極意｜大地裂断系の極意,血潮の浜辺｜閉ざされた水路｜三闘士の憤怒｜ナドラガンドの混沌
729,ハーベストドラゴ,ドラゴン系,7288,13,大きなうろこ,ささやく枯れ葉,ファフニルメイル上｜ファフニルメイル下｜ファフニルブーツ,不滅の回復呪文強化｜始まりのHPアップ｜アースクラッシュの極意,輝きの草原｜神具解放の審問宮1｜神具解放の審問宮3｜ムニエカ地方
730,デスマドモアゼル,物質系,7106,10,にじいろの布きれ,おぼろ水晶,タイタニアステッキ｜ドラゴンベスト下｜魔神のムチ,鉄壁の即死ガード｜禁断のMPアップ｜恐怖弾ショットの極意,神代の遺構｜ムニエカ・隠し通路
731,クラ―ゴン,水系,5699,17,赤いサンゴ,人魚の涙,妖蛇のムチ｜クラッシュチェーン,ハデスの宴の極意,血潮の浜辺｜ジャリムバハ砂漠
732,ウパソルジャー,水系,9287,11,きよめの水,天使のソーマ,プシューケーの盾,水神のたつまきの極意｜竜術士の閃き｜アルテマソードの極意,レストリア平野｜ウォルド地方｜キュロン丘陵
733,テンツク・祖,虫系,8516,11,かがやきそう,大きな貝がら,ほのおのよろい上｜ほのおのグリーブ,果てなきタップダンス｜エレメントブーストの瞬き｜風斬りの舞の戦域,ムニエカ地方｜ムニエカの深層
734,リザードマン・祖,ドラゴン系,11298,8,小さなうろこ,ドラゴンの皮,迅雷のスーツ上｜迅雷のブーツ,打たれ名人｜果てなき攻撃力アップ｜ストームフォースの護り,雨の島
735,ゴーレム・塔,物質系,7234,9,まりょくの土,たそがれゴケ,獅子の大剣,ふんばり魂｜復讐のスカラ｜渾身斬り系の極意,創失の塔
736,バザックス・強,けもの系,7269,18,大きなこうら,まじゅうの皮,聖域の額当て｜聖域の闘衣上｜聖域の闘衣下,禁断のおもさアップ｜心頭滅却の瞬き｜おたけびの戦域,デスディオ暗黒荒原｜思案の洞くつ
737,リターナーモア,鳥系,13118,12,しんせんたまご,はがねの尾羽,スパングルフェザー,ザオリクの瞬き｜果てなき竜の脈動｜おたけびの戦域,ムニエカ地方
738,てんとうスカラベ,虫系,11351,2,なないろのまゆ,烈風石,天球の大盾｜みずがめの大盾｜古代鏡の大盾,武神の豪腕｜鉄壁のどくガード｜岩石おとしの極意,影の深底
739,かまいたち,エレメント系,13352,4,みがきずな,烈風石,スコーピオサイス｜蛮災の鎌,鉄壁の風耐性｜バイキルエンハンスの瞬き｜バギ系呪文の極意,キュロン丘陵
740,しびれあげは,虫系,6788,8,ちょうのはね,彼岸の砂,妖精郷の舞踏服上｜妖精郷の花髪,逆境の身かわしアップ｜鉄壁のマヒガード｜精霊の鼓動の瞬き,雨の島
741,フォレドラ・塔,ドラゴン系,8092,10,上やくそう,幻獣の皮,アメジストライク,いつくしむ心｜不滅の回復呪文強化｜よみがえり節の瞬き,創失の塔
742,グレンデル,けもの系,7673,8,いやしそう,激震のキバ,ダインスレイフ｜輝天の大剣,堅守の心得｜ヘナトスの盾｜スタン弾ショットの極意,天涙の大水源｜勇者の曙光
743,ハデスナイト,ドラゴン系,7088,8,大きなうろこ,ドラゴンの皮,ファフニルメイル下｜ファフニルヘルム｜ファフニルアーム,鉄壁の炎耐性｜煉獄魔斬の極意｜ドルマ系呪文の極意,盟友の虚無
744,死のさそり,虫系,7132,12,大きなこうら,宵闇のジェル,グラフィアス｜ファントムダガー,打たれ名人｜しびれ弾ショットの極意｜一閃突き系の極意,試みの荒野｜三闘士の憤怒
745,タホバルキー,鳥系,12411,15,こうもりのはね,緑の宝石,瑞雲の髪飾り｜瑞雲の道服下｜瑞雲の深沓,ふんばり魂｜ルカニ系呪文の技巧｜ズッシードの瞬き,タービア草原｜キュロン丘陵
746,ブラッディ・ゼア,植物系,11229,12,あやかしそう,カオスベリー,モアクラッシュ｜星喰いの毒蛇,メイクアップの瞬き｜ビーナスステップの技巧｜ミラクルソードの極意,タービア草原
747,かいぞくウーパー,水系,9980,11,ふしぎな海草,とこしえの虹,魔衛隊士のかぶと｜魔衛隊士のこて｜魔衛隊士のグリーブ,鉄壁の氷耐性｜復讐のブレス耐性上昇｜チャージタックルの極意,ハディン地下洞くつ｜キュロン丘陵
748,キラーアーマー・祖,物質系,12965,12,プラチナこうせき,ヘビーメタル,常勝のかぶと｜常勝のよろい下｜常勝のグリーブ,鉄壁の会心完全ガード｜ギガスラッシュの極意｜弓神の守護星座の戦域,創失のガナン帝国領｜創失のガナン帝国城
749,飛竜・塔,ドラゴン系,8188,9,するどいキバ,ドラゴンの皮,迅雷の額当て｜迅雷のスーツ下,,創失の塔
750,コーンホワイト,植物系,11271,17,かがやきそう,純白の結晶,瑞雲の髪飾り｜瑞雲の道服上,復讐の呪文耐性上昇｜イオ系呪文の瞬き｜メイクアップの瞬き,タービア草原
751,シャイニング・強,エレメント系,7010,13,ようがんのカケラ,炎魔の焼け石,炎帝の大盾｜風雲の大盾,鉄壁の炎耐性｜メラ系とギラ系呪文の極意｜ビッグバンの極意,滅星の深淵
752,プリズンイーグル,鳥系,11122,22,氷の樹木,はがねの尾羽,フォーリンスター｜ステラトルネード｜ピスケスエッジ,鉄壁の封印ガード｜ジバ系呪文の瞬き｜しびれ弾ショットの極意,シュタール鉱野
753,グリズリー,けもの系,10382,12,ふさふさの毛皮,激震のキバ,ほのおのこて｜ほのおのグリーブ,鉄壁の会心完全ガード｜禁断のちからアップ｜流星爪牙の極意,シュタール鉱野
754,ダークゲージ,鳥系,11235,14,暗黒の樹木,はがねの尾羽,隠密のはちまき｜隠密の装束上｜隠密の装束下,鉄壁の闇耐性｜復讐のブレス耐性上昇｜ドルマ系呪文の真髄,ムニエカの深層
755,しにがみ,ゾンビ系,9433,6,ブルーアイ,呪力のモト,陰陽博士のころも上｜陰陽博士のてぶくろ,真・やいばくだきの技巧｜デスサイズの極意｜災いの斬撃の真髄,ウォルド地方｜ムニエカ・隠し通路
756,エンペラーレグホン,鳥系,20570,18,まじゅうのツノ,地竜のツメ,天の冒険者のころも｜天の冒険者のグラブ｜天の冒険者のズボン,ギラ系呪文の瞬き｜全身全霊斬り系の真髄｜災いの斬撃の真髄,神具解放の審問宮3
757,りゅう兵士,ドラゴン系,12591,15,大きなうろこ,ドラゴンのホネ,メテオシールド｜アクエリアスガード,ぶきみなひかりの盾｜竜術士の閃き｜火球ブレスの極意,結晶の森
758,がいこつ・祖,ゾンビ系,9666,8,大きなホネ,幻獣のホネ,セーラスソード｜コメットソード,復活のHP回復量アップ｜呪詛の極意｜魂狩りの極意,ラランブラ山道｜ムニエカ地方
759,くらやみ僧正,あくま系,8617,5,緑の宝石,炎魔の焼け石,タウルスハンマー｜ゾークハンマー,ドルマ系呪文の瞬き｜ギラ系呪文の瞬き｜マホカンタ系呪文の瞬き,断罪の剣
760,ワイトキング・祖,ゾンビ系,13485,20,小さなホネ,スーパーホネホネ,アンテイクドレス下｜アンテイクグローブ｜アンテイクシューズ,禁断のMPアップ｜魔力かくせいの瞬き｜ドルマ系呪文の極意,創失のガナン帝国城
761,堕天のメイス,ゾンビ系,13544,7,ブラックパール,悲願の血涙,ヘナトライロッド,鉄壁の闇耐性｜バギ系呪文の瞬き｜ダークフォースの護り,影の深底
762,ダースリカント,けもの系,15191,14,するどいキバ,まじゅうの皮,オフビートクロー｜機殴竜殺｜キャンサークロー,奇跡の会心攻撃｜ライガークラッシュの真髄,ウォルド地方
763,リカント,けもの系,14212,5,するどい爪,まじゅうの皮,迅雷のスーツ下｜迅雷の手甲,韋駄天の足｜果てなきテンションバーン｜隠者の閃き,雨の島
764,かげのきし・祖,ゾンビ系,6868,9,まほうの小ビン,スーパーホネホネ,烈風のころも下｜烈風のグローブ｜烈風のブーツ,不屈の闘志｜武神の豪腕｜マヌーサの技巧,創失のガナン帝国領
765,ジェイドマスク,物質系,10034,22,氷のけっしょう,せいれいせき,蒼穹兵団のかぶと｜聖域の額当て｜空賊のバンダナ,豪雪氷結乱撃系の極意｜ランドインパクトの真髄,儀礼場への洞くつ｜キュロン丘陵
766,デザートモデル,マシン系,17138,29,プラチナこうせき,神秘の鋼線,紫電の轟剣｜クラウドブレイカー,ドガン系呪文の瞬き｜アブソリュートレイの極意,シュタール鉱野
767,マタンゴ・祖,植物系,8211,8,げんこつダケ,宵闇のジェル,乱破の忍び装束下｜乱破の脚半,ラリホー系呪文の瞬き｜ドガン系とジバ系呪文の極意｜花ふぶきの技巧,ムニエカ地方
768,キングスライム・強,スライム系,15785,5,やわらかい肉,しもふりミート,覇王の大剣｜蒼穹の王｜鷲王の盾,始まりのHPアップ,ガウシア樹海
769,りゅうぐう王,ドラゴン系,4320,189,氷のけっしょう,別冊・マーメイドの謎,ヴィーラのころも上｜ヴィーラのころも下,鉄壁の光耐性,オーフィーヌ海底｜古・エテーネ王国領｜現・エテーネ王国領｜神具解放の審問宮3
770,ノーライフロード,ゾンビ系,16108,24,小さなホネ,よるのとばり,アリエススタッフ｜ソールワンド｜プリエールの杖,デスマスターの閃き｜ドガン系とジバ系呪文の極意｜霊脈魔法陣の戦域,ラランブラ山道
771,りゅうぐう王・塔,ドラゴン系,8452,11,氷のけっしょう,せいれいせき,天象のスティック,鉄壁の光耐性,創失の塔
772,キングリザード・強,ドラゴン系,10863,26,大きなうろこ,ドラゴンの皮,聖大剣アスカロン｜ドラゴンクロー改｜ドラゴンクロー絶,鋼鉄の肉体｜始まりのHPアップ｜古今無双の極意,滅星の深淵
773,キングスライム・祖,スライム系,15574,18,特やくそう,トガリアのしずく,迅雷の額当て,いつくしむ心｜鉄壁の雷耐性｜ホイミ系呪文の奇跡,雨の島
774,ジア・デーモン,物質系,14223,15,こうもりのはね,悲願の血涙,輝天のやり｜不死鳥のやり,ラリホー系呪文の技巧｜ヒャド系呪文の瞬き｜デスサイズの極意,死せる結晶の荒野｜魔眼の月｜恵の広場
775,キラーマシン・強,マシン系,11354,15,プラチナこうせき,神秘の鋼線,はやぶさの剣改｜聖王のナイフ,魅惑の水晶球の瞬き｜厄災の滅撃の極意,ゼクレス城・宝物庫
776,ベスキング,スライム系,12693,32,上やくそう,スライムゼリー,聖域の闘衣上｜聖域の闘衣下,不滅の呪文ダメージ限界突破｜始まりのHPアップ｜ウェイトブレイクの極意,ウォルド地方｜キュロン丘陵
777,ギガントモンキー,けもの系,14002,12,ふさふさの毛皮,まじゅうの皮,聖域の闘衣上｜聖域のこて｜聖域のブーツ,崩命拳の極意｜果てなきビーストモード｜プレートインパクトの真髄,豊穣の密林
778,まおうのつかい・強,ゾンビ系,23600,16,よごれたほうたい,激震のキバ,鳴神のつるぎ,ぶんまわしの真髄｜大旋風斬りの極意,封神の参道｜魔幻都市ゴーラ跡
779,ライオネック,あくま系,13832,12,うるわしキノコ,烈風石,輝天の鎌｜神緋の鎌,禁断のHPアップ｜古今無双の極意｜塔のタロットの極意,デスディオ暗黒荒原｜勇者の曙光
780,ビビッドヘッド,物質系,15816,20,ほしのカケラ,にじいろの布きれ,陰陽博士のぼうし,マッドブレスの極意｜ランドインパクトの極意,レストリア平野
781,ギガンテス・強,あくま系,21615,12,水の樹木,暗夜の魔石,ディープブルー,禁断のHPアップ｜災いの斬撃の極意,ゲルヘナ幻野｜グラデル台地
782,ひとくいばこ・祖,物質系,24542,25,ゴールドストーン,きんかい,ロードリーローブ下｜ロードリーグローブ,果てなきどうぐ倍化術,創失のガナン帝国城
783,デュラハーン,ゾンビ系,22802,13,よごれたほうたい,たそがれゴケ,魔界の大盾｜獅子王の大盾,禁断のHPアップ｜デスマスターの閃き,旧ネクロデア領
784,暗黒の使い,ゾンビ系,16900,14,ジャンボ玉ねぎ,しもふりミート,輝天の大剣｜斬魔の緋大剣｜セーラスブレード,ディバインスペルの技巧｜ヒャド系呪文の瞬き｜暗黒連撃の極意,ゼドラ王の黄昏｜創失のガナン帝国領
785,ギガントヒルズ・強,ドラゴン系,16605,14,大きなうろこ,炎魔の焼け石,ファフニルヘルム｜ファフニルメイル上｜ファフニルアーム,ビーストファングの極意｜水神のたつまきの極意｜プレートインパクトの真髄,魔ルクスガルン大空洞
786,くろがねの巨人,物質系,21610,18,てっこうせき,ヘビーメタル,しっこくのブーツ｜しっこくのグローブ｜しっこくのマント,禁断のおもさアップ｜ドガン系呪文の真髄,レストリア平野
787,キラーマシン・祖,マシン系,22518,19,ぎんのこうせき,神秘の鋼線,常勝のよろい上｜常勝のこて,神業の手｜気まぐれな追撃｜ダークネスショットの極意,創失のガナン帝国領
788,ベヒードス・塔,ドラゴン系,8820,13,やわらかい肉,まじゅうのホネ,常勝のかぶと｜常勝のグリーブ,打たれ名人｜禁断のおもさアップ｜プレートインパクトの極意,創失の塔
789,ミミック・強,物質系,22304,10,きんかい,おぼろ水晶,大怪傑のはちまき｜大怪傑のグローブ,大呪詛の極意,
790,ダークトロル,あくま系,20658,12,暗黒の樹木,暗夜の魔石,悪魔王の鉄槌,打たれ名人｜戦車のタロットの極意｜果てなき闇のヴェール,デスディオ暗黒荒原｜創失のガナン帝国城
791,ホワイトジャッジ,ドラゴン系,21050,20,ホワイトウッド,純白の結晶,輝天のハンマー｜疾風怒涛,武神の豪腕｜奇跡の会心攻撃｜大地裂断系の極意,試みの荒野｜神具解放の審問宮3
792,だいまじん・祖,物質系,23744,24,つけもの石,げんませき,妖精郷の舞踏服下｜妖精郷のうでわ｜妖精郷のブーツ,鋼鉄の肉体｜鉄壁のふっとびガード｜バイキルエンハンスの瞬き,創失のガナン帝国領｜創失のガナン帝国城
793,闇のキリンジ,けもの系,23277,15,暗黒の樹木,暗夜の魔石,ローズロッド,ラッシュバーンの極意｜占技・天輪殺の真髄｜厄災の滅撃の極意,ジャリムバハ砂漠
1807,スケアフレイル,ゾンビ系,22904,13,よごれたほうたい,ささやく枯れ葉,獅子王の大盾｜不落の大盾,ファントムハックの極意｜双竜打ちの真髄｜極竜打ちの真髄,断罪の剣｜盾ルクスガルン大空洞｜ゼドラ王の黄昏
795,ドラゴンゾンビ・強,ドラゴン系,24914,13,大きなホネ,ドラゴンのホネ,ドラゴンクロー絶,果てなきハデスの宴,ジャリムバハ砂漠
796,ダークパラディン,ゾンビ系,20625,14,大きなこうら,おぼろ水晶,不落の大盾,チャージタックルの極意｜果てなき聖光の鎧｜果てなき鉄壁の進軍,封神の参道｜ジャゴヌバ神殿
797,プラチナミミック,物質系,23470,13,プラチナこうせき,純白の結晶,プラチナソード｜プラチナブレード｜プラチナウィング,始まりのルカニ｜スキルクラッシュの技巧｜海賊の閃き,
798,キースドラゴン,ドラゴン系,21500,14,大きなうろこ,火竜のキバ,ドラゴンベスト上｜ドラゴンベスト下,鉄壁のブレス耐性｜フバーハ系呪文の瞬き｜果てなきウォークライ,天涙の大水源｜勇者の曙光
799,デンガー,スライム系,20680,25,にじいろの布きれ,いかずちのたま,輝天のつるぎ｜妖精の剣,気まぐれな追撃｜めいどうふうまの極意｜ギガブレイクの真髄,フォーリオン造成地｜神具解放の審問宮3｜シュタール鉱野
800,ジラフドラグーン,けもの系,25981,17,みかわしそう,幻獣の皮,クリナップロッド｜ライブラロッド,ズッシードの瞬き｜果てなき竜の脈動｜奥義・棍閃殺の真髄,キュロン丘陵
801,ヘルガーディアン,ゾンビ系,23990,14,かがみ石,たそがれゴケ,獅子王の大盾｜輝天の大盾,始まりのバイシオン｜ためるの極意｜恐怖弾ショットの極意,神代の遺構｜ハディン採石場
802,グリーンボーン,ゾンビ系,21037,15,とげウニ,悲願の血涙,輝天の大盾｜守護神の大盾,ヴェレ系の技巧｜果てなきパラディンガード｜やいばのぼうぎょの極意,時の王者の悔恨
803,ダースドラゴン,ドラゴン系,22800,14,大きなうろこ,火竜のキバ,ファフニルメイル上｜ファフニルメイル下,鉄壁のふっとびガード｜マホトーンの瞬き｜ライガークラッシュの真髄,ナドラガンドの混沌｜神具解放の審問宮3
805,ドリアンデッド,ゾンビ系,23018,18,大きなこうら,炎魔の焼け石,フォースシールド,ルカニの盾｜ドルマ系呪文の瞬き｜やいばのぼうぎょの極意,シュタール鉱野
806,ドラゴン・塔,ドラゴン系,11494,14,ドラゴンのホネ,ドラゴンのツノ,烈風のキャップ｜烈風のグローブ,鉄壁の炎耐性｜復讐のブレス耐性上昇｜禁断のちからアップ,創失の塔
807,ブラッドエイプス,けもの系,24946,19,こうもりのはね,まじゅうの皮,魔衛隊士のよろい上｜魔衛隊士のよろい下,アースクラッシュの極意｜岩石おとしの極意,タービア草原｜キュロン丘陵
808,コスモスライム,スライム系,467,4,ほしのカケラ,イエローアイ,アステルウィップ,鉄壁の転びガード｜果てなき攻撃力アップ｜スライムブロウの極意,月
