monster_id,monster_name,item_name,item_slot,equipment_level,drop_status
,,コスモスヘルム,頭,130,none
,,コスモスアーマー上,からだ上,130,none
,,コスモスアーマー下,からだ下,130,none
,,コスモスのこて,腕,130,none
,,コスモスグリーブ,足,130,none
748,キラーアーマー・祖,常勝のかぶと,頭,128,has_drop
788,ベヒードス・塔,常勝のかぶと,頭,128,has_drop
787,キラーマシン・祖,常勝のよろい上,からだ上,128,has_drop
621,マリンスライム・塔,常勝のよろい上,からだ上,128,has_drop
748,キラーアーマー・祖,常勝のよろい下,からだ下,128,has_drop
621,マリンスライム・塔,常勝のよろい下,からだ下,128,has_drop
787,キラーマシン・祖,常勝のこて,腕,128,has_drop
748,キラーアーマー・祖,常勝のグリーブ,足,128,has_drop
788,ベヒードス・塔,常勝のグリーブ,足,128,has_drop
716,シャドーメイル,黒夜叉のかぶと,頭,125,has_drop
715,ライトアーマー,黒夜叉のよろい上,からだ上,125,has_drop
715,ライトアーマー,黒夜叉のよろい下,からだ下,125,has_drop
716,シャドーメイル,黒夜叉のこて,腕,125,has_drop
716,シャドーメイル,黒夜叉の脚甲,足,125,has_drop
747,かいぞくウーパー,魔衛隊士のかぶと,頭,120,has_drop
,,魔衛隊士のよろい上,からだ上,120,none
,,魔衛隊士のよろい下,からだ下,120,none
747,かいぞくウーパー,魔衛隊士のこて,腕,120,has_drop
747,かいぞくウーパー,魔衛隊士のグリーブ,足,120,has_drop
584,スピンサタン,ほのおのかぶと,頭,118,has_drop
661,ジェイドウォリアー,ほのおのかぶと,頭,118,has_drop
712,ぐんたいガニ・祖,ほのおのかぶと,頭,118,has_drop
584,スピンサタン,ほのおのよろい上,からだ上,118,has_drop
733,テンツク・祖,ほのおのよろい上,からだ上,118,has_drop
584,スピンサタン,ほのおのよろい下,からだ下,118,has_drop
661,ジェイドウォリアー,ほのおのこて,腕,118,has_drop
712,ぐんたいガニ・祖,ほのおのこて,腕,118,has_drop
753,グリズリー,ほのおのこて,腕,118,has_drop
661,ジェイドウォリアー,ほのおのグリーブ,足,118,has_drop
733,テンツク・祖,ほのおのグリーブ,足,118,has_drop
753,グリズリー,ほのおのグリーブ,足,118,has_drop
674,むくろカサゴ,蒼穹兵団のかぶと,頭,115,has_drop
675,いしにんぎょう・強,蒼穹兵団のかぶと,頭,115,has_drop
765,ジェイドマスク,蒼穹兵団のかぶと,頭,115,has_drop
674,むくろカサゴ,蒼穹兵団のよろい上,からだ上,115,has_drop
721,メカジラフ,蒼穹兵団のよろい上,からだ上,115,has_drop
675,いしにんぎょう・強,蒼穹兵団のよろい下,からだ下,115,has_drop
721,メカジラフ,蒼穹兵団のよろい下,からだ下,115,has_drop
674,むくろカサゴ,蒼穹兵団のこて,腕,115,has_drop
675,いしにんぎょう・強,蒼穹兵団のグリーブ,足,115,has_drop
709,ヘルカッチャ・強,魔侯爵のかぶと,頭,110,has_drop
672,ガメゴンロード,魔侯爵のよろい,からだ上,110,has_drop
709,ヘルカッチャ・強,魔侯爵のよろい,からだ上,110,has_drop
907,ガメゴンレジェンド,魔侯爵のよろい,からだ上,110,has_drop
672,ガメゴンロード,魔侯爵のこて,腕,110,has_drop
709,ヘルカッチャ・強,魔侯爵のこて,腕,110,has_drop
907,ガメゴンレジェンド,魔侯爵のこて,腕,110,has_drop
672,ガメゴンロード,魔侯爵のグリーブ,足,110,has_drop
907,ガメゴンレジェンド,魔侯爵のグリーブ,足,110,has_drop
692,デビルアーマー・強,ミラーヘルム,頭,108,has_drop
529,サーバルスカイ,ミラーアーマー上,からだ上,108,has_drop
692,デビルアーマー・強,ミラーアーマー上,からだ上,108,has_drop
723,ゴーレム・強,ミラーアーマー上,からだ上,108,has_drop
529,サーバルスカイ,ミラーアーマー下,からだ下,108,has_drop
692,デビルアーマー・強,ミラーアーマー下,からだ下,108,has_drop
723,ゴーレム・強,ミラーアーマー下,からだ下,108,has_drop
529,サーバルスカイ,ミラーガントレット,腕,108,has_drop
642,ダッシュラン・強,ミラーグリーブ,足,108,has_drop
463,どくろあらい・強,ネヴァンヘルム,頭,105,has_drop
687,さまようよろい・強,ネヴァンヘルム,頭,105,has_drop
650,アンゴラー,ネヴァンメイル上,からだ上,105,has_drop
687,さまようよろい・強,ネヴァンメイル上,からだ上,105,has_drop
463,どくろあらい・強,ネヴァンメイル下,からだ下,105,has_drop
650,アンゴラー,ネヴァンメイル下,からだ下,105,has_drop
463,どくろあらい・強,ネヴァングラブ,腕,105,has_drop
687,さまようよろい・強,ネヴァングリーブ,足,105,has_drop
601,くさった死体・強,ヴァルハラヘルム,頭,100,has_drop
618,マリンスライム・強,ヴァルハラヘルム,頭,100,has_drop
652,アンクルホーン,ヴァルハラヘルム,頭,100,has_drop
618,マリンスライム・強,ヴァルハラメイル上,からだ上,100,has_drop
670,リザードファッツ,ヴァルハラメイル上,からだ上,100,has_drop
601,くさった死体・強,ヴァルハラメイル下,からだ下,100,has_drop
629,デスフラッター,ヴァルハラメイル下,からだ下,100,has_drop
652,アンクルホーン,ヴァルハラメイル下,からだ下,100,has_drop
618,マリンスライム・強,ヴァルハラグローブ,腕,100,has_drop
629,デスフラッター,ヴァルハラグローブ,腕,100,has_drop
601,くさった死体・強,ヴァルハラグリーブ,足,100,has_drop
629,デスフラッター,ヴァルハラグリーブ,足,100,has_drop
652,アンクルホーン,ヴァルハラグリーブ,足,100,has_drop
670,リザードファッツ,ヴァルハラグリーブ,足,100,has_drop
520,ぐんたいガニ・強,シュバリエハット,頭,99,has_drop
563,カーディナルナイト,シュバリエハット,頭,99,has_drop
359,じごくのよろい,シュバリエメイル上,からだ上,99,has_drop
563,カーディナルナイト,シュバリエメイル上,からだ上,99,has_drop
588,だいまじん,シュバリエメイル上,からだ上,99,has_drop
359,じごくのよろい,シュバリエメイル下,からだ下,99,has_drop
520,ぐんたいガニ・強,シュバリエメイル下,からだ下,99,has_drop
588,だいまじん,シュバリエメイル下,からだ下,99,has_drop
563,カーディナルナイト,シュバリエグローブ,腕,99,has_drop
588,だいまじん,シュバリエグローブ,腕,99,has_drop
520,ぐんたいガニ・強,シュバリエグリーブ,足,99,has_drop
516,ガメゴン,鉄壁のかぶと,頭,96,has_drop
702,てつのさそり,鉄壁のよろい上,からだ上,96,has_drop
702,てつのさそり,鉄壁のよろい下,からだ下,96,has_drop
516,ガメゴン,鉄壁のグローブ,腕,96,has_drop
516,ガメゴン,鉄壁のすねあて,足,96,has_drop
702,てつのさそり,鉄壁のすねあて,足,96,has_drop
,,降魔のサークレット,頭,93,none
453,スカラベキング,降魔のよろい上,からだ上,93,has_drop
477,ギガントドラゴン,降魔のよろい上,からだ上,93,has_drop
453,スカラベキング,降魔のよろい下,からだ下,93,has_drop
477,ギガントドラゴン,降魔のよろい下,からだ下,93,has_drop
,,降魔のこて,腕,93,none
,,降魔のグリーブ,足,93,none
543,キラーアーマー,大戦鬼のかぶと,頭,90,has_drop
543,キラーアーマー,大戦鬼のよろい,からだ上,90,has_drop
,,大戦鬼のこて,腕,90,none
543,キラーアーマー,大戦鬼のグリーブ,足,90,has_drop
335,ビッグモアイ,天宮騎士のかぶと,頭,85,has_drop
551,ドラゴンゾンビ,天宮騎士のかぶと,頭,85,has_drop
521,トリカトラプス,天宮騎士のよろい上,からだ上,85,has_drop
549,まかいじゅう,天宮騎士のよろい下,からだ下,85,has_drop
521,トリカトラプス,天宮騎士のこて,腕,85,has_drop
551,ドラゴンゾンビ,天宮騎士のこて,腕,85,has_drop
549,まかいじゅう,天宮騎士のグリーブ,足,85,has_drop
335,ビッグモアイ,凱歌のヘルム,頭,80,has_drop
426,いしにんぎょう,凱歌のヘルム,頭,80,has_drop
426,いしにんぎょう,凱歌のよろい上,からだ上,80,has_drop
,,凱歌のよろい下,からだ下,80,none
,,凱歌のガントレット,腕,80,none
,,凱歌のグリーブ,足,80,none
335,ビッグモアイ,騎神のかぶと,頭,80,has_drop
467,バザックス,騎神のよろい,からだ上,80,has_drop
,,騎神のガントレット,腕,80,none
467,バザックス,騎神のグリーブ,足,80,has_drop
,,トライドニット,頭,130,none
,,トライドアーマー,からだ上,130,none
,,トライドズボン,からだ下,130,none
,,トライドグローブ,腕,130,none
,,トライドブーツ,足,130,none
773,キングスライム・祖,迅雷の額当て,頭,128,has_drop
749,飛竜・塔,迅雷の額当て,頭,128,has_drop
734,リザードマン・祖,迅雷のスーツ上,からだ上,128,has_drop
763,リカント,迅雷のスーツ下,からだ下,128,has_drop
749,飛竜・塔,迅雷のスーツ下,からだ下,128,has_drop
763,リカント,迅雷の手甲,腕,128,has_drop
734,リザードマン・祖,迅雷のブーツ,足,128,has_drop
680,ガチャコッコ・祖,一角鬼の額当て,頭,125,has_drop
653,スライム・祖,一角鬼の闘着上,からだ上,125,has_drop
680,ガチャコッコ・祖,一角鬼の闘着下,からだ下,125,has_drop
653,スライム・祖,一角鬼の手甲,腕,125,has_drop
680,ガチャコッコ・祖,一角鬼の脚絆,足,125,has_drop
625,クリオネオン,イグナイトバンド,頭,120,has_drop
720,おばけキノコ・祖,イグナイトメイル上,からだ上,120,has_drop
720,おばけキノコ・祖,イグナイトメイル下,からだ下,120,has_drop
690,もみじこぞう・祖,イグナイトグローブ,腕,120,has_drop
690,もみじこぞう・祖,イグナイトグリーブ,足,120,has_drop
705,ヘルビースト・強,天の冒険者のころも,からだ上,118,has_drop
756,エンペラーレグホン,天の冒険者のころも,からだ上,118,has_drop
756,エンペラーレグホン,天の冒険者のズボン,からだ下,118,has_drop
705,ヘルビースト・強,天の冒険者のグラブ,腕,118,has_drop
756,エンペラーレグホン,天の冒険者のグラブ,腕,118,has_drop
705,ヘルビースト・強,天の冒険者のブーツ,足,118,has_drop
736,バザックス・強,聖域の額当て,頭,115,has_drop
765,ジェイドマスク,聖域の額当て,頭,115,has_drop
736,バザックス・強,聖域の闘衣上,からだ上,115,has_drop
776,ベスキング,聖域の闘衣上,からだ上,115,has_drop
777,ギガントモンキー,聖域の闘衣上,からだ上,115,has_drop
736,バザックス・強,聖域の闘衣下,からだ下,115,has_drop
776,ベスキング,聖域の闘衣下,からだ下,115,has_drop
777,ギガントモンキー,聖域のこて,腕,115,has_drop
777,ギガントモンキー,聖域のブーツ,足,115,has_drop
743,ハデスナイト,ファフニルヘルム,頭,110,has_drop
785,ギガントヒルズ・強,ファフニルヘルム,頭,110,has_drop
729,ハーベストドラゴ,ファフニルメイル上,からだ上,110,has_drop
785,ギガントヒルズ・強,ファフニルメイル上,からだ上,110,has_drop
803,ダースドラゴン,ファフニルメイル上,からだ上,110,has_drop
729,ハーベストドラゴ,ファフニルメイル下,からだ下,110,has_drop
743,ハデスナイト,ファフニルメイル下,からだ下,110,has_drop
803,ダースドラゴン,ファフニルメイル下,からだ下,110,has_drop
743,ハデスナイト,ファフニルアーム,腕,110,has_drop
785,ギガントヒルズ・強,ファフニルアーム,腕,110,has_drop
642,ダッシュラン・強,ファフニルブーツ,足,110,has_drop
729,ハーベストドラゴ,ファフニルブーツ,足,110,has_drop
403,ファーラット・強,開祖のぼうし,頭,108,has_drop
590,グリングリン,開祖のぼうし,頭,108,has_drop
673,マージマタンゴ,開祖のぼうし,頭,108,has_drop
403,ファーラット・強,開祖の道着上,からだ上,108,has_drop
626,デスゴーゴン,開祖の道着上,からだ上,108,has_drop
590,グリングリン,開祖の道着下,からだ下,108,has_drop
626,デスゴーゴン,開祖の道着下,からだ下,108,has_drop
673,マージマタンゴ,開祖の道着下,からだ下,108,has_drop
403,ファーラット・強,開祖のてぶくろ,腕,108,has_drop
673,マージマタンゴ,開祖のてぶくろ,腕,108,has_drop
590,グリングリン,開祖のブーツ,足,108,has_drop
677,デスカイザー,ガナドールバンド,頭,105,has_drop
693,ガルバ・強,ガナドールバンド,頭,105,has_drop
677,デスカイザー,ガナドールスーツ上,からだ上,105,has_drop
693,ガルバ・強,ガナドールスーツ上,からだ上,105,has_drop
694,ゴルバ・強,ガナドールスーツ下,からだ下,105,has_drop
677,デスカイザー,ガナドールグローブ,腕,105,has_drop
694,ゴルバ・強,ガナドールグローブ,腕,105,has_drop
693,ガルバ・強,ガナドールブーツ,足,105,has_drop
694,ゴルバ・強,ガナドールブーツ,足,105,has_drop
470,ピッキー・強,レギオンヘルム,頭,100,has_drop
511,デスストーカー,レギオンヘルム,頭,100,has_drop
458,おにこぞう・強,レギオンメイル上,からだ上,100,has_drop
470,ピッキー・強,レギオンメイル上,からだ上,100,has_drop
535,シャドーサタン,レギオンメイル上,からだ上,100,has_drop
458,おにこぞう・強,レギオンメイル下,からだ下,100,has_drop
511,デスストーカー,レギオンメイル下,からだ下,100,has_drop
470,ピッキー・強,レギオングローブ,腕,100,has_drop
535,シャドーサタン,レギオングローブ,腕,100,has_drop
458,おにこぞう・強,レギオングリーブ,足,100,has_drop
511,デスストーカー,レギオングリーブ,足,100,has_drop
446,メタッピー・強,族長のバンダナ,頭,99,has_drop
527,バーサーカー,族長のバンダナ,頭,99,has_drop
603,フンガー,族長のバンダナ,頭,99,has_drop
431,ドラゴスライム,族長のケープ上,からだ上,99,has_drop
527,バーサーカー,族長のケープ上,からだ上,99,has_drop
603,フンガー,族長のケープ上,からだ上,99,has_drop
881,ドラゴメタル,族長のケープ上,からだ上,99,has_drop
446,メタッピー・強,族長のケープ下,からだ下,99,has_drop
527,バーサーカー,族長のケープ下,からだ下,99,has_drop
604,ブルジャックル,族長のケープ下,からだ下,99,has_drop
683,アームライオン・強,族長のアーム,腕,99,has_drop
431,ドラゴスライム,族長のブーツ,足,99,has_drop
446,メタッピー・強,族長のブーツ,足,99,has_drop
604,ブルジャックル,族長のブーツ,足,99,has_drop
881,ドラゴメタル,族長のブーツ,足,99,has_drop
468,ブルファング,トライバルヘッド,頭,96,has_drop
499,くびかりぞく,トライバルヘッド,頭,96,has_drop
469,レッドオーガ,トライバルトップ,からだ上,96,has_drop
589,ヒッポカンバー,トライバルトップ,からだ上,96,has_drop
468,ブルファング,トライバルボトム,からだ下,96,has_drop
499,くびかりぞく,トライバルトップ,からだ下,96,has_drop
469,レッドオーガ,トライバルグローブ,腕,96,has_drop
589,ヒッポカンバー,トライバルブーツ,足,96,has_drop
389,グリンバングル,武神の道着上,からだ上,93,has_drop
492,ミステリドール,武神の道着上,からだ上,93,has_drop
553,まじんブドゥ,武神の道着上,からだ上,93,has_drop
894,シャコウ鬼神,武神の道着上,からだ上,93,has_drop
396,イエロバングル,武神の道着下,からだ下,93,has_drop
492,ミステリドール,武神の道着下,からだ下,93,has_drop
553,まじんブドゥ,武神の道着下,からだ下,93,has_drop
894,シャコウ鬼神,武神の道着下,からだ下,93,has_drop
389,グリンバングル,武神の腕帯,腕,93,has_drop
396,イエロバングル,武神の脚帯,足,93,has_drop
,,トーテムクラウン,頭,90,none
,,トーテムケープ上,からだ上,90,none
,,トーテムケープ下,からだ下,90,none
,,トーテムブレス,腕,90,none
,,トーテムサンダル,足,90,none
,,風虎のはちがね,頭,85,none
326,ウイングタイガー,風虎の道着,からだ上,85,has_drop
882,ブロンドボーイ,風虎の道着,からだ上,85,has_drop
326,ウイングタイガー,風虎のうでわ,腕,85,has_drop
442,やつざきアニマル,風虎のうでわ,腕,85,has_drop
882,ブロンドボーイ,風虎のうでわ,腕,85,has_drop
326,ウイングタイガー,風虎のくつ,足,85,has_drop
882,ブロンドボーイ,風虎のくつ,足,85,has_drop
370,ギガントヒルズ,黄竜のはちまき,頭,80,has_drop
344,ブルーミンクス,黄竜の道着,からだ上,80,has_drop
370,ギガントヒルズ,黄竜の道着,からだ上,80,has_drop
,,黄竜のうでわ,腕,80,none
344,ブルーミンクス,黄竜のくつ,足,80,has_drop
,,獄獣のぼうし,頭,80,none
,,獄獣のケープ,からだ上,80,none
,,獄獣のズボン,からだ下,80,none
,,獄獣のうであて,腕,80,none
,,獄獣のくつ,足,80,none
,,ノクトルクラウン,頭,130,none
,,ノクトルケープ上,からだ上,130,none
,,ノクトルケープ下,からだ下,130,none
,,ノクトルグローブ,腕,130,none
,,ノクトルブーツ,足,130,none
740,しびれあげは,妖精郷の花髪,頭,128,has_drop
740,しびれあげは,妖精郷の舞踏服上,からだ上,128,has_drop
641,ドロヌーバ・塔,妖精郷の舞踏服上,からだ上,128,has_drop
792,だいまじん・祖,妖精郷の舞踏服下,からだ下,128,has_drop
641,ドロヌーバ・塔,妖精郷の舞踏服下,からだ下,128,has_drop
792,だいまじん・祖,妖精郷のうでわ,腕,128,has_drop
792,だいまじん・祖,妖精郷のブーツ,足,128,has_drop
750,コーンホワイト,瑞雲の髪飾り,頭,125,has_drop
745,タホバルキー,瑞雲の髪飾り,頭,125,has_drop
750,コーンホワイト,瑞雲の道服上,からだ上,125,has_drop
745,タホバルキー,瑞雲の道服下,からだ下,125,has_drop
491,マドハンド・強,瑞雲のこて,腕,125,has_drop
745,タホバルキー,瑞雲の深沓,足,125,has_drop
681,タホドラキー・祖,プロディトヘッド,頭,120,has_drop
714,どくやずきん・祖,プロディトスーツ上,からだ上,120,has_drop
714,どくやずきん・祖,プロディトスーツ下,からだ下,120,has_drop
714,どくやずきん・祖,プロディトグローブ,腕,120,has_drop
681,タホドラキー・祖,プロディトシューズ,足,120,has_drop
546,ヘブンバルーン,スパングルフェザー,頭,118,has_drop
737,リターナーモア,スパングルフェザー,頭,118,has_drop
546,ヘブンバルーン,スパングルドレス上,からだ上,118,has_drop
546,ヘブンバルーン,スパングルドレス下,からだ下,118,has_drop
662,ニードルマン・強,スパングルグローブ,腕,118,has_drop
855,ブルジョワハンド,スパングルグローブ,腕,118,has_drop
662,ニードルマン・強,スパングルパンプス,足,118,has_drop
615,ラストテンツク,聖翼の髪飾り,頭,115,has_drop
615,ラストテンツク,聖翼のドレス上,からだ上,115,has_drop
636,マダムコーン,聖翼のドレス下,からだ下,115,has_drop
636,マダムコーン,聖翼のグローブ,腕,115,has_drop
615,ラストテンツク,聖翼のブーツ,足,115,has_drop
515,ダックスビル,グレイスフルハット,頭,110,has_drop
592,ジャンガラ,グレイスフルコート,からだ上,110,has_drop
592,ジャンガラ,グレイスフルボトム,からだ下,110,has_drop
,,グレイスフルグローブ,腕,110,none
592,ジャンガラ,グレイスフルブーツ,足,110,has_drop
688,エンタシスマン・強,かぜのぼうし,頭,108,has_drop
697,パンプキッズ・強,かぜのぼうし,頭,108,has_drop
688,エンタシスマン・強,かぜのマント,からだ上,108,has_drop
697,パンプキッズ・強,かぜのマント,からだ上,108,has_drop
,,かぜのマント下,からだ下,108,none
697,パンプキッズ・強,かぜのグローブ,腕,108,has_drop
688,エンタシスマン・強,かぜのブーツ,足,108,has_drop
596,おどるほうせき・強,ヴィーラのバンダナ,頭,105,has_drop
769,りゅうぐう王,ヴィーラのころも上,からだ上,105,has_drop
769,りゅうぐう王,ヴィーラのころも下,からだ下,105,has_drop
596,おどるほうせき・強,ヴィーラのグローブ,腕,105,has_drop
596,おどるほうせき・強,ヴィーラのサンダル,足,105,has_drop
510,ディアブラダ,タンブラーバンダナ,頭,100,has_drop
704,パペットマン・強,タンブラーシャツ,からだ上,100,has_drop
510,ディアブラダ,タンブラーボトム,からだ下,100,has_drop
704,パペットマン・強,タンブラーリスト,腕,100,has_drop
510,ディアブラダ,タンブラークロッグ,足,100,has_drop
704,パペットマン・強,タンブラークロッグ,足,100,has_drop
461,スライムベホマズン,ポールスターハット,頭,99,has_drop
531,テンツク,ポールスターハット,頭,99,has_drop
664,ヘルプラネット,ポールスターハット,頭,99,has_drop
869,バロンシルエット,ポールスターハット,頭,99,has_drop
531,テンツク,ポールスタートップ,からだ上,99,has_drop
558,スーパーテンツク,ポールスタートップ,からだ上,99,has_drop
664,ヘルプラネット,ポールスタートップ,からだ上,99,has_drop
461,スライムベホマズン,ポールスターボトム,からだ下,99,has_drop
558,スーパーテンツク,ポールスターボトム,からだ下,99,has_drop
664,ヘルプラネット,ポールスターボトム,からだ下,99,has_drop
,,ポールスターリスト,腕,99,none
461,スライムベホマズン,ポールスターのくつ,足,99,has_drop
531,テンツク,ポールスターのくつ,足,99,has_drop
558,スーパーテンツク,ポールスターのくつ,足,99,has_drop
306,ミスターガリック,エトワールハット,頭,96,has_drop
306,ミスターガリック,エトワールコート上,からだ上,96,has_drop
479,ぬくぬくどり,エトワールコート上,からだ上,96,has_drop
332,アンゴラモーア,エトワールコート下,からだ下,96,has_drop
479,ぬくぬくどり,エトワールグローブ,腕,96,has_drop
332,アンゴラモーア,エトワールブーツ,足,96,has_drop
566,ワニバーン,スターダムハット,頭,93,has_drop
575,デスマーキュリー,スターダムハット,頭,93,has_drop
434,スターレミング,スターダムスーツ,からだ上,93,has_drop
566,ワニバーン,スターダムスーツ,からだ上,93,has_drop
575,デスマーキュリー,スターダムスーツ,からだ上,93,has_drop
,,スターダムスーツ下,からだ下,93,none
434,スターレミング,スターダムブレス,腕,93,has_drop
575,デスマーキュリー,スターダムブレス,腕,93,has_drop
434,スターレミング,スターダムシューズ,足,93,has_drop
566,ワニバーン,スターダムシューズ,足,93,has_drop
,,巨商のターバン,頭,90,none
462,ももんじゃ,巨商のころも,からだ上,90,has_drop
891,もじゃらきラクーン,巨商のころも,からだ上,90,has_drop
462,ももんじゃ,巨商の前かけ,からだ下,90,has_drop
891,もじゃらきラクーン,巨商の前かけ,からだ下,90,has_drop
,,巨商の腕輪,腕,90,none
462,ももんじゃ,巨商のサンダル,足,90,has_drop
891,もじゃらきラクーン,巨商のサンダル,足,90,has_drop
545,まおうのかげ,クロッシュメット,頭,85,has_drop
545,まおうのかげ,クロッシュウェア上,からだ上,85,has_drop
579,スペースデーモン,クロッシュウェア上,からだ上,85,has_drop
630,スペースデビル,クロッシュウェア下,からだ下,85,has_drop
442,やつざきアニマル,クロッシュグローブ,腕,85,has_drop
630,スペースデビル,クロッシュグローブ,腕,85,has_drop
579,スペースデーモン,クロッシュシューズ,足,85,has_drop
349,くものきょじん,古代王族のターバン,頭,80,has_drop
341,ミイラ男,古代王族のベスト,からだ上,80,has_drop
341,ミイラ男,古代王族のボトムス,からだ下,80,has_drop
,,古代王族のバングル,腕,80,none
,,古代王族のくつ,足,80,none
,,舞い手のヘアバンド,頭,80,none
356,まいまいテイル,舞い手の服,からだ上,80,has_drop
356,まいまいテイル,舞い手のズボン,からだ下,80,has_drop
356,まいまいテイル,舞い手のリスト,腕,80,has_drop
,,舞い手のくつ,足,80,none
,,月影の額当て,頭,130,none
,,月影の装束上,からだ上,130,none
,,月影の装束下,からだ下,130,none
,,月影のこて,腕,130,none
,,月影の深沓,足,130,none
696,つららわたり,烈風のキャップ,頭,128,has_drop
806,ドラゴン・塔,烈風のキャップ,頭,128,has_drop
696,つららわたり,烈風のころも上,からだ上,128,has_drop
764,かげのきし・祖,烈風のころも下,からだ下,128,has_drop
764,かげのきし・祖,烈風のグローブ,腕,128,has_drop
806,ドラゴン・塔,烈風のグローブ,腕,128,has_drop
764,かげのきし・祖,烈風のブーツ,足,128,has_drop
902,スカラベテンツク,隠密のはちまき,頭,125,has_drop
902,スカラベテンツク,隠密の装束上,からだ上,125,has_drop
902,スカラベテンツク,隠密の装束下,からだ下,125,has_drop
689,おおきづち・祖,隠密の手甲,腕,125,has_drop
689,おおきづち・祖,隠密の脚絆,足,125,has_drop
1803,スライムベス・祖,乱破の額当て,頭,120,has_drop
1803,スライムベス・祖,乱破の忍び装束上,からだ上,120,has_drop
767,マタンゴ・祖,乱破の忍び装束下,からだ下,120,has_drop
1803,スライムベス・祖,乱破の手甲,腕,120,has_drop
767,マタンゴ・祖,乱破の脚絆,足,120,has_drop
638,ドロヌーバ・強,しっこくのターバン,頭,118,has_drop
655,ドラキー・祖,しっこくのターバン,頭,118,has_drop
634,モスボーイ,しっこくのマント,からだ上,118,has_drop
655,ドラキー・祖,しっこくのマント,からだ上,118,has_drop
754,ダークゲージ,しっこくのマント,からだ上,118,has_drop
,,しっこくのマント下,からだ下,118,none
638,ドロヌーバ・強,しっこくのグローブ,腕,118,has_drop
638,ドロヌーバ・強,しっこくのブーツ,足,118,has_drop
634,モスボーイ,しっこくのブーツ,足,118,has_drop
786,くろがねの巨人,しっこくのブーツ,足,118,has_drop
583,ガニメデス,空賊のバンダナ,頭,115,has_drop
765,ジェイドマスク,空賊のバンダナ,頭,115,has_drop
583,ガニメデス,空賊のシャツ,からだ上,115,has_drop
583,ガニメデス,空賊のズボン,からだ下,115,has_drop
639,マタンゴ,空賊のズボン,からだ下,115,has_drop
639,マタンゴ,空賊のグローブ,腕,115,has_drop
639,マタンゴ,空賊のブーツ,足,115,has_drop
718,ブラックドラゴン,ワンダラーズベレー,頭,110,has_drop
537,黒ごまキッズ,ワンダラーズマント,からだ上,110,has_drop
,,ワンダラーズマント下,からだ下,110,none
537,黒ごまキッズ,ワンダラーズグラブ,腕,110,has_drop
537,黒ごまキッズ,ワンダラーズブーツ,足,110,has_drop
706,ドラゴンライダー,ドラゴンバンド,頭,108,has_drop
706,ドラゴンライダー,ドラゴンベスト上,からだ上,108,has_drop
722,グレイトドラゴン,ドラゴンベスト上,からだ上,108,has_drop
798,キースドラゴン,ドラゴンベスト上,からだ上,108,has_drop
722,グレイトドラゴン,ドラゴンベスト下,からだ下,108,has_drop
798,キースドラゴン,ドラゴンベスト下,からだ下,108,has_drop
706,ドラゴンライダー,ドラゴングローブ,腕,108,has_drop
642,ダッシュラン・強,ドラゴンブーツ,足,108,has_drop
906,あやシイタケ,神技のフード,頭,105,has_drop
906,あやシイタケ,神技のベスト,からだ上,105,has_drop
632,ホースデビル・強,神技のボトム,からだ下,105,has_drop
906,あやシイタケ,神技のボトム,からだ下,105,has_drop
632,ホースデビル・強,神技のグローブ,腕,105,has_drop
632,ホースデビル・強,神技のブーツ,足,105,has_drop
414,ランタンこぞう,大怪傑のはちまき,頭,100,has_drop
452,ぬすっとウサギ・強,大怪傑のはちまき,頭,100,has_drop
414,ランタンこぞう,大怪傑の装束上,からだ上,100,has_drop
544,はりつきあくま,大怪傑の装束上,からだ上,100,has_drop
667,あやしいかげ・強,大怪傑の装束上,からだ上,100,has_drop
438,ボーンバット・強,大怪傑の装束下,からだ下,100,has_drop
452,ぬすっとウサギ・強,大怪傑の装束下,からだ下,100,has_drop
667,あやしいかげ・強,大怪傑の装束下,からだ下,100,has_drop
438,ボーンバット・強,大怪傑のグローブ,腕,100,has_drop
544,はりつきあくま,大怪傑のグローブ,腕,100,has_drop
667,あやしいかげ・強,大怪傑のグローブ,腕,100,has_drop
414,ランタンこぞう,大怪傑のブーツ,足,100,has_drop
438,ボーンバット・強,大怪傑のブーツ,足,100,has_drop
452,ぬすっとウサギ・強,大怪傑のブーツ,足,100,has_drop
486,バロンナイト,機工博士のぼうし,頭,99,has_drop
577,ジュラシックロイド,機工博士のぼうし,頭,99,has_drop
619,プラチナサウルス,機工博士のぼうし,頭,99,has_drop
619,プラチナサウルス,機工博士のコート上,からだ上,99,has_drop
622,グリーンシザー・強,機工博士のコート上,からだ上,99,has_drop
645,スラマシンＺ,機工博士のコート上,からだ上,99,has_drop
486,バロンナイト,機工博士のコート下,からだ下,99,has_drop
577,ジュラシックロイド,機工博士のコート下,からだ下,99,has_drop
622,グリーンシザー・強,機工博士のコート下,からだ下,99,has_drop
577,ジュラシックロイド,機工博士のグローブ,腕,99,has_drop
645,スラマシンＺ,機工博士のグローブ,腕,99,has_drop
619,プラチナサウルス,機工博士のくつ,足,99,has_drop
622,グリーンシザー・強,機工博士のくつ,足,99,has_drop
645,スラマシンＺ,機工博士のくつ,足,99,has_drop
318,デザートガルバ,砂海のターバン,頭,96,has_drop
318,デザートガルバ,砂海のころも上,からだ上,96,has_drop
679,マッドルーパー・強,砂海のころも上,からだ上,96,has_drop
319,デザートゴルバ,砂海のころも下,からだ下,96,has_drop
679,マッドルーパー・強,砂海のころも下,からだ下,96,has_drop
679,マッドルーパー・強,砂海のグローブ,腕,96,has_drop
319,デザートゴルバ,砂海のくつ,足,96,has_drop
447,マミー,ヴァンガードハット,頭,93,has_drop
,,ヴァンガードコート,からだ上,93,none
,,ヴァンガードコート下,からだ下,93,none
447,マミー,ヴァンガードグラブ,腕,93,has_drop
,,ヴァンガードブーツ,足,93,none
472,ケミカルゼリー,クイックハット,頭,90,has_drop
472,ケミカルゼリー,クイックジャケット,からだ上,90,has_drop
,,クイックパンツ,からだ下,90,none
,,クイックグラブ,腕,90,none
,,クイックブーツ,足,90,none
,,究明者のフード,頭,85,none
277,コスモグール,究明者のコート上,からだ上,85,has_drop
277,コスモグール,究明者のコート下,からだ下,85,has_drop
442,やつざきアニマル,究明者のグローブ,腕,85,has_drop
,,究明者のシューズ,足,85,none
,,ヴァイパーハット,頭,80,none
418,ウコバック,ヴァイパーコート,からだ上,80,has_drop
,,ヴァイパーコート下,からだ下,80,none
418,ウコバック,ヴァイパーグローブ,腕,80,has_drop
,,ヴァイパーブーツ,足,80,none
380,スライムボーグ,魔技師メット,頭,80,has_drop
380,スライムボーグ,魔技師ベスト,からだ上,80,has_drop
380,スライムボーグ,魔技師ズボン,からだ下,80,has_drop
,,魔技師グローブ,腕,80,none
,,魔技師ブーツ,足,80,none
,,叡聖のサークレット,頭,130,none
,,叡聖の博士服,からだ上,130,none
,,叡聖のグローブ,腕,130,none
,,叡聖のブーツ,足,130,none
691,キメラ・祖,アンテイクトーク,頭,128,has_drop
691,キメラ・祖,アンテイクドレス上,からだ上,128,has_drop
460,メラゴースト・塔,アンテイクドレス上,からだ上,128,has_drop
760,ワイトキング・祖,アンテイクドレス下,からだ下,128,has_drop
760,ワイトキング・祖,アンテイクグローブ,腕,128,has_drop
460,メラゴースト・塔,アンテイクグローブ,腕,128,has_drop
760,ワイトキング・祖,アンテイクシューズ,足,128,has_drop
780,ビビッドヘッド,陰陽博士のぼうし,頭,125,has_drop
755,しにがみ,陰陽博士のころも上,からだ上,125,has_drop
724,ひとくいが,陰陽博士のころも下,からだ下,125,has_drop
755,しにがみ,陰陽博士のてぶくろ,腕,125,has_drop
724,ひとくいが,陰陽博士のくつ,足,125,has_drop
695,みならいあくま・祖,オスクトルクラウン,頭,120,has_drop
682,ねこまどう・祖,オスクトルローブ上,からだ上,120,has_drop
695,みならいあくま・祖,オスクトルローブ下,からだ下,120,has_drop
695,みならいあくま・祖,オスクトルグローブ,腕,120,has_drop
682,ねこまどう・祖,オスクトルブーツ,足,120,has_drop
617,コットンキャンディ,ふしぎなぼうし,頭,118,has_drop
591,マジックフライ・強,ふしぎなボレロ上,からだ上,118,has_drop
617,コットンキャンディ,ふしぎなボレロ上,からだ上,118,has_drop
617,コットンキャンディ,ふしぎなボレロ下,からだ下,118,has_drop
591,マジックフライ・強,ふしぎなグローブ,腕,118,has_drop
591,マジックフライ・強,ふしぎなブーツ,足,118,has_drop
586,メイジももんじゃ,ロードリーコサージ,頭,115,has_drop
719,フェアリーバット,ロードリーコサージ,頭,115,has_drop
541,おばけキノコ,ロードリーローブ上,からだ上,115,has_drop
719,フェアリーバット,ロードリーローブ上,からだ上,115,has_drop
586,メイジももんじゃ,ロードリーローブ下,からだ下,115,has_drop
782,ひとくいばこ・祖,ロードリーローブ下,からだ下,115,has_drop
541,おばけキノコ,ロードリーグローブ,腕,115,has_drop
719,フェアリーバット,ロードリーグローブ,腕,115,has_drop
782,ひとくいばこ・祖,ロードリーグローブ,腕,115,has_drop
541,おばけキノコ,ロードリーブーツ,足,115,has_drop
586,メイジももんじゃ,ロードリーブーツ,足,115,has_drop
614,じごくのおくり火,妖炎魔女の髪飾り,頭,110,has_drop
597,おにびドングリ,妖炎魔女のドレス上,からだ上,110,has_drop
597,おにびドングリ,妖炎魔女のドレス下,からだ下,110,has_drop
614,じごくのおくり火,妖炎魔女のドレス下,からだ下,110,has_drop
597,おにびドングリ,妖炎魔女のグローブ,腕,110,has_drop
614,じごくのおくり火,妖炎魔女のパンプス,足,110,has_drop
587,あくま神官・強,ひかりサークレット,頭,108,has_drop
587,あくま神官・強,ひかりのローブ,からだ上,108,has_drop
676,メイデンドール,ひかりのグローブ,腕,108,has_drop
587,あくま神官・強,ひかりのブーツ,足,108,has_drop
676,メイデンドール,ひかりのブーツ,足,108,has_drop
416,ゴースト・強,アビスハット,頭,105,has_drop
522,トンブレロ・強,アビスハット,頭,105,has_drop
686,くらやみハーピー,アビスハット,頭,105,has_drop
416,ゴースト・強,アビスセーラー上,からだ上,105,has_drop
522,トンブレロ・強,アビスセーラー上,からだ上,105,has_drop
686,くらやみハーピー,アビスセーラー上,からだ上,105,has_drop
708,ブラッドレディ,アビスセーラー上,からだ上,105,has_drop
522,トンブレロ・強,アビスセーラー下,からだ下,105,has_drop
708,ブラッドレディ,アビスセーラー下,からだ下,105,has_drop
416,ゴースト・強,アビスブーツ,足,105,has_drop
686,くらやみハーピー,アビスブーツ,足,105,has_drop
708,ブラッドレディ,アビスブーツ,足,105,has_drop
480,ダークシルフ,ソポスの額冠,頭,100,has_drop
508,シャイニング,ソポスの額冠,頭,100,has_drop
526,インフェルノ,ソポスの額冠,頭,100,has_drop
508,シャイニング,ソポスのころも上,からだ上,100,has_drop
526,インフェルノ,ソポスのころも上,からだ上,100,has_drop
480,ダークシルフ,ソポスのころも下,からだ下,100,has_drop
508,シャイニング,ソポスのころも下,からだ下,100,has_drop
526,インフェルノ,ソポスのうでわ,腕,100,has_drop
480,ダークシルフ,ソポスのサンダル,足,100,has_drop
357,スノーエルダー,カテドラルミトル,頭,99,has_drop
536,ダークファンタズマ,カテドラルミトル,頭,99,has_drop
539,コキュードス,カテドラルミトル,頭,99,has_drop
466,グリゴリぼうず,カテドラルローブ,からだ上,99,has_drop
539,コキュードス,カテドラルローブ,からだ上,99,has_drop
572,イエローファット,カテドラルローブ,からだ上,99,has_drop
466,グリゴリぼうず,カテドラルグローブ,腕,99,has_drop
536,ダークファンタズマ,カテドラルグローブ,腕,99,has_drop
539,コキュードス,カテドラルグローブ,腕,99,has_drop
357,スノーエルダー,カテドラルシューズ,足,99,has_drop
466,グリゴリぼうず,カテドラルシューズ,足,99,has_drop
572,イエローファット,カテドラルシューズ,足,99,has_drop
,,クルーガーハット,頭,96,none
,,クルーガースーツ上,からだ上,96,none
,,クルーガースーツ下,からだ下,96,none
,,クルーガーグローブ,腕,96,none
,,クルーガーブーツ,足,96,none
387,くろカビこぞう,賢哲のターバン,頭,93,has_drop
455,もみじこぞう・強,賢哲のターバン,頭,93,has_drop
494,ランプのまじん,賢哲のターバン,頭,93,has_drop
399,モーモン・強,賢哲のころも上,からだ上,93,has_drop
444,とこよアゲハ,賢哲のころも上,からだ上,93,has_drop
455,もみじこぞう・強,賢哲のころも上,からだ上,93,has_drop
503,オーロラウンダー,賢哲のころも上,からだ上,93,has_drop
387,くろカビこぞう,賢哲のころも下,からだ下,93,has_drop
399,モーモン・強,賢哲のころも下,からだ下,93,has_drop
475,スライムブレス,賢哲のころも下,からだ下,93,has_drop
399,モーモン・強,賢哲のうでわ,腕,93,has_drop
444,とこよアゲハ,賢哲のうでわ,腕,93,has_drop
475,スライムブレス,賢哲のうでわ,腕,93,has_drop
455,もみじこぞう・強,賢哲のくつ,足,93,has_drop
503,オーロラウンダー,賢哲のくつ,足,93,has_drop
388,デスプリースト,フォーチュンローブ,からだ上,90,has_drop
454,キャタピラー・強,フォーチュンローブ,からだ上,90,has_drop
454,キャタピラー・強,フォーチュンボトム,からだ下,90,has_drop
518,マーズフェイス,フォーチュンボトム,からだ下,90,has_drop
388,デスプリースト,フォーチュングラブ,腕,90,has_drop
518,マーズフェイス,フォーチュングラブ,腕,90,has_drop
454,キャタピラー・強,フォーチュンブーツ,足,90,has_drop
,,神託のぼうし,頭,85,none
497,スピリットフレイム,神託のローブ上,からだ上,85,has_drop
337,タタリ御前,神託のローブ下,からだ下,85,has_drop
337,タタリ御前,神託のブレス,腕,85,has_drop
497,スピリットフレイム,神託のサンダル,足,85,has_drop
317,バアルゼブブ,聖賢者のミトラ,頭,80,has_drop
234,ベビル,聖賢者のローブ上,からだ上,80,has_drop
317,バアルゼブブ,聖賢者のローブ上,からだ上,80,has_drop
474,はめつの使者,聖賢者のローブ上,からだ上,80,has_drop
,,聖賢者のローブ下,からだ下,80,none
234,ベビル,聖賢者のバングル,腕,80,has_drop
474,はめつの使者,聖賢者のバングル,腕,80,has_drop
,,聖賢者のくつ,足,80,none
386,プロメテモス,精霊王のクローク上,からだ上,80,has_drop
412,シーザーレインボー,精霊王のクローク上,からだ上,80,has_drop
430,ジェイドフレア,精霊王のクローク上,からだ上,80,has_drop
386,プロメテモス,精霊王のクローク下,からだ下,80,has_drop
430,ジェイドフレア,精霊王のクローク下,からだ下,80,has_drop
,,精霊王のグローブ,腕,80,none
412,シーザーレインボー,精霊王の脚帯,足,80,has_drop
,,クリムゾンヘルム,頭,75,none
379,ブルーイーター,クリムゾンメイル上,からだ上,75,has_drop
569,スライムマデュラ,クリムゾンメイル上,からだ上,75,has_drop
602,クリムゾングレイブ,クリムゾンメイル上,からだ上,75,has_drop
382,レッドイーター,クリムゾンメイル下,からだ下,75,has_drop
569,スライムマデュラ,クリムゾンメイル下,からだ下,75,has_drop
602,クリムゾングレイブ,クリムゾンメイル下,からだ下,75,has_drop
379,ブルーイーター,クリムゾングローブ,腕,75,has_drop
382,レッドイーター,クリムゾングリーブ,足,75,has_drop
656,ベヒードス,王軍師のかぶと,頭,75,has_drop
281,さまようよろい,王軍師のよろい,からだ上,75,has_drop
656,ベヒードス,王軍師のよろい,からだ上,75,has_drop
281,さまようよろい,王軍師のグローブ,腕,75,has_drop
292,ナウマンボーグ,王軍師のグローブ,腕,75,has_drop
292,ナウマンボーグ,王軍師のグリーブ,足,75,has_drop
248,どろにんぎょう,メカニックフード,頭,75,has_drop
307,パペットマン,メカニックスーツ上,からだ上,75,has_drop
248,どろにんぎょう,メカニックスーツ下,からだ下,75,has_drop
,,メカニックハンド,腕,75,none
307,パペットマン,メカニックブーツ,足,75,has_drop
256,あやしいかげ,レイブンヘッド,頭,75,has_drop
288,ゴルバ,レイブンヘッド,頭,75,has_drop
287,ガルバ,レイブンスーツ,からだ上,75,has_drop
288,ゴルバ,レイブンスーツ,からだ上,75,has_drop
343,シャドー,レイブンスーツ,からだ上,75,has_drop
256,あやしいかげ,レイブングローブ,腕,75,has_drop
287,ガルバ,レイブングローブ,腕,75,has_drop
343,シャドー,レイブンブーツ,足,75,has_drop
496,ダースギズモ,退魔のぼうし,頭,75,has_drop
408,めいふのばんにん,退魔の装束上,からだ上,75,has_drop
496,ダースギズモ,退魔の装束下,からだ下,75,has_drop
408,めいふのばんにん,退魔のうでわ,腕,75,has_drop
,,退魔のくつ,足,75,none
375,バッファロン,グレートヘルム,頭,70,has_drop
374,モヒカント,グレートマント,からだ上,70,has_drop
495,シルエト,グレートマント,からだ上,70,has_drop
374,モヒカント,グレートグラブ,腕,70,has_drop
495,シルエト,グレートグラブ,腕,70,has_drop
375,バッファロン,グレートグリーブ,足,70,has_drop
678,あかつきの神兵,神兵のヘルム,頭,70,has_drop
678,あかつきの神兵,神兵のよろい上,からだ上,70,has_drop
678,あかつきの神兵,神兵のよろい下,からだ下,70,has_drop
345,スカルゴン,神兵のガントレット,腕,70,has_drop
345,スカルゴン,神兵のグリーブ,足,70,has_drop
440,デスケルト,ひつじのずきん,頭,70,has_drop
834,ウールギズモ,ひつじのずきん,頭,70,has_drop
384,コサックシープ,ひつじのころも上,からだ上,70,has_drop
451,笛吹き羊男,ひつじのころも上,からだ上,70,has_drop
302,プークプック,ひつじのころも下,からだ下,70,has_drop
451,笛吹き羊男,ひつじのころも下,からだ下,70,has_drop
384,コサックシープ,ひつじのてぶくろ,腕,70,has_drop
302,プークプック,ひつじのくつ,足,70,has_drop
440,デスケルト,ひつじのくつ,足,70,has_drop
,,さすらいのぼうし,頭,70,none
,,さすらいのコート上,からだ上,70,none
320,亡者のひとだま,さすらいのコート下,からだ下,70,has_drop
320,亡者のひとだま,さすらいのこて,腕,70,has_drop
,,さすらいのくつ,足,70,none
,,タイフーンゴーグル,頭,70,none
404,ヘルジュラシック,タイフーンレザー上,からだ上,70,has_drop
,,タイフーンレザー下,からだ下,70,none
,,タイフーングローブ,腕,70,none
404,ヘルジュラシック,タイフーンブーツ,足,70,has_drop
,,ステージバンド,頭,70,none
,,ステージジャンパー,からだ上,70,none
,,ステージパンツ,からだ下,70,none
,,ステージリスト,腕,70,none
,,ステージシューズ,足,70,none
,,ステージリボン,頭,70,none
,,ステージチュチュ上,からだ上,70,none
,,ステージチュチュ下,からだ下,70,none
271,アームライオン,ステージアーム,腕,70,has_drop
683,アームライオン・強,ステージアーム,腕,70,has_drop
,,ステージブーツ,足,70,none
222,アカイライ,さとりのかんむり,頭,70,has_drop
222,アカイライ,さとりのころも,からだ上,70,has_drop
222,アカイライ,さとりのグローブ,腕,70,has_drop
,,さとりのブーツ,足,70,none
360,キラーデーモン,マスカレイドヘルム,頭,65,has_drop
360,キラーデーモン,マスカレイドスーツ,からだ上,65,has_drop
,,マスカレイドグラブ,腕,65,none
,,マスカレイドブーツ,足,65,none
877,パラディノス,聖騎士のヘルム,頭,65,has_drop
524,ストーンマン,聖騎士のよろい上,からだ上,65,has_drop
877,パラディノス,聖騎士のよろい上,からだ上,65,has_drop
263,うごくせきぞう,聖騎士のよろい下,からだ下,65,has_drop
877,パラディノス,聖騎士のよろい下,からだ下,65,has_drop
524,ストーンマン,聖騎士のこて,腕,65,has_drop
263,うごくせきぞう,聖騎士のグリーブ,足,65,has_drop
833,サンバ・デ・ビーク,歌詠みのヘアバンド,頭,65,has_drop
,,歌詠みのころも上,からだ上,65,none
,,歌詠みのころも下,からだ下,65,none
,,歌詠みのブレス,腕,65,none
,,歌詠みの脚帯,足,65,none
,,求道者のはちまき,頭,65,none
425,フォレスドン,求道者の道着上,からだ上,65,has_drop
425,フォレスドン,求道者の道着下,からだ下,65,has_drop
,,求道者のてぶくろ,腕,65,none
,,求道者のブーツ,足,65,none
303,デンタザウルス,飛竜のかぶと,頭,65,has_drop
303,デンタザウルス,飛竜のベスト,からだ上,65,has_drop
,,飛竜のズボン,からだ下,65,none
,,飛竜のグローブ,腕,65,none
,,飛竜のブーツ,足,65,none
482,パンドラボックス,チェイサーバンド,頭,65,has_drop
482,パンドラボックス,チェイサーレザー上,からだ上,65,has_drop
476,ヌーデビル,チェイサーレザー下,からだ下,65,has_drop
419,エリミネーター,チェイサーレザー下,からだ下,65,has_drop
271,アームライオン,チェイサーアーム,腕,65,has_drop
419,エリミネーター,チェイサーアーム,腕,65,has_drop
683,アームライオン・強,チェイサーアーム,腕,65,has_drop
476,ヌーデビル,チェイサーブーツ,足,65,has_drop
247,アカリリス,アイドルヘアバンド,頭,65,has_drop
247,アカリリス,アイドルスーツ上,からだ上,65,has_drop
,,アイドルスーツ下,からだ下,65,none
,,アイドルブレス,腕,65,none
,,アイドルブーツ,足,65,none
368,ドルマージュ,だいまどうのぼうし,頭,65,has_drop
368,ドルマージュ,だいまどうローブ上,からだ上,65,has_drop
,,だいまどうローブ下,からだ下,65,none
,,だいまどうのうでわ,腕,65,none
,,だいまどうのくつ,足,65,none
,,大賢者のミトラ,頭,65,none
,,大賢者のほうい,からだ上,65,none
,,大賢者のグローブ,腕,65,none
,,大賢者のくつ,足,65,none
,,師団長のかぶと,頭,60,none
,,師団長のよろい上,からだ上,60,none
,,師団長のよろい下,からだ下,60,none
,,師団長のこて,腕,60,none
,,師団長のグリーブ,足,60,none
330,スパイクヘッド,スパイクバイザー,頭,60,has_drop
,,スパイクアーマー上,からだ上,60,none
,,スパイクアーマー下,からだ下,60,none
,,スパイクグローブ,腕,60,none
,,スパイクブーツ,足,60,none
868,ニードルうさこ,モダンバニーヘッド,頭,60,has_drop
,,モダンバニースーツ,からだ上,60,none
,,モダンバニータイツ,からだ下,60,none
,,モダンバニーフレア,からだ下,60,none
,,モダンバニーブレス,腕,60,none
,,モダンバニーのくつ,足,60,none
,,原始獣のシャプカ,頭,60,none
,,原始獣のコート上,からだ上,60,none
,,原始獣のコート下,からだ下,60,none
238,ブラッドハンド,原始獣のグローブ,腕,60,has_drop
,,原始獣のブーツ,足,60,none
,,拳聖のターバン,頭,60,none
,,拳聖の道着上,からだ上,60,none
,,拳聖の道着下,からだ下,60,none
,,拳聖のうでわ,腕,60,none
,,拳聖のくつ,足,60,none
,,僧兵のサークレット,頭,60,none
,,僧兵のころも上,からだ上,60,none
,,僧兵のころも下,からだ下,60,none
,,僧兵のグローブ,腕,60,none
,,僧兵のくつ,足,60,none
,,古武道のずきん,頭,60,none
,,古武道着上,からだ上,60,none
,,古武道着下,からだ下,60,none
238,ブラッドハンド,古武道のうでわ,腕,60,has_drop
,,古武道のブーツ,足,60,none
,,ミラクルハット,頭,60,none
,,ミラクルコート上,からだ上,60,none
,,ミラクルコート下,からだ下,60,none
,,ミラクルグローブ,腕,60,none
,,ミラクルブーツ,足,60,none
,,ワイルドベレー,頭,60,none
,,ワイルドジャケット,からだ上,60,none
,,ワイルドボトム,からだ下,60,none
238,ブラッドハンド,ワイルドバングル,腕,60,has_drop
,,ワイルドシューズ,足,60,none
833,サンバ・デ・ビーク,ノーブルハット,頭,60,has_drop
890,シャドーノーブル,ノーブルハット,頭,60,has_drop
890,シャドーノーブル,ノーブルコート上,からだ上,60,has_drop
890,シャドーノーブル,ノーブルコート下,からだ下,60,has_drop
,,ノーブルグローブ,腕,60,none
,,ノーブルブーツ,足,60,none
542,クラウンヘッド,クラウンハット,頭,60,has_drop
,,クラウンベスト,からだ上,60,none
,,クラウンズボン,からだ下,60,none
,,クラウングローブ,腕,60,none
,,クラウンシューズ,足,60,none
867,ムーンキメラ,月のサークレット,頭,60,has_drop
867,ムーンキメラ,月のローブ上,からだ上,60,has_drop
867,ムーンキメラ,月のローブ下,からだ下,60,has_drop
,,月のくつ,足,60,none
,,ゴシックミトラ,頭,60,none
,,ゴシックコート上,からだ上,60,none
,,ゴシックコート下,からだ下,60,none
,,ゴシックグローブ,腕,60,none
,,ゴシックブーツ,足,60,none
,,ゴシックハット,頭,60,none
,,ゴシックビスチェ,からだ上,60,none
,,ゴシックフリル,からだ下,60,none
271,アームライオン,ゴシックアーム,腕,60,has_drop
,,ゴシックニーソ,足,60,none
,,王宮魔術師帽,頭,60,none
,,王宮魔術師ローブ上,からだ上,60,none
,,王宮魔術師ローブ下,からだ下,60,none
,,王宮魔術師のくつ,足,60,none
,,古代魔術のぼうし,頭,60,none
,,古代魔術のほうい上,からだ上,60,none
,,古代魔術のほうい下,からだ下,60,none
,,古代魔術のうでわ,腕,60,none
,,古代魔術のながぐつ,足,60,none
,,やいばのはちがね,頭,50,none
409,リビングデッド,やいばのよろい上,からだ上,50,has_drop
433,サウルスロード,やいばのよろい下,からだ下,50,has_drop
409,リビングデッド,やいばのこて,腕,50,has_drop
433,サウルスロード,やいばのグリーブ,足,50,has_drop
,,古強者のかぶと,頭,50,none
205,ゴーレム,古強者のよろい上,からだ上,50,has_drop
327,太古のぬし,古強者のよろい上,からだ上,50,has_drop
216,キラークラブ,古強者のよろい下,からだ下,50,has_drop
327,太古のぬし,古強者のよろい下,からだ下,50,has_drop
205,ゴーレム,古強者のこて,腕,50,has_drop
216,キラークラブ,古強者のグリーブ,足,50,has_drop
283,ガニラス,ヘヴィーヘルム,頭,50,has_drop
289,あくまのきし,ヘヴィーアーマー上,からだ上,50,has_drop
315,デビルアーマー,ヘヴィーアーマー上,からだ上,50,has_drop
879,エンゼルアーマー,ヘヴィーアーマー上,からだ上,50,has_drop
289,あくまのきし,ヘヴィーアーマー下,からだ下,50,has_drop
315,デビルアーマー,ヘヴィーアーマー下,からだ下,50,has_drop
879,エンゼルアーマー,ヘヴィーアーマー下,からだ下,50,has_drop
283,ガニラス,ヘヴィーグローブ,腕,50,has_drop
,,ヘヴィーグリーブ,足,50,none
,,マスターハット,頭,50,none
,,マスターベスト,からだ上,50,none
,,マスタースラックス,からだ下,50,none
201,クリスタルハンド,マスターアーム,腕,50,has_drop
,,マスターシューズ,足,50,none
,,無法者のバンダナ,頭,50,none
,,無法者のベスト,からだ上,50,none
257,ごろつき,無法者のズボン,からだ下,50,has_drop
201,クリスタルハンド,無法者のうでわ,腕,50,has_drop
257,ごろつき,無法者のブーツ,足,50,has_drop
305,テラノライナー,無法者のブーツ,足,50,has_drop
372,パンプキッズ,トレジャーキャップ,頭,50,has_drop
372,パンプキッズ,トレジャーコート上,からだ上,50,has_drop
325,ぬかどこスライム,トレジャーコート上,からだ上,50,has_drop
300,ろうごくのぬし,トレジャーコート下,からだ下,50,has_drop
445,ミミック,トレジャーコート下,からだ下,50,has_drop
201,クリスタルハンド,トレジャーグローブ,腕,50,has_drop
325,ぬかどこスライム,トレジャーグローブ,腕,50,has_drop
445,ミミック,トレジャーグローブ,腕,50,has_drop
300,ろうごくのぬし,トレジャーブーツ,足,50,has_drop
305,テラノライナー,トレジャーブーツ,足,50,has_drop
,,バトルティアラ,頭,50,none
310,ヘルビースト,バトルドレス上,からだ上,50,has_drop
339,リビングスタチュー,バトルドレス上,からだ上,50,has_drop
197,デザートゴースト,バトルドレス下,からだ下,50,has_drop
339,リビングスタチュー,バトルドレス下,からだ下,50,has_drop
859,モテモテ,バトルドレス下,からだ下,50,has_drop
197,デザートゴースト,バトルガントレット,腕,50,has_drop
859,モテモテ,バトルガントレット,腕,50,has_drop
305,テラノライナー,バトルグリーブ,足,50,has_drop
310,ヘルビースト,バトルグリーブ,足,50,has_drop
328,ホラービースト,ファントムカチーフ,頭,50,has_drop
161,ソードファントム,ファントムマント,からだ上,50,has_drop
,,ファントムマント下,からだ下,50,none
273,グール,ファントムアーム,腕,50,has_drop
328,ホラービースト,ファントムアーム,腕,50,has_drop
273,グール,ファントムブーツ,足,50,has_drop
,,しんりのぼうし,頭,50,none
269,ドッグラマッコイ,しんりのローブ上,からだ上,50,has_drop
246,つららスライム,しんりのローブ下,からだ下,50,has_drop
,,しんりのてぶくろ,腕,50,none
246,つららスライム,しんりのくつ,足,50,has_drop
269,ドッグラマッコイ,しんりのくつ,足,50,has_drop
254,ヘルゴースト,占星術師のターバン,頭,50,has_drop
254,ヘルゴースト,占星術師のローブ上,からだ上,50,has_drop
367,メッサーラ,占星術師のローブ上,からだ上,50,has_drop
354,じごくのつかい,占星術師のローブ下,からだ下,50,has_drop
367,メッサーラ,占星術師のローブ下,からだ下,50,has_drop
,,占星術師のてぶくろ,腕,50,none
354,じごくのつかい,占星術師のブーツ,足,50,has_drop
228,フォンデュ,聖者のぼうし,頭,50,has_drop
865,モッツァレーラ,聖者のぼうし,頭,50,has_drop
228,フォンデュ,聖者のほうい,からだ上,50,has_drop
865,モッツァレーラ,聖者のほうい,からだ上,50,has_drop
,,聖者のほうい下,からだ下,50,none
236,ベホマスライム,聖者のてぶくろ,腕,50,has_drop
236,ベホマスライム,聖者のブーツ,足,50,has_drop
,,インテリハット,頭,50,none
215,コープスフライ,インテリローブ上,からだ上,50,has_drop
276,ナイトメーア,インテリローブ上,からだ上,50,has_drop
276,ナイトメーア,インテリローブ下,からだ下,50,has_drop
,,インテリグローブ,腕,50,none
215,コープスフライ,インテリサンダル,足,50,has_drop
,,くろがねのはちがね,頭,42,none
260,ダーティラビッツ,くろがねのよろい上,からだ上,42,has_drop
299,ブラックマンティス,くろがねのよろい上,からだ上,42,has_drop
875,ゼブラマンティス,くろがねのよろい上,からだ上,42,has_drop
872,シュバルツシュルト,くろがねのよろい上,からだ上,42,has_drop
214,しりょうのきし,くろがねのよろい下,からだ下,42,has_drop
872,シュバルツシュルト,くろがねのよろい下,からだ下,42,has_drop
299,ブラックマンティス,くろがねのこて,腕,42,has_drop
875,ゼブラマンティス,くろがねのこて,腕,42,has_drop
214,しりょうのきし,くろがねのブーツ,足,42,has_drop
260,ダーティラビッツ,くろがねのブーツ,足,42,has_drop
,,プラチナヘルム,頭,42,none
237,サタンメイル,プラチナメイル上,からだ上,42,has_drop
261,かっちゅうアリ,プラチナメイル上,からだ上,42,has_drop
237,サタンメイル,プラチナメイル下,からだ下,42,has_drop
261,かっちゅうアリ,プラチナメイル下,からだ下,42,has_drop
272,アイスボンバー,プラチナのこて,腕,42,has_drop
272,アイスボンバー,プラチナグリーブ,足,42,has_drop
,,きじゅつしのぼうし,頭,42,none
,,きじゅつしの服,からだ上,42,none
259,マッシュスライム,きじゅつしのズボン,からだ下,42,has_drop
826,メタルトリュフ,きじゅつしのズボン,からだ下,42,has_drop
202,ウィッチネイル,きじゅつしグローブ,腕,42,has_drop
258,こうていタップ,きじゅつしのブーツ,足,42,has_drop
259,マッシュスライム,きじゅつしのブーツ,足,42,has_drop
826,メタルトリュフ,きじゅつしのブーツ,足,42,has_drop
210,げんじかぶと,げんぶのかぶと,頭,42,has_drop
203,ビッグスロース,げんぶの道着上,からだ上,42,has_drop
,,げんぶの道着下,からだ下,42,none
,,げんぶの腕帯,腕,42,none
203,ビッグスロース,げんぶのくつ,足,42,has_drop
,,フェンサーハット,頭,42,none
164,グリーンシザー,フェンサーマント,からだ上,42,has_drop
,,フェンサーマント下,からだ下,42,none
202,ウィッチネイル,フェンサーミサンガ,腕,42,has_drop
164,グリーンシザー,フェンサーブーツ,足,42,has_drop
,,ホーリーカロット,頭,42,none
195,レッドプリン,ホーリーローブ上,からだ上,42,has_drop
195,レッドプリン,ホーリーローブ下,からだ下,42,has_drop
,,ホーリーグローブ,腕,42,none
258,こうていタップ,ホーリーブーツ,足,42,has_drop
,,司祭のぼうし,頭,42,none
174,ベホイムスライム,司祭のほうい,からだ上,42,has_drop
,,司祭のほうい下,からだ下,42,none
174,ベホイムスライム,司祭のてぶくろ,腕,42,has_drop
202,ウィッチネイル,司祭のてぶくろ,腕,42,has_drop
258,こうていタップ,司祭のブーツ,足,42,has_drop
251,うみぼうず,水のサークレット,頭,42,has_drop
251,うみぼうず,水のはごろも上,からだ上,42,has_drop
265,マッドルーパー,水のはごろも下,からだ下,42,has_drop
351,みずたまドラゴン,水のはごろも下,からだ下,42,has_drop
,,水のうでわ,腕,42,none
265,マッドルーパー,水の脚帯,足,42,has_drop
351,みずたまドラゴン,水の脚帯,足,42,has_drop
,,バンデッドバンド,頭,35,none
322,ひとくいばこ,バンデッドチェイン,からだ上,35,has_drop
,,バンデッドボトム,からだ下,35,none
181,キラーファング,バンデッドグローブ,腕,35,has_drop
322,ひとくいばこ,バンデッドグローブ,腕,35,has_drop
240,ゲリュオン,バンデッドブーツ,足,35,has_drop
,,まほうサークレット,頭,35,none
346,マジックアーマー,まほうのよろい上,からだ上,35,has_drop
346,マジックアーマー,まほうのよろい下,からだ下,35,has_drop
169,てまねきリング,まほうのこて,腕,35,has_drop
,,まほうのグリーブ,足,35,none
,,かたりべのぼうし,頭,35,none
187,スマイルリザード,かたりべの服上,からだ上,35,has_drop
208,岩とびあくま,かたりべの服下,からだ下,35,has_drop
,,かたりべのてぶくろ,腕,35,none
208,岩とびあくま,かたりべのブーツ,足,35,has_drop
,,けんぽうぎのぼうし,頭,35,none
182,ふくめんバニー,けんぽうぎ上,からだ上,35,has_drop
221,サブナック,けんぽうぎ下,からだ下,35,has_drop
182,ふくめんバニー,けんぽうの腕帯,腕,35,has_drop
221,サブナック,けんぽうの脚帯,足,35,has_drop
212,きりかぶこぞう,森人のぼうし,頭,35,has_drop
,,森人のチョッキ,からだ上,35,none
159,おばけトマト,森人の前かけ,からだ下,35,has_drop
212,きりかぶこぞう,森人の前かけ,からだ下,35,has_drop
169,てまねきリング,森人のてぶくろ,腕,35,has_drop
,,森人のながぐつ,足,35,none
,,神官のぼうし,頭,35,none
114,あくま神官,神官のほうい上,からだ上,35,has_drop
114,あくま神官,神官のほうい下,からだ下,35,has_drop
169,てまねきリング,神官のてぶくろ,腕,35,has_drop
,,神官のくつ,足,35,none
,,まどうしのぼうし,頭,35,none
179,ホースデビル,まどうしのころも上,からだ上,35,has_drop
856,レッドバロン,まどうしのころも上,からだ上,35,has_drop
,,まどうしのころも下,からだ下,35,none
,,まどうしのてぶくろ,腕,35,none
,,まどうしのくつ,足,35,none
365,ヒイラギどうじ,木の葉のぼうし,頭,28,has_drop
,,木の葉のよろい上,からだ上,28,none
132,くさった死体,木の葉のよろい下,からだ下,28,has_drop
850,マッドスミス,木の葉のよろい下,からだ下,28,has_drop
194,ジェリーマン,木の葉のうでわ,腕,28,has_drop
,,木の葉のブーツ,足,28,none
,,はがねのかぶと,頭,28,none
,,はがねのよろい上,からだ上,28,none
158,ホタテワラビー,はがねのよろい下,からだ下,28,has_drop
,,はがねのこて,腕,28,none
,,はがねのグリーブ,足,28,none
,,カンフーキャップ,頭,28,none
,,カンフージャケット,からだ上,28,none
,,カンフーズボン,からだ下,28,none
149,あらくれチャッピー,カンフーリスト,腕,28,has_drop
109,バアラック,カンフーシューズ,足,28,has_drop
,,マタドールバンド,頭,28,none
,,マタドールスーツ上,からだ上,28,none
127,デザートランナー,マタドールスーツ下,からだ下,28,has_drop
,,マタドールグローブ,腕,28,none
,,マタドールシューズ,足,28,none
,,ウェスタンハット,頭,28,none
150,ポムポムボム,ウェスタンブラウス,からだ上,28,has_drop
,,ウェスタンスパッツ,からだ下,28,none
,,ウェスタングローブ,腕,28,none
,,ウェスタンブーツ,足,28,none
,,まもりのぼうし,頭,28,none
121,ケダモン,まもりのローブ,からだ上,28,has_drop
849,ピンクボンボン,まもりのローブ,からだ上,28,has_drop
,,まもりのローブ下,からだ下,28,none
,,まもりのグローブ,腕,28,none
,,まもりのくつ,足,28,none
,,まじないしターバン,頭,28,none
,,まじないしローブ上,からだ上,28,none
1804,ベホイミスライム,まじないしローブ下,からだ下,28,has_drop
,,まじないしグローブ,腕,28,none
,,まじないしのブーツ,足,28,none
,,てつのかぶと,頭,21,none
180,よろいのきし,てつのよろい上,からだ上,21,has_drop
295,てっこうまじん,てつのよろい上,からだ上,21,has_drop
295,てっこうまじん,てつのよろい下,からだ下,21,has_drop
106,マッドフィンガー,てつのこて,腕,21,has_drop
,,てつのブーツ,足,21,none
,,ぎんのはちがね,頭,21,none
77,ガチャコッコ,ぎんのむねあて,からだ上,21,has_drop
83,モコモコじゅう,ぎんのむねあて,からだ上,21,has_drop
839,ファイアボール,ぎんのむねあて,からだ上,21,has_drop
,,ぎんのこしだれ,からだ下,21,none
106,マッドフィンガー,ぎんのこて,腕,21,has_drop
172,インキュバス,ぎんのこて,腕,21,has_drop
,,ぎんのブーツ,足,21,none
,,新兵支給かぶと,頭,21,none
,,新兵支給むねあて,からだ上,21,none
,,新兵支給こしだれ,からだ下,21,none
,,新兵支給てぶくろ,腕,21,none
,,新兵支給ブーツ,足,21,none
,,はやてのバンダナ,頭,21,none
92,バブリン,はやてのベスト,からだ上,21,has_drop
57,チャームバット,はやてのキュロット,からだ下,21,has_drop
106,マッドフィンガー,はやてのグローブ,腕,21,has_drop
108,ピクシー,はやてのグローブ,腕,21,has_drop
,,はやてのブーツ,足,21,none
830,アゲアゲラーバ,みかわしのぼうし,頭,21,has_drop
88,キメラ,みかわしの服上,からだ上,21,has_drop
47,ギズモ,みかわしの服下,からだ下,21,has_drop
160,どくどくゾンビ,みかわしの服下,からだ下,21,has_drop
,,みかわしのてぶくろ,腕,21,none
,,みかわしのくつ,足,21,none
,,手品師のヘアバンド,頭,21,none
131,おどるほうせき,手品師の服,からだ上,21,has_drop
,,手品師のタイツ,からだ下,21,none
,,手品師のグローブ,腕,21,none
116,タップペンギー,手品師のブーツ,足,21,has_drop
,,学者のぼうし,頭,21,none
80,スノーモン,学者のころも上,からだ上,21,has_drop
102,マジカルハット,学者のころも下,からだ下,21,has_drop
845,アルケミストン,学者のころも下,からだ下,21,has_drop
,,学者のてぶくろ,腕,21,none
,,学者の脚帯,足,21,none
,,くさりのはちがね,頭,14,none
132,くさった死体,くさりかたびら上,からだ上,14,has_drop
67,しのどれい,くさりかたびら上,からだ上,14,has_drop
,,くさりかたびら下,からだ下,14,none
,,くさりのあみごて,腕,14,none
,,くさりのあみぐつ,足,14,none
,,てつのはちがね,頭,14,none
270,ダークペルシャ,てつのむねあて,からだ上,14,has_drop
,,てつのこしだれ,からだ下,14,none
,,てつのこて,腕,14,none
,,てつのブーツ,足,14,none
,,しゅうれん用バンド,頭,14,none
46,おおくちばし,しゅうれんぎ上,からだ上,14,has_drop
,,しゅうれんぎ下,からだ下,14,none
,,しゅうれん用リスト,腕,14,none
,,しゅうれん用ブーツ,足,14,none
,,初級魔法戦士ベレー,頭,14,none
46,おおくちばし,初級魔法戦士服,からだ上,14,has_drop
,,初級魔法戦士タイツ,からだ下,14,none
,,初級魔法戦士グラブ,腕,14,none
,,初級魔法戦士ブーツ,足,14,none
,,ダンサーヘアバンド,頭,14,none
97,わらいぶくろ,ダンサーシャツ,からだ上,14,has_drop
842,スウィートバッグ,ダンサーシャツ,からだ上,14,has_drop
219,グリゴンダンス,ダンサーパンツ,からだ下,14,has_drop
54,びっくりサタン,ダンサーリスト,腕,14,has_drop
90,タップデビル,ダンサーシューズ,足,14,has_drop
862,ジェントルダンス,ダンサーシューズ,足,14,has_drop
,,くすしのぼうし,頭,14,none
58,どくやずきん,くすしのローブ上,からだ上,14,has_drop
76,トンブレロ,くすしのローブ下,からだ下,14,has_drop
,,くすしのてぶくろ,腕,14,none
,,くすしのくつ,足,14,none
,,サフランハット,頭,14,none
39,キャタピラー,サフランローブ上,からだ上,14,has_drop
68,ゆめにゅうどう,サフランローブ上,からだ上,14,has_drop
38,フェアリードラゴン,サフランローブ下,からだ下,14,has_drop
,,サフラングローブ,腕,14,none
,,サフランブーツ,足,14,none
,,うろこのかぶと,頭,7,none
24,メラリザード,うろこのよろい上,からだ上,7,has_drop
,,うろこのよろい下,からだ下,7,none
,,うろこのこて,腕,7,none
,,うろこのブーツ,足,7,none
,,せいどうのかぶと,頭,7,none
29,メタッピー,せいどうのよろい上,からだ上,7,has_drop
,,せいどうのよろい下,からだ下,7,none
,,せいどうのこて,腕,7,none
,,せいどうのブーツ,足,7,none
,,若手芸人のバンダナ,頭,7,none
,,若手芸人の服,からだ上,7,none
,,若手芸人のズボン,からだ下,7,none
,,若手芸人のてぶくろ,腕,7,none
,,若手芸人のながぐつ,足,7,none
,,ぬすっとずきん,頭,7,none
37,ぬすっとウサギ,ぬすっとの服,からだ上,7,has_drop
,,ぬすっとタイツ,からだ下,7,none
,,ぬすっとのうでわ,腕,7,none
,,ぬすっとのくつ,足,7,none
,,射手のぼうし,頭,7,none
,,射手の服,からだ上,7,none
,,射手のタイツ,からだ下,7,none
,,射手のてぶくろ,腕,7,none
,,射手のくつ,足,7,none
,,きぬのぼうし,頭,7,none
35,リリパット,きぬのローブ上,からだ上,7,has_drop
831,レッドアーチャー,きぬのローブ上,からだ上,7,has_drop
,,きぬのローブ下,からだ下,7,none
,,きぬのてぶくろ,腕,7,none
,,きぬのサンダル,足,7,none
,,いやしのぼうし,頭,7,none
31,ホイミスライム,いやしの服,からだ上,7,has_drop
825,メタルホイミン,いやしの服,からだ上,7,has_drop
,,いやしのズボン,からだ下,7,none
,,いやしのてぶくろ,腕,7,none
,,いやしのブーツ,足,7,none
,,皮のぼうし,頭,1,none
,,皮のよろい,からだ上,1,none
,,皮のズボン,からだ下,1,none
,,皮のてぶくろ,腕,1,none
,,皮のくつ,足,1,none
,,前座芸人のバンダナ,頭,1,none
,,前座芸人の服,からだ上,1,none
,,前座芸人のズボン,からだ下,1,none
,,前座芸人のうでわ,腕,1,none
,,前座芸人のながぐつ,足,1,none
,,麻のぼうし,頭,1,none
,,麻の服,からだ上,1,none
,,麻の短パン,からだ下,1,none
,,麻のてぶくろ,腕,1,none
,,麻のくつ,足,1,none
,,ネビュラスブレード,両手剣,132,none
735,ゴーレム・塔,獅子の大剣,両手剣,130,has_drop
766,デザートモデル,クラウドブレイカー,両手剣,128,has_drop
766,デザートモデル,紫電の轟剣,両手剣,125,has_drop
766,デザートモデル,セーラスブレード,両手剣,120,has_drop
784,暗黒の使い,斬魔の緋大剣,両手剣,118,has_drop
742,グレンデル,輝天の大剣,両手剣,115,has_drop
784,暗黒の使い,輝天の大剣,両手剣,115,has_drop
485,しびれだんびら・強,ダインスレイフ,両手剣,110,has_drop
742,グレンデル,ダインスレイフ,両手剣,110,has_drop
340,デュランダル,ベルセルクブレード,両手剣,108,has_drop
485,しびれだんびら・強,ベルセルクブレード,両手剣,108,has_drop
449,ほのおのせんし,業炎の大剣,両手剣,105,has_drop
465,メギドロイド,業炎の大剣,両手剣,105,has_drop
485,しびれだんびら・強,業炎の大剣,両手剣,105,has_drop
340,デュランダル,覇王の大剣,両手剣,100,has_drop
560,ソードマカブル,覇王の大剣,両手剣,100,has_drop
768,キングスライム・強,覇王の大剣,両手剣,100,has_drop
560,ソードマカブル,神域の大剣,両手剣,99,has_drop
457,サイコマスター,オートクレール,両手剣,96,has_drop
772,キングリザード・強,聖大剣アスカロン,両手剣,93,has_drop
449,ほのおのせんし,フューリーブレード,両手剣,90,has_drop
,,スレイプニール,両手剣,85,none
493,ヘルクラッシャー,翠石の大剣,両手剣,80,has_drop
860,トリケラン,ケイオスブレード,両手剣,80,has_drop
398,エビルソーサラー,エンパイアブレード,両手剣,75,has_drop
899,キングエレファント,聖王の大剣,両手剣,70,has_drop
323,プリーストナイト,フォースブレード,両手剣,65,has_drop
,,天馬の大剣,両手剣,60,none
,,メタスラの大剣,両手剣,60,none
223,ひとくいサーベル,大獄剣,両手剣,50,has_drop
373,まおうのつかい,大獄剣,両手剣,50,has_drop
175,キングスライム,キングブレード,両手剣,50,has_drop
199,ダッシュラン,ドラゴンバスター,両手剣,42,has_drop
415,ヘルカッチャ,ドラゴンバスター,両手剣,42,has_drop
156,じごくのハサミ,デーモンバスター,両手剣,42,has_drop
797,プラチナミミック,プラチナブレード,両手剣,42,has_drop
,,斬夜の太刀,両手剣,35,none
140,モコフル,クレセントエッジ,両手剣,35,has_drop
851,ユキフル,クレセントエッジ,両手剣,35,has_drop
178,ブラッドソード,ブラッドエッジ,両手剣,35,has_drop
,,退魔の太刀,両手剣,28,none
165,デッドペッカー,はがねの大剣,両手剣,28,has_drop
71,ぐんたいガニ,おおばさみ,両手剣,21,has_drop
838,アメジストクラブ,おおばさみ,両手剣,21,has_drop
,,シャドウエッジ,両手剣,21,none
53,しびれだんびら,ビッグブレードII,両手剣,14,has_drop
,,てつの大剣,両手剣,14,none
20,スライムつむり,ビッグブレード,両手剣,7,has_drop
820,つむりんママ,ビッグブレード,両手剣,7,has_drop
,,せいどうの大剣,両手剣,7,none
,,どうの大剣,両手剣,1,none
,,影星の短刀,短剣,132,none
700,ミーラカンス,晴蒼の短剣,短剣,130,has_drop
700,ミーラカンス,ジェミニダガー,短剣,128,has_drop
598,蒼炎の使徒,ヴェーレダガー,短剣,125,has_drop
598,蒼炎の使徒,セーラスダガー,短剣,120,has_drop
610,まんじゅシャモン,エレガントポイズン,短剣,118,has_drop
624,きりさきピエロ・強,輝天のナイフ,短剣,115,has_drop
410,バブルスライム・強,ファントムダガー,短剣,110,has_drop
498,ポイズントリル・強,ファントムダガー,短剣,110,has_drop
610,まんじゅシャモン,ファントムダガー,短剣,110,has_drop
744,死のさそり,ファントムダガー,短剣,110,has_drop
728,ビッグファング,ワイルドファング,短剣,108,has_drop
478,ベノムピード,クレセントダガー,短剣,105,has_drop
530,おおさそり,クレセントダガー,短剣,105,has_drop
624,きりさきピエロ・強,クレセントダガー,短剣,105,has_drop
410,バブルスライム・強,グラフィアス,短剣,100,has_drop
478,ベノムピード,グラフィアス,短剣,100,has_drop
498,ポイズントリル・強,グラフィアス,短剣,100,has_drop
744,死のさそり,グラフィアス,短剣,100,has_drop
405,さそりばち・強,神域の短剣,短剣,99,has_drop
464,ダーティードール,神域の短剣,短剣,99,has_drop
530,おおさそり,神域の短剣,短剣,99,has_drop
484,ダークキャンドル,ガテリアの宝剣,短剣,96,has_drop
377,サンダーシャウト,トールナイフ,短剣,93,has_drop
410,バブルスライム・強,天河のジャンビーヤ,短剣,90,has_drop
498,ポイズントリル・強,天河のジャンビーヤ,短剣,90,has_drop
413,とげジョボー,エンシェントククリ,短剣,85,has_drop
243,ニードルマン,クリスタルエッジ,短剣,80,has_drop
,,ポイズンスケイル,短剣,80,none
377,サンダーシャウト,ライトニングダガー,短剣,75,has_drop
576,キラーマシン２,聖王のナイフ,短剣,70,has_drop
775,キラーマシン・強,聖王のナイフ,短剣,70,has_drop
,,サウザンドダガー,短剣,65,none
,,こがらしのダガー,短剣,60,none
,,ファルコンダガー,短剣,60,none
241,ベビーサラマンダ,サラマンダー,短剣,50,has_drop
301,キラージャック,王家のナイフ,短剣,50,has_drop
200,キラービー,ブラッドピック,短剣,42,has_drop
173,きりさきピエロ,グラディウス,短剣,42,has_drop
230,ブリザード,こおりのやいば,短剣,42,has_drop
,,ソードブレイカー,短剣,35,none
192,イーブルフライ,よるのパピヨン,短剣,35,has_drop
316,キラーマシン,キラーピアス,短剣,35,has_drop
884,タイプＧ,キラーピアス,短剣,35,has_drop
96,ランドンクイナ,イーグルダガー,短剣,28,has_drop
,,こあくまのナイフ,短剣,28,none
200,キラービー,どくばり,短剣,21,has_drop
858,ミノカサハギン,どくばり,短剣,21,has_drop
85,ともしびこぞう,ぎんの短剣,短剣,21,has_drop
73,ハンターフライ,アサシンダガー,短剣,14,has_drop
338,アサシンブラッド,アサシンダガー,短剣,14,has_drop
81,カメレオンマン,シーブスナイフ,短剣,14,has_drop
817,ローヤルさそりばち,シーブスナイフ,短剣,14,has_drop
23,バブルスライム,どくがのナイフ,短剣,7,has_drop
32,どくイモムシ,どくがのナイフ,短剣,7,has_drop
10,さそりばち,聖なるナイフ,短剣,7,has_drop
1,スライム,ブロンズナイフ,短剣,1,has_drop
2,スライムベス,ブロンズナイフ,短剣,1,has_drop
,,ピュアリィタクト,スティック,132,none
771,りゅうぐう王・塔,天象のスティック,スティック,130,has_drop
685,モーモン・祖,ルーナステッキ,スティック,128,has_drop
685,モーモン・祖,ひつじ雲スティック,スティック,125,has_drop
685,モーモン・祖,セーラススティック,スティック,120,has_drop
658,ゴルゴンゾーラ,祈星のスティック,スティック,118,has_drop
649,わかめ王子・強,輝天のスティック,スティック,115,has_drop
658,ゴルゴンゾーラ,輝天のスティック,スティック,115,has_drop
421,プチアーノン・強,エイルのスティック,スティック,110,has_drop
649,わかめ王子・強,エイルのスティック,スティック,110,has_drop
593,ピンキーマッシュ,ピンキーエッグ,スティック,108,has_drop
649,わかめ王子・強,ピンキーエッグ,スティック,108,has_drop
654,フォンデュ・強,シビュラスティック,スティック,105,has_drop
421,プチアーノン・強,ルネッサンステッキ,スティック,100,has_drop
654,フォンデュ・強,ルネッサンステッキ,スティック,100,has_drop
353,なげきムーン,双月のスティック,スティック,99,has_drop
886,ゴールデンディスコ,双月のスティック,スティック,99,has_drop
331,フラワーゾンビ,バージニアステッキ,スティック,96,has_drop
,,リトルフェザー,スティック,93,none
220,わかめ王子,栄華の王錫,スティック,90,has_drop
362,こんぶ大将,エンシェントタクト,スティック,85,has_drop
887,とろろ将軍,エンシェントタクト,スティック,85,has_drop
369,アモデウス,ラクリマタクト,スティック,80,has_drop
888,まかいしつじ,ラクリマタクト,スティック,80,has_drop
,,ファンタスティック,スティック,80,none
,,ひかりのタクト,スティック,75,none
,,聖王のスティック,スティック,70,none
730,デスマドモアゼル,タイタニアステッキ,スティック,65,has_drop
,,ゴシックパラソル,スティック,60,none
,,あくまのタクト,スティック,60,none
231,ヘルコンダクター,天使のタクト,スティック,50,has_drop
139,ケセランパセラン,ユグドラシル,スティック,50,has_drop
262,ヘルボックル,ユグドラシル,スティック,50,has_drop
,,ドラゴンスティック,スティック,42,none
,,パラソルスティック,スティック,42,none
901,パンプキャビネット,ペロリンステッキ,スティック,42,has_drop
170,マポレーナ,マポレーナステッキ,スティック,35,has_drop
,,マジカルスティック,スティック,35,none
190,ドロヌーバ,まてきのスティック,スティック,35,has_drop
857,チョコヌーバ,まてきのスティック,スティック,35,has_drop
87,スライムタワー,スラタワーステッキ,スティック,28,has_drop
837,ももいろ三姉妹,スラタワーステッキ,スティック,28,has_drop
148,ひとつめピエロ,ラブリースティック,スティック,28,has_drop
99,だいおうキッズ,フェザースティック,スティック,21,has_drop
123,マジックフライ,フェザースティック,スティック,21,has_drop
843,クラゲぼうや,フェザースティック,スティック,21,has_drop
7,モーモン,モーモンスティック,スティック,21,has_drop
112,デスマエストロ,ツインクルタクト,スティック,14,has_drop
,,スライムステッキ,スティック,14,none
22,みならいあくま,フラワースティック,スティック,7,has_drop
16,プチアーノン,ピンスティック,スティック,7,has_drop
11,ドラキー,ローリエの小枝,スティック,1,has_drop
,,妖夢の杖,杖,132,none
770,ノーライフロード,プリエールの杖,杖,130,has_drop
770,ノーライフロード,ソールワンド,杖,128,has_drop
770,ノーライフロード,アリエススタッフ,杖,125,has_drop
585,ツイストサイダー,セーラスワンド,杖,120,has_drop
585,ツイストサイダー,ブルームワンド,杖,118,has_drop
585,ツイストサイダー,輝天の杖,杖,115,has_drop
411,ねこまどう・強,輝天の杖,杖,115,has_drop
640,疾風テング,輝天の杖,杖,115,has_drop
411,ねこまどう・強,征魔の黒杖,杖,110,has_drop
505,ロードコープス,征魔の黒杖,杖,110,has_drop
640,疾風テング,征魔の黒杖,杖,110,has_drop
647,ジャンボドラキー,征魔の黒杖,杖,110,has_drop
411,ねこまどう・強,セレニティワンド,杖,108,has_drop
505,ロードコープス,セレニティワンド,杖,108,has_drop
647,ジャンボドラキー,セレニティワンド,杖,108,has_drop
422,ドルイド,ミネルバの聖杖,杖,105,has_drop
609,じんめんじゅ・強,ミネルバの聖杖,杖,105,has_drop
406,ドラキー・強,黄昏の魔杖,杖,100,has_drop
422,ドルイド,黄昏の魔杖,杖,100,has_drop
609,じんめんじゅ・強,黄昏の魔杖,杖,100,has_drop
406,ドラキー・強,神域の杖,杖,99,has_drop
422,ドルイド,神域の杖,杖,99,has_drop
450,エルダーフレイム,天恵石の杖,杖,96,has_drop
424,エルダードラゴン,エンシェントワンド,杖,93,has_drop
450,エルダーフレイム,エンシェントワンド,杖,93,has_drop
,,邪術皇の杖,杖,90,none
441,きめんどうし,万物流転の杖,杖,85,has_drop
428,なげきの亡霊,不死者の魔杖,杖,80,has_drop
,,イーリスの杖,杖,80,none
,,ひかりの杖,杖,75,none
255,ワイトキング,聖王の杖,杖,70,has_drop
,,ドラゴンの杖,杖,65,none
,,女神の杖,杖,60,none
,,賢者の杖,杖,60,none
266,バルバロッサ,アークワンド,杖,50,has_drop
270,ダークペルシャ,福音の杖,杖,50,has_drop
,,まがんの杖,杖,42,none
,,セイレーンの杖,杖,42,none
230,ブリザード,こおりの杖,杖,42,has_drop
,,せいれいの杖,杖,35,none
122,ベンガルクーン,ルーンスタッフ,杖,35,has_drop
267,マグマロン,マグマの杖,杖,35,has_drop
824,ようがんトーチ,マグマの杖,杖,35,has_drop
129,メイジキメラ,ピオラの杖,杖,28,has_drop
143,メトロゴースト,いかずちの杖,杖,28,has_drop
111,ベビーマジシャン,ようせいの杖,杖,21,has_drop
84,ジャガーメイジ,うみなりの杖,杖,21,has_drop
52,メイジドラキー,まふうじの杖,杖,14,has_drop
70,グレムリン,あまぐもの杖,杖,14,has_drop
4,ビッグハット,さばきの杖,杖,7,has_drop
12,メラゴースト,まどうしの杖,杖,7,has_drop
17,ねこまどう,まどうしの杖,杖,7,has_drop
821,ミケまどう,まどうしの杖,杖,7,has_drop
11,ドラキー,かしの杖,杖,1,has_drop
,,ミカヅチのやり,ヤリ,132,none
727,とっしんこぞう,クロワランス,ヤリ,130,has_drop
727,とっしんこぞう,ボーライドスピアー,ヤリ,128,has_drop
713,ズッキーニャ・祖,カプリコルランス,ヤリ,125,has_drop
713,ズッキーニャ・祖,セーラスランス,ヤリ,120,has_drop
774,ジア・デーモン,不死鳥のやり,ヤリ,118,has_drop
574,ズッキーニャ,輝天のやり,ヤリ,115,has_drop
931,アークデーモン,輝天のやり,ヤリ,115,has_drop
774,ジア・デーモン,輝天のやり,ヤリ,115,has_drop
897,デザートデーモン,輝天のやり,ヤリ,115,has_drop
574,ズッキーニャ,クアドラピアー,ヤリ,110,has_drop
931,アークデーモン,クアドラピアー,ヤリ,110,has_drop
897,デザートデーモン,クアドラピアー,ヤリ,110,has_drop
574,ズッキーニャ,オウマガトキ,ヤリ,108,has_drop
931,アークデーモン,オウマガトキ,ヤリ,108,has_drop
897,デザートデーモン,オウマガトキ,ヤリ,108,has_drop
613,オーク・強,デンジャーランス,ヤリ,105,has_drop
648,グレイトマーマン,デンジャーランス,ヤリ,105,has_drop
402,いっかくウサギ・強,星石のハルバード,ヤリ,100,has_drop
648,グレイトマーマン,星石のハルバード,ヤリ,100,has_drop
481,ブラックベジター,神域のやり,ヤリ,99,has_drop
550,オークィーン,神域のやり,ヤリ,99,has_drop
391,ヒョウモンダーク,轟雷のやり,ヤリ,96,has_drop
,,ガブリエルのやり,ヤリ,93,none
,,タワーランス,ヤリ,90,none
,,大鳳のやり,ヤリ,85,none
490,フラッペリン,アテナの聖槍,ヤリ,80,has_drop
407,ぶっちズキーニャ,ブラッドスピアー,ヤリ,80,has_drop
239,つかいま,セラフィムのやり,ヤリ,75,has_drop
285,オークキング,聖王のやり,ヤリ,70,has_drop
152,からくりだいみょう,きしんのまそう,ヤリ,65,has_drop
274,ベビーサタン,きしんのまそう,ヤリ,65,has_drop
1805,ベビンゴサタン,きしんのまそう,ヤリ,65,has_drop
,,聖騎士のやり,ヤリ,60,none
218,メタルハンター,メタスラのやり,ヤリ,60,has_drop
296,からくりしょうぐん,オセアノススピア,ヤリ,50,has_drop
188,エビルチクリン,えいゆうのやり,ヤリ,50,has_drop
226,アサシンエミュー,デーモンスピア,ヤリ,42,has_drop
350,ミニデーモン,デーモンスピア,ヤリ,42,has_drop
235,サンダーフロッグ,らいじんのやり,ヤリ,42,has_drop
224,ゴールドオーク,プラチナのやり,ヤリ,42,has_drop
155,タコメット,グラコスのやり,ヤリ,35,has_drop
,,さじんのやり,ヤリ,35,none
124,とうろうへい,パルチザン,ヤリ,35,has_drop
235,サンダーフロッグ,いなずまのやり,ヤリ,28,has_drop
145,オーク,はがねのやり,ヤリ,28,has_drop
79,デビルスノー,バトルフォーク,ヤリ,21,has_drop
,,ホーリーランス,ヤリ,21,none
,,近衛兵のやり,ヤリ,14,none
48,アルミラージ,てつのやり,ヤリ,14,has_drop
835,ゴールデンコーン,てつのやり,ヤリ,14,has_drop
8,いっかくウサギ,ロングスピア,ヤリ,7,has_drop
42,さまようたましい,せいどうのやり,ヤリ,7,has_drop
66,たけやりへい,たけやり,ヤリ,1,has_drop
,,守護竜のつるぎ,片手剣,132,none
666,ホークマン・塔,レオンソード,片手剣,130,has_drop
725,モノクロームナイト,不浄の滅剣,片手剣,128,has_drop
758,がいこつ・祖,コメットソード,片手剣,125,has_drop
758,がいこつ・祖,セーラスソード,片手剣,120,has_drop
799,デンガー,妖精の剣,片手剣,118,has_drop
657,ホークマン・強,輝天のつるぎ,片手剣,115,has_drop
799,デンガー,輝天のつるぎ,片手剣,115,has_drop
565,さんぞくウルフ・強,鳴神のつるぎ,片手剣,110,has_drop
778,まおうのつかい・強,鳴神のつるぎ,片手剣,110,has_drop
565,さんぞくウルフ・強,デッドリーソード,片手剣,108,has_drop
657,ホークマン・強,デッドリーソード,片手剣,108,has_drop
329,イーグルデビル,呪印のつるぎ,片手剣,105,has_drop
487,コンキスタグール,呪印のつるぎ,片手剣,105,has_drop
616,がいこつ・強,呪印のつるぎ,片手剣,105,has_drop
329,イーグルデビル,邪紋のつるぎ,片手剣,100,has_drop
443,アッシュリザード,邪紋のつるぎ,片手剣,100,has_drop
487,コンキスタグール,邪紋のつるぎ,片手剣,100,has_drop
616,がいこつ・強,邪紋のつるぎ,片手剣,100,has_drop
329,イーグルデビル,アカシックソード,片手剣,99,has_drop
443,アッシュリザード,アカシックソード,片手剣,99,has_drop
487,コンキスタグール,アカシックソード,片手剣,99,has_drop
514,ガネーシャエビル,天恵石のつるぎ,片手剣,96,has_drop
,,セイクリッドソード,片手剣,93,none
576,キラーマシン２,はやぶさの剣改,片手剣,90,has_drop
775,キラーマシン・強,はやぶさの剣改,片手剣,90,has_drop
358,ソードフライヤー,戦姫のレイピア,片手剣,85,has_drop
294,ガーゴイル,天命のつるぎ,片手剣,80,has_drop
348,悪鬼丸,名刀　斬鉄丸,片手剣,80,has_drop
905,ネリもののふ,名刀　斬鉄丸,片手剣,80,has_drop
377,サンダーシャウト,ライトニングソード,片手剣,75,has_drop
899,キングエレファント,聖王のつるぎ,片手剣,70,has_drop
233,ホークマン,ほしくずのつるぎ,片手剣,65,has_drop
866,死のカラステング,ほしくずのつるぎ,片手剣,65,has_drop
249,ダークナイト,オニキスの魔剣,片手剣,60,has_drop
218,メタルハンター,メタスラの剣,片手剣,60,has_drop
115,フレイム,ほのおのつるぎ,片手剣,50,has_drop
213,キラートーチ,ほのおのつるぎ,片手剣,50,has_drop
264,かげのきし,きせきのつるぎ,片手剣,50,has_drop
198,りゅうき兵,ドラゴンキラー,片手剣,42,has_drop
415,ヘルカッチャ,ドラゴンキラー,片手剣,42,has_drop
297,ボーンファイター,ゾンビキラー,片手剣,42,has_drop
870,アスラ王,ゾンビキラー,片手剣,42,has_drop
193,バイキングソウル,まけんしのレイピア,片手剣,42,has_drop
797,プラチナミミック,プラチナソード,片手剣,42,has_drop
,,はじゃのつるぎ,片手剣,35,none
144,ぼうれい剣士,戦士の剣,片手剣,35,has_drop
316,キラーマシン,はやぶさの剣,片手剣,35,has_drop
884,タイプＧ,はやぶさの剣,片手剣,35,has_drop
157,サマーウルフ,ウェスタンレイピア,片手剣,28,has_drop
153,がいこつ,はがねのつるぎ,片手剣,28,has_drop
86,スライムナイト,バスタードソード,片手剣,21,has_drop
840,ハートナイト,バスタードソード,片手剣,21,has_drop
282,シルバーマント,ぎんのレイピア,片手剣,21,has_drop
873,ゴールドマント,ぎんのレイピア,片手剣,21,has_drop
103,さんぞくウルフ,さんぞくのサーベル,片手剣,14,has_drop
565,さんぞくウルフ・強,さんぞくのサーベル,片手剣,14,has_drop
104,シードッグ,てつのつるぎ,片手剣,14,has_drop
19,ゴースト,レイピア,片手剣,7,has_drop
26,おばけキャンドル,レイピア,片手剣,7,has_drop
34,おにこぞう,レイピア,片手剣,7,has_drop
827,キョンシーゴースト,レイピア,片手剣,7,has_drop
,,せいどうのつるぎ,片手剣,7,none
1,スライム,どうのつるぎ,片手剣,1,has_drop
2,スライムベス,どうのつるぎ,片手剣,1,has_drop
,,セレーネアックス,オノ,132,none
701,てっこうまじん・祖,一刀星断,オノ,130,has_drop
701,てっこうまじん・祖,レラージェアックス,オノ,128,has_drop
557,サイおとこ・強,残月の玉斧,オノ,125,has_drop
557,サイおとこ・強,セーラスアックス,オノ,120,has_drop
557,サイおとこ・強,翼神のオノ,オノ,118,has_drop
611,シルバリヌス,輝天のオノ,オノ,115,has_drop
611,シルバリヌス,エキサイトアクス,オノ,110,has_drop
395,アックスドラゴン,破天の麗斧,オノ,108,has_drop
540,ドラゴンソルジャー,戦乱のオノ,オノ,105,has_drop
540,ドラゴンソルジャー,ボルテージアックス,オノ,100,has_drop
395,アックスドラゴン,神域のオノ,オノ,99,has_drop
578,エメラルドーン,ガイアのオノ,オノ,96,has_drop
,,ヘカトンケイル,オノ,93,none
,,イビルアックス,オノ,90,none
488,セルゲイナス,グローリーアックス,オノ,85,has_drop
525,ブルサベージ,グローリーアックス,オノ,85,has_drop
896,アスタロト,グローリーアックス,オノ,85,has_drop
507,ブリザードマン,ヴァランガアックス,オノ,80,has_drop
456,ずしおうまる,デュークアックス,オノ,80,has_drop
449,ほのおのせんし,アポロンのオノ,オノ,75,has_drop
291,ライノスキング,聖王のオノ,オノ,70,has_drop
513,ヒッポキング,聖王のオノ,オノ,70,has_drop
312,バトルレックス,ふんさいのおおなた,オノ,65,has_drop
393,カバリアー,ふんさいのおおなた,オノ,65,has_drop
,,グレートアックス,オノ,60,none
,,はしゃのオノ,オノ,60,none
580,デスロマニズム,デストロイヤー,オノ,50,has_drop
401,ヒポせんし,カイザーアックス,オノ,50,has_drop
371,せつげんりゅう,ふぶきのオノ,オノ,42,has_drop
225,ライノソルジャー,シャーマンアックス,オノ,42,has_drop
217,きせいじゅ,エクリプスアックス,オノ,42,has_drop
175,キングスライム,キングアックス,オノ,35,has_drop
168,マザーウッド,たつじんのオノ,オノ,35,has_drop
138,じんめんじゅ,ムーンアックス,オノ,35,has_drop
852,ちょうろうじゅ,ムーンアックス,オノ,35,has_drop
,,カルサドラアックス,オノ,28,none
130,ウッディアイ,はがねのオノ,オノ,28,has_drop
126,イエティ,バトルアックス,オノ,21,has_drop
324,シルバーデビル,シルバーアックス,オノ,21,has_drop
885,デビルロード,シルバーアックス,オノ,21,has_drop
56,ふゆうじゅ,ライトアックス,オノ,14,has_drop
100,サイおとこ,てつのオノ,オノ,14,has_drop
103,さんぞくウルフ,さんぞくのオノ,オノ,7,has_drop
18,オニオーン,せいどうのオノ,オノ,7,has_drop
27,ホイップゴースト,せいどうのオノ,オノ,7,has_drop
,,どうのオノ,オノ,1,none
,,セイントロッド,棍,132,none
800,ジラフドラグーン,ライブラロッド,棍,130,has_drop
800,ジラフドラグーン,クリナップロッド,棍,128,has_drop
761,堕天のメイス,ヘナトライロッド,棍,125,has_drop
612,岩のり童子,セーラスロッド,棍,120,has_drop
612,岩のり童子,サターンロッド,棍,118,has_drop
528,原罪のやどりぎ,輝天のこん,棍,115,has_drop
612,岩のり童子,輝天のこん,棍,115,has_drop
793,闇のキリンジ,ローズロッド,棍,110,has_drop
528,原罪のやどりぎ,氷獄鬼のこん,棍,108,has_drop
555,くびなが大師,氷獄鬼のこん,棍,108,has_drop
501,ジラフマスター,雷光のこん,棍,105,has_drop
893,ジラフシスター,雷光のこん,棍,105,has_drop
501,ジラフマスター,クリティカルロッド,棍,100,has_drop
564,アバランチャー,クリティカルロッド,棍,100,has_drop
893,ジラフシスター,クリティカルロッド,棍,100,has_drop
394,いたずらもぐら・強,金剛のこん,棍,99,has_drop
564,アバランチャー,金剛のこん,棍,99,has_drop
507,ブリザードマン,氷河のこん,棍,96,has_drop
555,くびなが大師,氷河のこん,棍,96,has_drop
547,ばくだんサーカス,ヘリオスロッド,棍,93,has_drop
,,極楽のこん,棍,90,none
400,ブランマトック,ポップンロッド,棍,85,has_drop
506,しのどれい・強,アポカリプス,棍,80,has_drop
581,マジックデモニスム,デーモンロッド,棍,80,has_drop
436,エビルトレント,陰陽道のこん,棍,75,has_drop
334,フォレストドラゴ,聖王のこん,棍,70,has_drop
334,フォレストドラゴ,シェンロンロッド,棍,65,has_drop
,,しゅらのこん,棍,60,none
,,なげきのこん,棍,60,none
196,えんまのつかい,白蛇のこん,棍,50,has_drop
286,ウドラー,白蛇のこん,棍,50,has_drop
250,リュウイーソー,にちりんのこん,棍,50,has_drop
133,コトブキーノ,ドラゴンロッド,棍,42,has_drop
186,バサラーナ,やしゃのこん,棍,42,has_drop
1806,ボーンプリズナー,ろうがぼう,棍,42,has_drop
184,どれいへいし,らせつのこん,棍,35,has_drop
166,まだらイチョウ,レイニーロッド,棍,35,has_drop
,,クラッシュロッド,棍,35,none
,,まどろみのこん,棍,28,none
136,アロエおに,スパイクロッド,棍,28,has_drop
67,しのどれい,セレモニーロッド,棍,21,has_drop
93,あおだけ童子,えんぶのこん,棍,21,has_drop
40,もみじこぞう,六角ぼう,棍,14,has_drop
828,さくらこぞう,六角ぼう,棍,14,has_drop
,,ぎょうじゃのこん,棍,14,none
9,ファーラット,てんびんぼう,棍,7,has_drop
3,いたずらもぐら,かしのこん,棍,7,has_drop
21,キラースコップ,かしのこん,棍,7,has_drop
822,キラーピッケル,かしのこん,棍,7,has_drop
1,スライム,ものほしざお,棍,1,has_drop
2,スライムベス,ものほしざお,棍,1,has_drop
,,呪星のツメ,ツメ,132,none
762,ダースリカント,キャンサークロー,ツメ,130,has_drop
762,ダースリカント,機殴竜殺,ツメ,128,has_drop
762,ダースリカント,オフビートクロー,ツメ,125,has_drop
651,ドラグノワール,セーラスクロー,ツメ,120,has_drop
651,ドラグノワール,ゴッドクロー,ツメ,118,has_drop
651,ドラグノワール,輝天のツメ,ツメ,115,has_drop
669,マーブルヴォルク,輝天のツメ,ツメ,115,has_drop
717,ホワイトパンサー,輝天のツメ,ツメ,115,has_drop
643,ドラゴンキッズ・強,ドラゴンクロー絶,ツメ,110,has_drop
772,キングリザード・強,ドラゴンクロー絶,ツメ,110,has_drop
795,ドラゴンゾンビ・強,ドラゴンクロー絶,ツメ,110,has_drop
643,ドラゴンキッズ・強,呪眼のツメ,ツメ,108,has_drop
669,マーブルヴォルク,呪眼のツメ,ツメ,108,has_drop
717,ホワイトパンサー,呪眼のツメ,ツメ,108,has_drop
571,プリズニャン・強,ルーンクラブクロー,ツメ,105,has_drop
594,シルバーベア,ルーンクラブクロー,ツメ,105,has_drop
643,ドラゴンキッズ・強,ルーンクラブクロー,ツメ,105,has_drop
571,プリズニャン・強,断罪のジャマダハル,ツメ,100,has_drop
594,シルバーベア,断罪のジャマダハル,ツメ,100,has_drop
671,カイザードラゴン,断罪のジャマダハル,ツメ,100,has_drop
519,バジリスケイル,疾風のジャマダハル,ツメ,99,has_drop
570,ごうけつぐま,疾風のジャマダハル,ツメ,99,has_drop
571,プリズニャン・強,疾風のジャマダハル,ツメ,99,has_drop
904,あらくれパンダ,疾風のジャマダハル,ツメ,99,has_drop
628,キングリザード,ドラゴンクロー改,ツメ,96,has_drop
772,キングリザード・強,ドラゴンクロー改,ツメ,96,has_drop
304,キラーパンサー,ケイオスネイル,ツメ,93,has_drop
519,バジリスケイル,ケイオスネイル,ツメ,93,has_drop
570,ごうけつぐま,ケイオスネイル,ツメ,93,has_drop
883,ピンキーパンサー,ケイオスネイル,ツメ,93,has_drop
904,あらくれパンダ,ケイオスネイル,ツメ,93,has_drop
1023,異形獣,マガツ鳥のツメ,ツメ,90,has_drop
304,キラーパンサー,エンシェントクロー,ツメ,85,has_drop
883,ピンキーパンサー,エンシェントクロー,ツメ,85,has_drop
598,蒼炎の使徒,蒼炎のツメ,ツメ,80,has_drop
889,キャプテンドラゴ,キャプテンクロー,ツメ,80,has_drop
376,ファンキードラゴ,クリスタルクロー,ツメ,75,has_drop
,,聖王のツメ,ツメ,70,none
,,竜王のツメ,ツメ,65,none
730,デスマドモアゼル,冥獣のツメ,ツメ,60,has_drop
,,ファルコンクロー,ツメ,60,none
333,ヘルシーサー,まじゅうのツメ,ツメ,50,has_drop
118,ベビーニュート,古武道のツメ,ツメ,50,has_drop
204,ドラゴンキッズ,ドラゴンクロー,ツメ,42,has_drop
861,リトルライバーン,ドラゴンクロー,ツメ,42,has_drop
,,あくまのツメ,ツメ,42,none
252,アサシンクロー,プラチナクロー,ツメ,42,has_drop
245,スクラッチャー,こおりのツメ,ツメ,35,has_drop
115,フレイム,ほのおのツメ,ツメ,35,has_drop
284,フレイムドック,ほのおのツメ,ツメ,35,has_drop
191,ネイルビースト,はやぶさのツメ,ツメ,35,has_drop
381,ダークパンサー,黒ヒョウのツメ,ツメ,28,has_drop
91,ピンクモーモン,はがねのツメ,ツメ,28,has_drop
134,ベロニャーゴ,はがねのツメ,ツメ,28,has_drop
110,プリズニャン,こあくまネイル,ツメ,21,has_drop
113,イエローシックル,シルバークロー,ツメ,21,has_drop
324,シルバーデビル,シルバークロー,ツメ,21,has_drop
885,デビルロード,シルバークロー,ツメ,21,has_drop
72,あばれこまいぬ,まよけのツメ,ツメ,14,has_drop
,,てつのツメ,ツメ,14,none
13,しましまキャット,キャットクロー,ツメ,7,has_drop
823,マーブルン,キャットクロー,ツメ,7,has_drop
36,つちわらし,せいどうのツメ,ツメ,7,has_drop
,,どうのツメ,ツメ,1,none
,,ミスティカルソーン,ムチ,132,none
668,大王イカ・塔,グリンガムのムチ,ムチ,130,has_drop
746,ブラッディ・ゼア,星喰いの毒蛇,ムチ,128,has_drop
746,ブラッディ・ゼア,モアクラッシュ,ムチ,125,has_drop
746,ブラッディ・ゼア,セーラスウィップ,ムチ,120,has_drop
562,ジア・メーダ,ローズソーン,ムチ,118,has_drop
562,ジア・メーダ,輝天のムチ,ムチ,115,has_drop
595,オベルジーヌ,輝天のムチ,ムチ,115,has_drop
599,あらなわ明神,輝天のムチ,ムチ,115,has_drop
435,メーダ・強,クラッシュチェーン,ムチ,110,has_drop
659,ファラリスブル,クラッシュチェーン,ムチ,110,has_drop
731,クラーゴン,クラッシュチェーン,ムチ,110,has_drop
435,メーダ・強,妖蛇のムチ,ムチ,108,has_drop
595,オベルジーヌ,妖蛇のムチ,ムチ,108,has_drop
731,クラーゴン,妖蛇のムチ,ムチ,108,has_drop
435,メーダ・強,魔石球のムチ,ムチ,105,has_drop
659,ファラリスブル,魔石球のムチ,ムチ,105,has_drop
665,大王イカ,金剛のムチ,ムチ,100,has_drop
659,ファラリスブル,大獄獣のムチ,ムチ,99,has_drop
711,テンタクルス,大獄獣のムチ,ムチ,99,has_drop
290,コスモスライム,アステルウィップ,ムチ,96,has_drop
423,レジェンドホース,ボルケーノウィップ,ムチ,93,has_drop
392,スライム・強,スライムウィップ,ムチ,90,has_drop
423,レジェンドホース,クロスペンデュラム,ムチ,85,has_drop
605,ネクロバルサ,ヴォイドアンカー,ムチ,80,has_drop
507,ブリザードマン,フリーズウィップ,ムチ,80,has_drop
314,やみしばり,トライデントテイル,ムチ,75,has_drop
878,ゴーストベリー,トライデントテイル,ムチ,75,has_drop
,,聖王のムチ,ムチ,70,none
730,デスマドモアゼル,魔神のムチ,ムチ,65,has_drop
512,クイーンスライム,女王のムチ,ムチ,60,has_drop
841,クイーンモーモン,女王のムチ,ムチ,60,has_drop
,,サーペントウィップ,ムチ,60,none
120,ベロベロ,カルベロビュート,ムチ,50,has_drop
185,スモールグール,あくまのムチ,ムチ,50,has_drop
,,ドラゴンテイル,ムチ,42,none
,,バスターウィップ,ムチ,42,none
163,メーダクイン,スコーピオンテイル,ムチ,42,has_drop
854,メーダプリンス,スコーピオンテイル,ムチ,42,has_drop
,,サイドワインダー,ムチ,35,none
177,じごくのたまねぎ,ビーストウィップ,ムチ,35,has_drop
135,ブルベリーノ,みわくのリボン,ムチ,35,has_drop
,,パイソンウィップ,ムチ,28,none
95,メーダロード,はがねのムチ,ムチ,28,has_drop
,,モーニングスター,ムチ,21,none
107,メランザーナ,ローズウィップ,ムチ,21,has_drop
59,しびれくらげ,へびがわのムチ,ムチ,14,has_drop
,,てつのムチ,ムチ,14,none
6,おむつっこり,バトルリボン,ムチ,7,has_drop
28,メーダ,バトルリボン,ムチ,7,has_drop
5,ナスビナーラ,いばらのムチ,ムチ,7,has_drop
819,大ナスビナーラ,いばらのムチ,ムチ,7,has_drop
,,皮のムチ,ムチ,1,none
,,名軍師の羽扇,扇,132,none
698,じんめんちょう,花星のおうぎ,扇,130,has_drop
698,じんめんちょう,おとめの扇,扇,128,has_drop
698,じんめんちょう,星詠みの秘扇,扇,125,has_drop
552,キメラ・強,セーラスファン,扇,120,has_drop
552,キメラ・強,クローリス,扇,118,has_drop
552,キメラ・強,輝天のおうぎ,扇,115,has_drop
608,れんごくまちょう,アロケルのおうぎ,扇,110,has_drop
573,にじくじゃく,黒仙翼のおうぎ,扇,108,has_drop
608,れんごくまちょう,黒仙翼のおうぎ,扇,108,has_drop
532,マッドファルコン,ラクシュミー,扇,105,has_drop
567,プテラノドン・強,ガルーダテンペスト,扇,100,has_drop
567,プテラノドン・強,ブリガンティア,扇,99,has_drop
504,やみのしょくだい,プロセルピナ,扇,96,has_drop
504,やみのしょくだい,妖貴妃のおうぎ,扇,93,has_drop
532,マッドファルコン,妖貴妃のおうぎ,扇,93,has_drop
573,にじくじゃく,孔雀姫のおうぎ,扇,90,has_drop
427,ツイストーチ,ラヴィアンローズ,扇,85,has_drop
863,ローズプリンセス,ラヴィアンローズ,扇,85,has_drop
,,ハルジオン,扇,80,none
366,ミステリピラー,青嵐のおうぎ,扇,80,has_drop
308,エンタシスマン,カレイドスコープ,扇,75,has_drop
876,オリエンタシス,カレイドスコープ,扇,75,has_drop
,,聖王のおうぎ,扇,70,none
,,風林火山,扇,65,none
,,ひっさつのおうぎ,扇,60,none
,,天下泰平,扇,60,none
,,ばしょうせん,扇,50,none
253,かえんムカデ,たいようのおうぎ,扇,50,has_drop
874,マッドレインボー,レインボーファン,扇,42,has_drop
,,月のおうぎ,扇,42,none
244,ましょうぐも,ましょうのおうぎ,扇,42,has_drop
,,マジックファン,扇,35,none
242,スターキメラ,星のおうぎ,扇,35,has_drop
,,へびのおうぎ,扇,35,none
142,ドラキーマ,くじゃくのおうぎ,扇,28,has_drop
,,ネコのおうぎ,扇,28,none
125,キャットフライ,ナナホシのおうぎ,扇,21,has_drop
846,セクシーキャット,ナナホシのおうぎ,扇,21,has_drop
847,プリティフライ,ナナホシのおうぎ,扇,21,has_drop
,,トリのおうぎ,扇,21,none
,,カメのおうぎ,扇,14,none
49,ピッキー,てつのおうぎ,扇,14,has_drop
25,タホドラキー,バトルファン,扇,7,has_drop
14,クックルー,はねおうぎ,扇,7,has_drop
11,ドラキー,白木のおうぎ,扇,1,has_drop
,,ポラリスハンマー,ハンマー,132,none
741,フォレドラ・塔,アメジストライク,ハンマー,130,has_drop
759,くらやみ僧正,ゾークハンマー,ハンマー,128,has_drop
759,くらやみ僧正,タウラスハンマー,ハンマー,125,has_drop
707,ブラウニー・祖,セーラスハンマー,ハンマー,120,has_drop
791,ホワイトジャッジ,疾風怒濤,ハンマー,118,has_drop
791,ホワイトジャッジ,輝天のハンマー,ハンマー,115,has_drop
804,キラーシーカー,輝天のハンマー,ハンマー,115,has_drop
790,ダークトロル,悪魔王の鉄槌,ハンマー,110,has_drop
1227,ギガデーモン,悪魔王の鉄槌,ハンマー,110,has_drop
420,おおきづち・強,ヘビースタンプ,ハンマー,108,has_drop
804,キラーシーカー,ヘビースタンプ,ハンマー,108,has_drop
1227,ギガデーモン,ヘビースタンプ,ハンマー,108,has_drop
781,ギガンテス・強,ディープブルー,ハンマー,105,has_drop
420,おおきづち・強,星球の鉄槌,ハンマー,100,has_drop
627,おにこんぼう,星球の鉄槌,ハンマー,100,has_drop
663,トロルキング,星球の鉄槌,ハンマー,100,has_drop
627,おにこんぼう,神域のハンマー,ハンマー,99,has_drop
1227,ギガデーモン,神域のハンマー,ハンマー,99,has_drop
663,トロルキング,アンタッチャブル,ハンマー,96,has_drop
561,ばくだん岩・強,スカルブレイク,ハンマー,93,has_drop
383,ギガンテス,ギガスクラッパー,ハンマー,90,has_drop
439,ボストロール,魔炎のおおづち,ハンマー,85,has_drop
844,ヒクイナドン,魔炎のおおづち,ハンマー,85,has_drop
,,天使の鉄槌,ハンマー,80,none
397,トロル,バレットハンマー,ハンマー,80,has_drop
342,サイクロプス,大地くだき,ハンマー,75,has_drop
899,キングエレファント,聖王のハンマー,ハンマー,70,has_drop
355,ブラックチャック,まじんのかなづち,ハンマー,65,has_drop
556,メガトンチャンプ,メガトンハンマー,ハンマー,60,has_drop
347,ゴードンヘッド,ゴードンハンマー,ハンマー,60,has_drop
,,きょじんのハンマー,ハンマー,50,none
309,ルバンカ,グレードハンマー,ハンマー,50,has_drop
229,ヒートギズモ,ボルカノハンマー,ハンマー,42,has_drop
206,パペットロープ,ツンドラハンマー,ハンマー,42,has_drop
818,ツンドラキー,ツンドラハンマー,ハンマー,42,has_drop
864,ワイヤーマン,ツンドラハンマー,ハンマー,42,has_drop
,,プラチナハンマー,ハンマー,42,none
227,メガザルロック,マジックトンカチ,ハンマー,35,has_drop
128,スマイルロック,ボーンクラッシャー,ハンマー,35,has_drop
848,のろいの岩,ボーンクラッシャー,ハンマー,35,has_drop
,,おにのかなぼう,ハンマー,35,none
,,バトルスタンパー,ハンマー,28,none
101,ばくだん岩,はがねのかなづち,ハンマー,28,has_drop
69,くみひもこぞう,ウォーハンマー,ハンマー,21,has_drop
,,ぎんのかなづち,ハンマー,21,none
33,ブラウニー,おおかなづち,ハンマー,14,has_drop
829,とげこんぼう,おおかなづち,ハンマー,14,has_drop
,,てつのかなぼう,ハンマー,14,none
,,せいどうのかなづち,ハンマー,7,none
15,おおきづち,おおきづち,ハンマー,7,has_drop
420,おおきづち・強,おおきづち,ハンマー,7,has_drop
898,とうぞくこぞう,こんぼう,ハンマー,1,has_drop
,,クリスターライト,ブーメラン,132,none
752,プリズンイーグル,ピスケスエッジ,ブーメラン,130,has_drop
752,プリズンイーグル,ステラトルネード,ブーメラン,128,has_drop
752,プリズンイーグル,フォーリンスター,ブーメラン,125,has_drop
633,カラポッポ,セーラスエッジ,ブーメラン,120,has_drop
633,カラポッポ,ゴッドスロウ,ブーメラン,118,has_drop
633,カラポッポ,輝天のブーメラン,ブーメラン,115,has_drop
500,おばけヒトデ・強,輝天のブーメラン,ブーメラン,115,has_drop
500,おばけヒトデ・強,ファルコンウィング,ブーメラン,110,has_drop
500,おばけヒトデ・強,希水晶のブーメラン,ブーメラン,108,has_drop
637,スライムエンペラー,希水晶のブーメラン,ブーメラン,108,has_drop
548,キマイラロード,ドラゴンウィング,ブーメラン,105,has_drop
548,キマイラロード,ステラツイスター,ブーメラン,100,has_drop
637,スライムエンペラー,ステラツイスター,ブーメラン,100,has_drop
,,アカシックウィング,ブーメラン,99,none
432,ぶちスライム,エンジェルウィング,ブーメラン,96,has_drop
502,ダークオルニス,黒曜のマンダラ,ブーメラン,93,has_drop
,,ビーナスエッジ,ブーメラン,90,none
471,おおくちばし・強,妖鳥のくちばし,ブーメラン,85,has_drop
483,ダークプラネット,ダークスター,ブーメラン,80,has_drop
,,トライチャクラム,ブーメラン,80,none
313,ホークブリザード,ブルーファルコン,ブーメラン,75,has_drop
,,聖王のブーメラン,ブーメラン,70,none
293,フライングデス,メテオエッジ,ブーメラン,65,has_drop
,,ペンタグラム,ブーメラン,60,none
218,メタルハンター,メタルウィング,ブーメラン,60,has_drop
364,ケツァルコアトルス,サザンクロス,ブーメラン,50,has_drop
279,アイスコンドル,ブラックコンドル,ブーメラン,50,has_drop
115,フレイム,ほのおのブーメラン,ブーメラン,42,has_drop
230,ブリザード,こおりのブーメラン,ブーメラン,42,has_drop
232,チャンプスター,プラチナウィング,ブーメラン,42,has_drop
797,プラチナミミック,プラチナウィング,ブーメラン,42,has_drop
167,マージスター,マジックチャクラム,ブーメラン,35,has_drop
,,ツインスワロー,ブーメラン,35,none
,,ニンジャカッター,ブーメラン,35,none
147,ほねコウモリ,かぜのブーメラン,ブーメラン,28,has_drop
853,ほねリーダー,かぜのブーメラン,ブーメラン,28,has_drop
,,はがねのブーメラン,ブーメラン,28,none
105,プテラノドン,ウイングエッジ,ブーメラン,21,has_drop
94,キャットバット,シルバーサークル,ブーメラン,21,has_drop
324,シルバーデビル,シルバーサークル,ブーメラン,21,has_drop
885,デビルロード,シルバーサークル,ブーメラン,21,has_drop
63,おばけヒトデ,クロスブーメラン,ブーメラン,14,has_drop
89,アイアンクック,アイアンウィング,ブーメラン,14,has_drop
30,ボーンバット,やいばのブーメラン,ブーメラン,7,has_drop
,,ブロンズブーメラン,ブーメラン,7,none
,,かしのブーメラン,ブーメラン,1,none
,,ニンフの妖弓,弓,132,none
699,リリパット・祖,フルムの弓,弓,130,has_drop
699,リリパット・祖,光陰如箭,弓,128,has_drop
699,リリパット・祖,パピルサグの弓,弓,125,has_drop
703,デスクローゼット,セーラスショット,弓,120,has_drop
703,デスクローゼット,ムーンシューター,弓,118,has_drop
459,リリパット・強,輝天の弓,弓,115,has_drop
459,リリパット・強,シェキナーの弓,弓,110,has_drop
646,サイレス・強,シェキナーの弓,弓,110,has_drop
459,リリパット・強,緋赤鳥の弓,弓,108,has_drop
646,サイレス・強,緋赤鳥の弓,弓,108,has_drop
559,カナリアーノ,威光弓,弓,105,has_drop
559,カナリアーノ,イルミンズールの弓,弓,100,has_drop
606,コーラルディモス,イルミンズールの弓,弓,100,has_drop
489,グーシオン,蒼穹の王,弓,99,has_drop
768,キングスライム・強,蒼穹の王,弓,99,has_drop
517,ゲルバトロス,ヒュドラの弓,弓,96,has_drop
429,ベルフェゴル,魔弓サジタリウス,弓,93,has_drop
489,グーシオン,魔弓サジタリウス,弓,93,has_drop
392,スライム・強,スライムショット,弓,90,has_drop
352,れんごくちょう,あやかしの魔弓,弓,85,has_drop
635,オルフェウス,オルフェウスの弓,弓,80,has_drop
,,アンフィスバエナ,弓,80,none
631,パンドラチェスト,オーディーンボウ,弓,75,has_drop
,,聖王の弓,弓,70,none
568,たんすミミック,天使の弓,弓,65,has_drop
,,じごくの弓,弓,60,none
,,バジリスクの弓,弓,60,none
176,エビルホーク,アルテミスの弓,弓,50,has_drop
211,サイレス,ケイロンの弓,弓,50,has_drop
278,ナイトキャット,ナイトスナイパー,弓,42,has_drop
280,ひくいどり,すざくの弓,弓,42,has_drop
,,むげんの弓,弓,42,none
,,月光の弓,弓,35,none
183,デスパロット,白鳥の弓,弓,35,has_drop
,,ゆうわくの弓,弓,35,none
146,たまねぎマン,かぜきりの弓,弓,28,has_drop
,,エロスの弓,弓,28,none
,,こあくまの弓,弓,21,none
,,かりうどの弓,弓,21,none
,,したんの弓,弓,14,none
,,ロングボウ,弓,14,none
,,古木の弓,弓,7,none
,,若木の弓,弓,7,none
,,青竹の弓,弓,1,none
,,レイヴンサイズ,鎌,132,none
739,かまいたち,蛮災の鎌,鎌,130,has_drop
739,かまいたち,スコーピオサイス,鎌,128,has_drop
726,ゆうれい,ウィズダムサイズ,鎌,125,has_drop
726,ゆうれい,セーラスサイズ,鎌,120,has_drop
807,ブラッドエイプス,セーラスサイズ,鎌,120,has_drop
779,ライオネック,神緋の鎌,鎌,118,has_drop
710,ベレス・強,輝天の鎌,鎌,115,has_drop
779,ライオネック,輝天の鎌,鎌,115,has_drop
710,ベレス・強,ビターローズ,鎌,110,has_drop
900,フギンムニン,ビターローズ,鎌,110,has_drop
448,デビルプリンス,サイレントアンガー,鎌,108,has_drop
417,ベレス,ワルキューレ,鎌,105,has_drop
533,おおがらす,ワルキューレ,鎌,105,has_drop
900,フギンムニン,ワルキューレ,鎌,105,has_drop
390,じごくのもんばん,サリエルの大鎌,鎌,100,has_drop
473,しにがみのきし,サリエルの大鎌,鎌,100,has_drop
533,おおがらす,サリエルの大鎌,鎌,100,has_drop
892,しろバラのきし,サリエルの大鎌,鎌,100,has_drop
,,デーモンサイズ,鎌,90,none
,,魔導の鎌,鎌,80,none
,,さばきの鎌,鎌,70,none
582,スーパーダーキズム,ダークサイズ,鎌,60,has_drop
361,ウィングデビル,魔除けの鎌,鎌,50,has_drop
,,輝紋章の盾,小盾,132,none
644,フレイム・塔,プロミネンスの盾,小盾,130,has_drop
757,りゅう兵士,アクエリアスガード,小盾,128,has_drop
757,りゅう兵士,メテオシールド,小盾,125,has_drop
732,ウパソルジャー,プシューケーの盾,小盾,120,has_drop
684,しにがみきぞく・強,りんねの盾,小盾,118,has_drop
684,しにがみきぞく・強,輝天の盾,小盾,115,has_drop
684,しにがみきぞく・強,ミニュアデスの盾,小盾,110,has_drop
538,スライムナイト・強,ブレスガーダー,小盾,108,has_drop
538,スライムナイト・強,ブルバックラー,小盾,105,has_drop
523,ドラポヨロン,鷲王の盾,小盾,100,has_drop
600,メカバーン,鷲王の盾,小盾,100,has_drop
768,キングスライム・強,鷲王の盾,小盾,100,has_drop
523,ドラポヨロン,ブルームシールド,小盾,96,has_drop
600,メカバーン,ブルームシールド,小盾,96,has_drop
534,メタルドラゴン,ドワチャカシールド,小盾,93,has_drop
600,メカバーン,ドワチャカシールド,小盾,93,has_drop
903,ドラゴントイズ,ドワチャカシールド,小盾,93,has_drop
534,メタルドラゴン,星辰の盾,小盾,85,has_drop
903,ドラゴントイズ,星辰の盾,小盾,85,has_drop
,,聖女の盾,小盾,80,none
,,聖王の盾,小盾,70,none
209,メタルライダー,メタスラの盾,小盾,60,has_drop
385,じめじめバブル,ルーンバックラー,小盾,50,has_drop
385,じめじめバブル,みかがみの盾,小盾,50,has_drop
275,ダークポックル,ルフの盾,小盾,42,has_drop
336,しにがみきぞく,オニグモの盾,小盾,42,has_drop
,,プラチナトレイ,小盾,42,none
,,ふうまの盾,小盾,35,none
141,リザードマン,カイトバックラー,小盾,35,has_drop
189,ボーンナイト,まほうの盾,小盾,35,has_drop
,,スライムベストレイ,小盾,28,none
137,ビッグフェイス,ホワイトバックラー,小盾,28,has_drop
43,シールドこぞう,こぞうバックラー,小盾,21,has_drop
832,シールドあにき,こぞうバックラー,小盾,21,has_drop
171,フロストギズモ,シルバートレイ,小盾,21,has_drop
,,スライムトレイ,小盾,14,none
,,ライトバックラー,小盾,14,none
,,せいどうの盾,小盾,7,none
,,うろこの盾,小盾,7,none
,,皮の盾,小盾,1,none
,,神樹の大盾,大盾,132,none
738,てんとうスカラベ,古代鏡の大盾,大盾,130,has_drop
738,てんとうスカラベ,みずがめの大盾,大盾,128,has_drop
738,てんとうスカラベ,天球の大盾,大盾,125,has_drop
805,ドリアンデッド,フォースシールド,大盾,120,has_drop
802,グリーンボーン,守護神の大盾,大盾,118,has_drop
805,ドリアンデッド,守護神の大盾,大盾,118,has_drop
801,ヘルガーディアン,輝天の大盾,大盾,115,has_drop
802,グリーンボーン,輝天の大盾,大盾,115,has_drop
1807,スケアフレイル,不落の大盾,大盾,110,has_drop
796,ダークパラディン,不落の大盾,大盾,110,has_drop
607,リザードマン・強,獅子王の大盾,大盾,108,has_drop
620,たてまじん・強,獅子王の大盾,大盾,108,has_drop
783,デュラハーン,獅子王の大盾,大盾,108,has_drop
1807,スケアフレイル,獅子王の大盾,大盾,108,has_drop
801,ヘルガーディアン,獅子王の大盾,大盾,108,has_drop
509,れんごくの番兵,魔界の大盾,大盾,105,has_drop
623,ソルジャーブル,魔界の大盾,大盾,105,has_drop
783,デュラハーン,魔界の大盾,大盾,105,has_drop
620,たてまじん・強,重装兵の大盾,大盾,100,has_drop
623,ソルジャーブル,重装兵の大盾,大盾,100,has_drop
509,れんごくの番兵,鉄壁の大盾,大盾,99,has_drop
623,ソルジャーブル,鉄壁の大盾,大盾,99,has_drop
509,れんごくの番兵,雷竜の大盾,大盾,96,has_drop
554,オーガキング,風雲の大盾,大盾,93,has_drop
607,リザードマン・強,風雲の大盾,大盾,93,has_drop
751,シャイニング・強,風雲の大盾,大盾,93,has_drop
895,じごくのドアボーイ,風雲の大盾,大盾,93,has_drop
,,シャーマンシールド,大盾,90,none
554,オーガキング,炎帝の大盾,大盾,85,has_drop
620,たてまじん・強,炎帝の大盾,大盾,85,has_drop
751,シャイニング・強,炎帝の大盾,大盾,85,has_drop
895,じごくのドアボーイ,炎帝の大盾,大盾,85,has_drop
378,グレイトライドン,ゼレスタイトの大盾,大盾,80,has_drop
,,ウルベアの大盾,大盾,80,none
,,聖王の大盾,大盾,70,none
311,コスモアイ,邪眼の大盾,大盾,65,has_drop
268,シールドオーガ,オーガシールド,大盾,60,has_drop
554,オーガキング,聖騎士の大盾,大盾,60,has_drop
895,じごくのドアボーイ,聖騎士の大盾,大盾,60,has_drop
321,シュプリンガー,おやぶんの大盾,大盾,50,has_drop
880,アカツキショウグン,おやぶんの大盾,大盾,50,has_drop
,,ドラゴンシールド,大盾,42,none
,,プラチナシールド,大盾,42,none
162,たてまじん,戦士の大盾,大盾,35,has_drop
,,はがねの大盾,大盾,28,none
,,てつの大盾,大盾,14,none
,,かしの大盾,大盾,1,none
